{"type":"FeatureCollection","metadata":{"source":"ČÚZK/DMVS","source_url":"https://dmvs.cuzk.gov.cz/portal/vydej-dat/verejne-datove-sady","license":"CC BY 4.0","license_url":"https://creativecommons.org/licenses/by/4.0/","crs":"EPSG:5514","valid_to":"2026-07-31","retrieved_at":"2026-08-03","object_type":"0100000021","feature_count":688},"features":[{"type":"Feature","id":"64002050000000015","properties":{"id":"64002050000000015","dmvs_type":"0100000021","track_ref":"","popis_objektu":"","year_surveyed":"1982","position_accuracy_class":"9","height_accuracy_class":"9","source_file":"VS_CZ064_MOMC_551252_20260731_DI.jvf.zip"},"geometry":{"type":"LineString","coordinates":[[-594655.61,-1157713.77,223.08],[-594650.48,-1157697.91,223.26],[-594643.65,-1157682.77,223.43]]}},{"type":"Feature","id":"64002050000000114","properties":{"id":"64002050000000114","dmvs_type":"0100000021","track_ref":"","popis_objektu":"","year_surveyed":"1985","position_accuracy_class":"9","height_accuracy_class":"9","source_file":"VS_CZ064_MOMC_551252_20260731_DI.jvf.zip"},"geometry":{"type":"LineString","coordinates":[[-594640.71,-1157680.7,223.47],[-594639.5,-1157676.98,223.51],[-594636.42,-1157667.47,223.62],[-594633.34,-1157657.95,223.72],[-594630.48,-1157649.08,223.82]]}},{"type":"Feature","id":"64002050000000214","properties":{"id":"64002050000000214","dmvs_type":"0100000021","track_ref":"","popis_objektu":"","year_surveyed":"1982","position_accuracy_class":"9","height_accuracy_class":"9","source_file":"VS_CZ064_MOMC_551252_20260731_DI.jvf.zip"},"geometry":{"type":"LineString","coordinates":[[-594672.6,-1157786.42,221.95],[-594670.55,-1157770.03,222.29],[-594666.75,-1157753.81,222.64]]}},{"type":"Feature","id":"64002050000000650","properties":{"id":"64002050000000650","dmvs_type":"0100000021","track_ref":"","popis_objektu":"","year_surveyed":"9999","position_accuracy_class":"9","height_accuracy_class":"9","source_file":"VS_CZ064_MOMC_551252_20260731_DI.jvf.zip"},"geometry":{"type":"LineString","coordinates":[[-594673.89,-1157799.4,222.15],[-594673.19,-1157792.54,221.93],[-594672.6,-1157786.42,221.95]]}},{"type":"Feature","id":"64002050000000834","properties":{"id":"64002050000000834","dmvs_type":"0100000021","track_ref":"","popis_objektu":"","year_surveyed":"9999","position_accuracy_class":"9","height_accuracy_class":"9","source_file":"VS_CZ064_MOMC_551252_20260731_DI.jvf.zip"},"geometry":{"type":"LineString","coordinates":[[-595221.13,-1159155.82,214.41],[-595204.06,-1159138.43,214.94],[-595190.58,-1159123.98,214.26],[-595161.15,-1159091.64,214.18],[-595150.85,-1159078.83,214.94],[-595142.06,-1159066.59,214.94],[-595134.67,-1159055.0,214.02],[-595127.45,-1159042.19,214.94],[-595121.11,-1159029.44,214.94],[-595117.34,-1159021.08,214.06],[-595102.68,-1158988.73,214.17],[-595068.84,-1158915.08,214.47],[-595014.31,-1158796.05,214.92],[-594980.37,-1158722.06,215.0],[-594930.64,-1158613.33,215.32],[-594893.81,-1158533.1,215.63],[-594852.37,-1158442.87,215.9],[-594847.6,-1158432.12,215.9],[-594844.13,-1158424.22,215.93],[-594836.34,-1158405.96,215.93]]}},{"type":"Feature","id":"64002050000001124","properties":{"id":"64002050000001124","dmvs_type":"0100000021","track_ref":"","popis_objektu":"","year_surveyed":"1984","position_accuracy_class":"9","height_accuracy_class":"9","source_file":"VS_CZ064_MOMC_551252_20260731_DI.jvf.zip"},"geometry":{"type":"LineString","coordinates":[[-594766.8,-1158390.24,216.17],[-594766.54,-1158385.91,216.15],[-594765.92,-1158376.38,216.19],[-594765.58,-1158370.36,216.17]]}},{"type":"Feature","id":"64002050000001163","properties":{"id":"64002050000001163","dmvs_type":"0100000021","track_ref":"","popis_objektu":"","year_surveyed":"9999","position_accuracy_class":"9","height_accuracy_class":"9","source_file":"VS_CZ064_MOMC_551252_20260731_DI.jvf.zip"},"geometry":{"type":"LineString","coordinates":[[-594759.09,-1158212.61,217.74],[-594754.72,-1158176.54,218.21],[-594751.76,-1158155.61,218.56],[-594749.92,-1158147.41,218.64],[-594746.25,-1158134.8,218.42],[-594742.6,-1158123.37,218.97]]}},{"type":"Feature","id":"64002050000001226","properties":{"id":"64002050000001226","dmvs_type":"0100000021","track_ref":"","popis_objektu":"","year_surveyed":"9999","position_accuracy_class":"9","height_accuracy_class":"9","source_file":"VS_CZ064_MOMC_551252_20260731_DI.jvf.zip"},"geometry":{"type":"LineString","coordinates":[[-594682.14,-1157885.11,220.87],[-594681.31,-1157875.33,221.0]]}},{"type":"Feature","id":"64002050000001470","properties":{"id":"64002050000001470","dmvs_type":"0100000021","track_ref":"","popis_objektu":"","year_surveyed":"1988","position_accuracy_class":"9","height_accuracy_class":"9","source_file":"VS_CZ064_MOMC_551252_20260731_DI.jvf.zip"},"geometry":{"type":"LineString","coordinates":[[-594762.01,-1158593.24,215.41],[-594759.02,-1158583.15,215.41],[-594755.97,-1158572.83,215.41]]}},{"type":"Feature","id":"64002050000001476","properties":{"id":"64002050000001476","dmvs_type":"0100000021","track_ref":"","popis_objektu":"","year_surveyed":"1984","position_accuracy_class":"9","height_accuracy_class":"9","source_file":"VS_CZ064_MOMC_551252_20260731_DI.jvf.zip"},"geometry":{"type":"LineString","coordinates":[[-594764.43,-1158370.26,216.26],[-594764.99,-1158359.62,216.26],[-594764.41,-1158349.12,216.26]]}},{"type":"Feature","id":"64002050000001556","properties":{"id":"64002050000001556","dmvs_type":"0100000021","track_ref":"","popis_objektu":"","year_surveyed":"1988","position_accuracy_class":"9","height_accuracy_class":"9","source_file":"VS_CZ064_MOMC_551252_20260731_DI.jvf.zip"},"geometry":{"type":"LineString","coordinates":[[-594731.51,-1158448.63,216.9],[-594729.62,-1158436.16,217.04],[-594727.73,-1158423.61,217.18]]}},{"type":"Feature","id":"64002050000001622","properties":{"id":"64002050000001622","dmvs_type":"0100000021","track_ref":"","popis_objektu":"","year_surveyed":"2014","position_accuracy_class":"9","height_accuracy_class":"9","source_file":"VS_CZ064_MOMC_551252_20260731_DI.jvf.zip"},"geometry":{"type":"LineString","coordinates":[[-594838.87,-1158267.58,217.63],[-594830.32,-1158253.32,217.72],[-594823.32,-1158238.08,217.82]]}},{"type":"Feature","id":"64002050000001761","properties":{"id":"64002050000001761","dmvs_type":"0100000021","track_ref":"","popis_objektu":"","year_surveyed":"9999","position_accuracy_class":"9","height_accuracy_class":"9","source_file":"VS_CZ064_MOMC_551252_20260731_DI.jvf.zip"},"geometry":{"type":"LineString","coordinates":[[-595365.43,-1159308.61,207.94],[-595357.54,-1159300.98,211.9],[-595352.12,-1159295.37,207.93],[-595335.58,-1159276.07,207.91],[-595269.04,-1159191.68,209.26],[-595226.63,-1159138.05,211.0],[-595207.29,-1159113.84,211.72],[-595188.33,-1159091.08,212.69],[-595172.1,-1159071.41,213.26],[-595160.23,-1159054.99,213.77],[-595150.59,-1159039.88,211.9],[-595145.43,-1159030.61,214.61],[-595144.48,-1159028.99,214.66],[-595139.07,-1159018.23,214.86],[-595128.52,-1158995.48,215.12]]}},{"type":"Feature","id":"64002050000001828","properties":{"id":"64002050000001828","dmvs_type":"0100000021","track_ref":"","popis_objektu":"","year_surveyed":"2003","position_accuracy_class":"9","height_accuracy_class":"9","source_file":"VS_CZ064_MOMC_551252_20260731_DI.jvf.zip"},"geometry":{"type":"LineString","coordinates":[[-595225.17,-1159085.08,214.99],[-595217.29,-1159070.42,215.01],[-595207.9,-1159056.73,215.04]]}},{"type":"Feature","id":"64002050000001946","properties":{"id":"64002050000001946","dmvs_type":"0100000021","track_ref":"","popis_objektu":"","year_surveyed":"1987","position_accuracy_class":"9","height_accuracy_class":"9","source_file":"VS_CZ064_MOMC_551252_20260731_DI.jvf.zip"},"geometry":{"type":"LineString","coordinates":[[-595520.21,-1159366.3,213.92],[-595476.35,-1159342.27,214.19],[-595446.13,-1159325.2,214.38],[-595421.62,-1159310.05,214.69],[-595399.44,-1159294.75,214.6],[-595375.87,-1159276.93,214.69],[-595358.86,-1159262.5,214.91],[-595344.71,-1159249.2,214.69],[-595332.87,-1159237.14,215.02],[-595319.47,-1159222.28,214.69],[-595309.49,-1159210.1,215.04],[-595294.72,-1159190.52,215.11],[-595290.29,-1159184.3,215.11]]}},{"type":"Feature","id":"64002050000002164","properties":{"id":"64002050000002164","dmvs_type":"0100000021","track_ref":"","popis_objektu":"","year_surveyed":"1988","position_accuracy_class":"9","height_accuracy_class":"9","source_file":"VS_CZ064_MOMC_551252_20260731_DI.jvf.zip"},"geometry":{"type":"LineString","coordinates":[[-595103.57,-1159211.66,214.22],[-595087.92,-1159206.05,214.26],[-595072.99,-1159198.8,214.3]]}},{"type":"Feature","id":"64002050000000198","properties":{"id":"64002050000000198","dmvs_type":"0100000021","track_ref":"","popis_objektu":"","year_surveyed":"2008","position_accuracy_class":"9","height_accuracy_class":"9","source_file":"VS_CZ064_MOMC_551252_20260731_DI.jvf.zip"},"geometry":{"type":"LineString","coordinates":[[-594678.93,-1157832.19,221.8],[-594678.87,-1157831.93,221.8],[-594676.81,-1157822.15,221.91],[-594672.69,-1157802.58,222.12],[-594672.08,-1157799.68,222.15]]}},{"type":"Feature","id":"64002050000002303","properties":{"id":"64002050000002303","dmvs_type":"0100000021","track_ref":"","popis_objektu":"","year_surveyed":"9999","position_accuracy_class":"9","height_accuracy_class":"9","source_file":"VS_CZ064_MOMC_551252_20260731_DI.jvf.zip"},"geometry":{"type":"LineString","coordinates":[[-595286.2,-1159194.54,215.03],[-595280.19,-1159186.22,215.07],[-595271.05,-1159173.26,215.01]]}},{"type":"Feature","id":"64002050000002356","properties":{"id":"64002050000002356","dmvs_type":"0100000021","track_ref":"","popis_objektu":"","year_surveyed":"9999","position_accuracy_class":"9","height_accuracy_class":"9","source_file":"VS_CZ064_MOMC_551252_20260731_DI.jvf.zip"},"geometry":{"type":"LineString","coordinates":[[-594667.48,-1158000.79,219.98],[-594655.22,-1157976.36,219.94],[-594645.23,-1157959.78,220.05],[-594636.07,-1157946.68,219.96],[-594623.11,-1157929.16,220.05],[-594611.08,-1157914.03,219.97],[-594590.87,-1157891.44,220.06],[-594573.04,-1157873.58,220.05],[-594556.81,-1157858.91,220.05],[-594536.46,-1157842.52,220.05],[-594518.58,-1157828.94,220.21],[-594497.61,-1157815.15,220.24]]}},{"type":"Feature","id":"64002050000002400","properties":{"id":"64002050000002400","dmvs_type":"0100000021","track_ref":"","popis_objektu":"","year_surveyed":"9999","position_accuracy_class":"9","height_accuracy_class":"9","source_file":"VS_CZ064_MOMC_551252_20260731_DI.jvf.zip"},"geometry":{"type":"LineString","coordinates":[[-594809.8,-1158372.3,216.09],[-594808.72,-1158368.76,216.13],[-594807.01,-1158362.64,216.17]]}},{"type":"Feature","id":"64002050000002414","properties":{"id":"64002050000002414","dmvs_type":"0100000021","track_ref":"","popis_objektu":"","year_surveyed":"2008","position_accuracy_class":"9","height_accuracy_class":"9","source_file":"VS_CZ064_MOMC_551252_20260731_DI.jvf.zip"},"geometry":{"type":"LineString","coordinates":[[-594664.15,-1157819.58,221.47],[-594656.39,-1157800.28,221.37],[-594649.0,-1157781.88,221.27]]}},{"type":"Feature","id":"64002050000002492","properties":{"id":"64002050000002492","dmvs_type":"0100000021","track_ref":"","popis_objektu":"","year_surveyed":"9999","position_accuracy_class":"9","height_accuracy_class":"9","source_file":"VS_CZ064_MOMC_551252_20260731_DI.jvf.zip"},"geometry":{"type":"LineString","coordinates":[[-594854.55,-1158397.52,216.64],[-594845.32,-1158377.08,216.77],[-594839.39,-1158363.89,216.78],[-594836.13,-1158355.98,216.88],[-594819.84,-1158317.16,217.06],[-594813.01,-1158299.6,217.18],[-594810.42,-1158291.75,217.16],[-594809.87,-1158290.05,217.19],[-594804.5,-1158269.9,217.35],[-594799.69,-1158250.4,217.52],[-594797.35,-1158243.06,217.18],[-594792.5,-1158230.45,217.18],[-594786.63,-1158216.18,217.84],[-594786.05,-1158214.89,217.83]]}},{"type":"Feature","id":"64002050000002561","properties":{"id":"64002050000002561","dmvs_type":"0100000021","track_ref":"","popis_objektu":"","year_surveyed":"1983","position_accuracy_class":"9","height_accuracy_class":"9","source_file":"VS_CZ064_MOMC_551252_20260731_DI.jvf.zip"},"geometry":{"type":"LineString","coordinates":[[-595300.6,-1159258.48,214.72],[-595297.52,-1159256.81,214.85],[-595286.0,-1159250.54,214.72],[-595271.41,-1159242.61,214.59]]}},{"type":"Feature","id":"64002050000002586","properties":{"id":"64002050000002586","dmvs_type":"0100000021","track_ref":"","popis_objektu":"","year_surveyed":"1979","position_accuracy_class":"9","height_accuracy_class":"9","source_file":"VS_CZ064_MOMC_551252_20260731_DI.jvf.zip"},"geometry":{"type":"LineString","coordinates":[[-594805.85,-1158411.2,215.93],[-594801.58,-1158399.18,216.03],[-594798.92,-1158386.86,216.13]]}},{"type":"Feature","id":"64002050000002784","properties":{"id":"64002050000002784","dmvs_type":"0100000021","track_ref":"","popis_objektu":"","year_surveyed":"2008","position_accuracy_class":"9","height_accuracy_class":"9","source_file":"VS_CZ064_MOMC_551252_20260731_DI.jvf.zip"},"geometry":{"type":"LineString","coordinates":[[-594664.15,-1157819.58,221.47],[-594656.39,-1157800.28,221.35],[-594647.53,-1157782.79,221.24]]}},{"type":"Feature","id":"64002050000002819","properties":{"id":"64002050000002819","dmvs_type":"0100000021","track_ref":"","popis_objektu":"","year_surveyed":"1988","position_accuracy_class":"9","height_accuracy_class":"9","source_file":"VS_CZ064_MOMC_551252_20260731_DI.jvf.zip"},"geometry":{"type":"LineString","coordinates":[[-594770.67,-1158596.9,215.49],[-594765.25,-1158584.38,215.49],[-594761.0,-1158571.43,215.49]]}},{"type":"Feature","id":"64002050000002938","properties":{"id":"64002050000002938","dmvs_type":"0100000021","track_ref":"","popis_objektu":"","year_surveyed":"1983","position_accuracy_class":"9","height_accuracy_class":"9","source_file":"VS_CZ064_MOMC_551252_20260731_DI.jvf.zip"},"geometry":{"type":"LineString","coordinates":[[-595212.73,-1159210.39,214.44],[-595201.64,-1159204.37,214.43],[-595190.52,-1159198.34,214.43]]}},{"type":"Feature","id":"64002050000003063","properties":{"id":"64002050000003063","dmvs_type":"0100000021","track_ref":"","popis_objektu":"","year_surveyed":"1986","position_accuracy_class":"9","height_accuracy_class":"9","source_file":"VS_CZ064_MOMC_551252_20260731_DI.jvf.zip"},"geometry":{"type":"LineString","coordinates":[[-594792.89,-1158194.63,218.26],[-594787.25,-1158182.16,218.38],[-594780.49,-1158170.29,218.5]]}},{"type":"Feature","id":"64002050000003072","properties":{"id":"64002050000003072","dmvs_type":"0100000021","track_ref":"","popis_objektu":"","year_surveyed":"1979","position_accuracy_class":"9","height_accuracy_class":"9","source_file":"VS_CZ064_MOMC_551252_20260731_DI.jvf.zip"},"geometry":{"type":"LineString","coordinates":[[-594799.9,-1158417.48,215.99],[-594796.45,-1158405.35,215.97],[-594794.73,-1158392.86,215.96]]}},{"type":"Feature","id":"64002050000003102","properties":{"id":"64002050000003102","dmvs_type":"0100000021","track_ref":"","popis_objektu":"","year_surveyed":"2002","position_accuracy_class":"9","height_accuracy_class":"9","source_file":"VS_CZ064_MOMC_551252_20260731_DI.jvf.zip"},"geometry":{"type":"LineString","coordinates":[[-594791.86,-1158239.6,217.46],[-594788.12,-1158227.34,217.46],[-594784.45,-1158215.28,217.46]]}},{"type":"Feature","id":"64002050000003112","properties":{"id":"64002050000003112","dmvs_type":"0100000021","track_ref":"","popis_objektu":"","year_surveyed":"1985","position_accuracy_class":"9","height_accuracy_class":"9","source_file":"VS_CZ064_MOMC_551252_20260731_DI.jvf.zip"},"geometry":{"type":"LineString","coordinates":[[-594671.75,-1158121.9,212.93],[-594670.58,-1158111.44,212.97],[-594668.75,-1158094.99,213.01]]}},{"type":"Feature","id":"64002050000003120","properties":{"id":"64002050000003120","dmvs_type":"0100000021","track_ref":"","popis_objektu":"","year_surveyed":"1988","position_accuracy_class":"9","height_accuracy_class":"9","source_file":"VS_CZ064_MOMC_551252_20260731_DI.jvf.zip"},"geometry":{"type":"LineString","coordinates":[[-594733.61,-1158451.52,216.86],[-594733.47,-1158438.91,217.02],[-594733.34,-1158426.32,217.18]]}},{"type":"Feature","id":"64002050000003166","properties":{"id":"64002050000003166","dmvs_type":"0100000021","track_ref":"","popis_objektu":"","year_surveyed":"1987","position_accuracy_class":"9","height_accuracy_class":"9","source_file":"VS_CZ064_MOMC_551252_20260731_DI.jvf.zip"},"geometry":{"type":"LineString","coordinates":[[-595271.27,-1159156.87,215.07],[-595269.02,-1159153.55,215.07]]}},{"type":"Feature","id":"64002050000003168","properties":{"id":"64002050000003168","dmvs_type":"0100000021","track_ref":"","popis_objektu":"","year_surveyed":"1981","position_accuracy_class":"9","height_accuracy_class":"9","source_file":"VS_CZ064_MOMC_551252_20260731_DI.jvf.zip"},"geometry":{"type":"LineString","coordinates":[[-594709.8,-1158174.79,219.25],[-594705.94,-1158162.73,219.34],[-594703.7,-1158150.32,219.44]]}},{"type":"Feature","id":"64002050000003222","properties":{"id":"64002050000003222","dmvs_type":"0100000021","track_ref":"","popis_objektu":"","year_surveyed":"1987","position_accuracy_class":"9","height_accuracy_class":"9","source_file":"VS_CZ064_MOMC_551252_20260731_DI.jvf.zip"},"geometry":{"type":"LineString","coordinates":[[-595224.66,-1159100.62,215.06],[-595212.04,-1159085.71,215.06],[-595200.0,-1159074.25,215.06]]}},{"type":"Feature","id":"64002050000003351","properties":{"id":"64002050000003351","dmvs_type":"0100000021","track_ref":"","popis_objektu":"","year_surveyed":"2006","position_accuracy_class":"9","height_accuracy_class":"9","source_file":"VS_CZ064_MOMC_551252_20260731_DI.jvf.zip"},"geometry":{"type":"LineString","coordinates":[[-594813.96,-1158264.18,217.65],[-594808.61,-1158252.61,217.81],[-594803.32,-1158241.17,217.98]]}},{"type":"Feature","id":"64002050000003453","properties":{"id":"64002050000003453","dmvs_type":"0100000021","track_ref":"","popis_objektu":"","year_surveyed":"1983","position_accuracy_class":"9","height_accuracy_class":"9","source_file":"VS_CZ064_MOMC_551252_20260731_DI.jvf.zip"},"geometry":{"type":"LineString","coordinates":[[-595147.98,-1159228.9,214.04],[-595135.37,-1159228.72,214.09],[-595122.87,-1159226.91,214.15]]}},{"type":"Feature","id":"64002050000003485","properties":{"id":"64002050000003485","dmvs_type":"0100000021","track_ref":"","popis_objektu":"","year_surveyed":"1988","position_accuracy_class":"9","height_accuracy_class":"9","source_file":"VS_CZ064_MOMC_551252_20260731_DI.jvf.zip"},"geometry":{"type":"LineString","coordinates":[[-594733.47,-1158476.95,216.56],[-594730.31,-1158464.74,216.71],[-594727.15,-1158452.52,216.86]]}},{"type":"Feature","id":"64002050000003525","properties":{"id":"64002050000003525","dmvs_type":"0100000021","track_ref":"","popis_objektu":"","year_surveyed":"1985","position_accuracy_class":"9","height_accuracy_class":"9","source_file":"VS_CZ064_MOMC_551252_20260731_DI.jvf.zip"},"geometry":{"type":"LineString","coordinates":[[-594515.28,-1157749.49,216.26],[-594501.06,-1157740.78,216.28],[-594491.56,-1157736.27,216.3]]}},{"type":"Feature","id":"64002050000003531","properties":{"id":"64002050000003531","dmvs_type":"0100000021","track_ref":"","popis_objektu":"","year_surveyed":"1981","position_accuracy_class":"9","height_accuracy_class":"9","source_file":"VS_CZ064_MOMC_551252_20260731_DI.jvf.zip"},"geometry":{"type":"LineString","coordinates":[[-594719.12,-1158201.48,218.92],[-594714.01,-1158189.82,219.04],[-594710.57,-1158177.69,219.16]]}},{"type":"Feature","id":"64002050000003603","properties":{"id":"64002050000003603","dmvs_type":"0100000021","track_ref":"","popis_objektu":"","year_surveyed":"1986","position_accuracy_class":"9","height_accuracy_class":"9","source_file":"VS_CZ064_MOMC_551252_20260731_DI.jvf.zip"},"geometry":{"type":"LineString","coordinates":[[-594854.9,-1158296.63,217.35],[-594847.65,-1158281.68,217.49],[-594838.87,-1158267.58,217.63]]}},{"type":"Feature","id":"64002050000003647","properties":{"id":"64002050000003647","dmvs_type":"0100000021","track_ref":"","popis_objektu":"","year_surveyed":"1986","position_accuracy_class":"9","height_accuracy_class":"9","source_file":"VS_CZ064_MOMC_551252_20260731_DI.jvf.zip"},"geometry":{"type":"LineString","coordinates":[[-594792.89,-1158194.63,218.26],[-594787.25,-1158182.16,218.39],[-594781.61,-1158169.7,218.53]]}},{"type":"Feature","id":"64002050000003677","properties":{"id":"64002050000003677","dmvs_type":"0100000021","track_ref":"","popis_objektu":"","year_surveyed":"1978","position_accuracy_class":"9","height_accuracy_class":"9","source_file":"VS_CZ064_MOMC_551252_20260731_DI.jvf.zip"},"geometry":{"type":"LineString","coordinates":[[-594075.7,-1157745.71,218.44],[-594059.06,-1157755.85,218.65],[-594040.91,-1157766.3,218.86],[-594025.09,-1157775.16,219.03],[-594024.06,-1157775.78,219.2]]}},{"type":"Feature","id":"64002050000000808","properties":{"id":"64002050000000808","dmvs_type":"0100000021","track_ref":"","popis_objektu":"","year_surveyed":"2008","position_accuracy_class":"9","height_accuracy_class":"9","source_file":"VS_CZ064_MOMC_551252_20260731_DI.jvf.zip"},"geometry":{"type":"LineString","coordinates":[[-595414.97,-1159314.75,214.59],[-595403.99,-1159308.58,214.6],[-595393.0,-1159302.41,214.61]]}},{"type":"Feature","id":"64002050000003716","properties":{"id":"64002050000003716","dmvs_type":"0100000021","track_ref":"","popis_objektu":"","year_surveyed":"1988","position_accuracy_class":"9","height_accuracy_class":"9","source_file":"VS_CZ064_MOMC_551252_20260731_DI.jvf.zip"},"geometry":{"type":"LineString","coordinates":[[-594496.73,-1157816.66,220.27],[-594479.65,-1157804.92,220.33],[-594461.58,-1157794.63,220.4]]}},{"type":"Feature","id":"64002050000003758","properties":{"id":"64002050000003758","dmvs_type":"0100000021","track_ref":"","popis_objektu":"","year_surveyed":"1989","position_accuracy_class":"9","height_accuracy_class":"9","source_file":"VS_CZ064_MOMC_551252_20260731_DI.jvf.zip"},"geometry":{"type":"LineString","coordinates":[[-594143.98,-1157715.38,217.92],[-594124.32,-1157722.18,218.06],[-594105.3,-1157730.59,218.21]]}},{"type":"Feature","id":"64002050000003774","properties":{"id":"64002050000003774","dmvs_type":"0100000021","track_ref":"","popis_objektu":"","year_surveyed":"1980","position_accuracy_class":"9","height_accuracy_class":"9","source_file":"VS_CZ064_MOMC_551252_20260731_DI.jvf.zip"},"geometry":{"type":"LineString","coordinates":[[-595231.91,-1159185.16,214.53],[-595222.17,-1159177.14,214.48],[-595212.47,-1159169.16,214.43]]}},{"type":"Feature","id":"64002050000003777","properties":{"id":"64002050000003777","dmvs_type":"0100000021","track_ref":"","popis_objektu":"","year_surveyed":"2010","position_accuracy_class":"9","height_accuracy_class":"9","source_file":"VS_CZ064_MOMC_551252_20260731_DI.jvf.zip"},"geometry":{"type":"LineString","coordinates":[[-594825.79,-1158382.85,215.9],[-594818.61,-1158367.76,215.98],[-594811.46,-1158352.79,216.07]]}},{"type":"Feature","id":"64002050000003816","properties":{"id":"64002050000003816","dmvs_type":"0100000021","track_ref":"","popis_objektu":"","year_surveyed":"1990","position_accuracy_class":"9","height_accuracy_class":"9","source_file":"VS_CZ064_MOMC_551252_20260731_DI.jvf.zip"},"geometry":{"type":"LineString","coordinates":[[-595258.3,-1159271.98,209.21],[-595247.93,-1159270.16,209.35],[-595231.61,-1159267.31,209.5]]}},{"type":"Feature","id":"64002050000003843","properties":{"id":"64002050000003843","dmvs_type":"0100000021","track_ref":"","popis_objektu":"","year_surveyed":"1997","position_accuracy_class":"9","height_accuracy_class":"9","source_file":"VS_CZ064_MOMC_551252_20260731_DI.jvf.zip"},"geometry":{"type":"LineString","coordinates":[[-594769.13,-1158280.35,216.77],[-594765.47,-1158264.97,216.77],[-594763.14,-1158255.21,216.77]]}},{"type":"Feature","id":"64002050000003932","properties":{"id":"64002050000003932","dmvs_type":"0100000021","track_ref":"","popis_objektu":"","year_surveyed":"1988","position_accuracy_class":"9","height_accuracy_class":"9","source_file":"VS_CZ064_MOMC_551252_20260731_DI.jvf.zip"},"geometry":{"type":"LineString","coordinates":[[-594497.61,-1157815.15,220.24],[-594479.65,-1157804.92,220.32],[-594461.58,-1157794.63,220.4]]}},{"type":"Feature","id":"64002050000004033","properties":{"id":"64002050000004033","dmvs_type":"0100000021","track_ref":"","popis_objektu":"","year_surveyed":"1988","position_accuracy_class":"9","height_accuracy_class":"9","source_file":"VS_CZ064_MOMC_551252_20260731_DI.jvf.zip"},"geometry":{"type":"LineString","coordinates":[[-594690.74,-1157967.88,220.05],[-594689.52,-1157964.32,220.05]]}},{"type":"Feature","id":"64002050000000904","properties":{"id":"64002050000000904","dmvs_type":"0100000021","track_ref":"","popis_objektu":"","year_surveyed":"1984","position_accuracy_class":"9","height_accuracy_class":"9","source_file":"VS_CZ064_MOMC_551252_20260731_DI.jvf.zip"},"geometry":{"type":"LineString","coordinates":[[-594766.72,-1158417.47,216.0],[-594767.63,-1158403.85,216.0],[-594768.16,-1158390.22,216.0]]}},{"type":"Feature","id":"64002050000004046","properties":{"id":"64002050000004046","dmvs_type":"0100000021","track_ref":"","popis_objektu":"","year_surveyed":"1988","position_accuracy_class":"9","height_accuracy_class":"9","source_file":"VS_CZ064_MOMC_551252_20260731_DI.jvf.zip"},"geometry":{"type":"LineString","coordinates":[[-594721.4,-1158423.06,217.47],[-594719.52,-1158410.58,217.47],[-594717.61,-1158397.85,217.47]]}},{"type":"Feature","id":"64002050000004066","properties":{"id":"64002050000004066","dmvs_type":"0100000021","track_ref":"","popis_objektu":"","year_surveyed":"1983","position_accuracy_class":"9","height_accuracy_class":"9","source_file":"VS_CZ064_MOMC_551252_20260731_DI.jvf.zip"},"geometry":{"type":"LineString","coordinates":[[-595147.98,-1159228.9,214.04],[-595135.37,-1159228.72,214.03],[-595122.79,-1159228.55,214.02]]}},{"type":"Feature","id":"64002050000004231","properties":{"id":"64002050000004231","dmvs_type":"0100000021","track_ref":"","popis_objektu":"","year_surveyed":"1983","position_accuracy_class":"9","height_accuracy_class":"9","source_file":"VS_CZ064_MOMC_551252_20260731_DI.jvf.zip"},"geometry":{"type":"LineString","coordinates":[[-595181.27,-1159227.42,214.24],[-595168.0,-1159224.28,214.24],[-595154.49,-1159222.51,214.24]]}},{"type":"Feature","id":"64002050000004279","properties":{"id":"64002050000004279","dmvs_type":"0100000021","track_ref":"","popis_objektu":"","year_surveyed":"1986","position_accuracy_class":"9","height_accuracy_class":"9","source_file":"VS_CZ064_MOMC_551252_20260731_DI.jvf.zip"},"geometry":{"type":"LineString","coordinates":[[-594733.27,-1158091.44,219.17],[-594728.2,-1158083.24,219.21]]}},{"type":"Feature","id":"64002050000004282","properties":{"id":"64002050000004282","dmvs_type":"0100000021","track_ref":"","popis_objektu":"","year_surveyed":"1989","position_accuracy_class":"9","height_accuracy_class":"9","source_file":"VS_CZ064_MOMC_551252_20260731_DI.jvf.zip"},"geometry":{"type":"LineString","coordinates":[[-594076.82,-1157730.69,218.42],[-594048.16,-1157746.7,218.6],[-594033.67,-1157754.89,218.79]]}},{"type":"Feature","id":"64002050000004292","properties":{"id":"64002050000004292","dmvs_type":"0100000021","track_ref":"","popis_objektu":"","year_surveyed":"1986","position_accuracy_class":"9","height_accuracy_class":"9","source_file":"VS_CZ064_MOMC_551252_20260731_DI.jvf.zip"},"geometry":{"type":"LineString","coordinates":[[-594755.35,-1158128.27,218.76],[-594750.37,-1158119.98,218.97]]}},{"type":"Feature","id":"64002050000004300","properties":{"id":"64002050000004300","dmvs_type":"0100000021","track_ref":"","popis_objektu":"","year_surveyed":"1982","position_accuracy_class":"9","height_accuracy_class":"9","source_file":"VS_CZ064_MOMC_551252_20260731_DI.jvf.zip"},"geometry":{"type":"LineString","coordinates":[[-595302.19,-1159216.64,214.92],[-595296.02,-1159208.11,214.97],[-595286.2,-1159194.54,215.03]]}},{"type":"Feature","id":"64002050000004377","properties":{"id":"64002050000004377","dmvs_type":"0100000021","track_ref":"","popis_objektu":"","year_surveyed":"2011","position_accuracy_class":"9","height_accuracy_class":"9","source_file":"VS_CZ064_MOMC_551252_20260731_DI.jvf.zip"},"geometry":{"type":"LineString","coordinates":[[-594684.15,-1158009.19,219.75],[-594673.61,-1157991.29,219.79],[-594663.06,-1157973.37,219.83]]}},{"type":"Feature","id":"64002050000004523","properties":{"id":"64002050000004523","dmvs_type":"0100000021","track_ref":"","popis_objektu":"","year_surveyed":"1984","position_accuracy_class":"9","height_accuracy_class":"9","source_file":"VS_CZ064_MOMC_551252_20260731_DI.jvf.zip"},"geometry":{"type":"LineString","coordinates":[[-594773.82,-1158377.43,216.14],[-594773.0,-1158365.0,216.19],[-594772.18,-1158352.42,216.24]]}},{"type":"Feature","id":"64002050000004534","properties":{"id":"64002050000004534","dmvs_type":"0100000021","track_ref":"","popis_objektu":"","year_surveyed":"1989","position_accuracy_class":"9","height_accuracy_class":"9","source_file":"VS_CZ064_MOMC_551252_20260731_DI.jvf.zip"},"geometry":{"type":"LineString","coordinates":[[-594377.81,-1157693.02,216.14],[-594367.94,-1157690.91,216.14],[-594358.17,-1157688.83,216.14]]}},{"type":"Feature","id":"64002050000004582","properties":{"id":"64002050000004582","dmvs_type":"0100000021","track_ref":"","popis_objektu":"","year_surveyed":"1986","position_accuracy_class":"9","height_accuracy_class":"9","source_file":"VS_CZ064_MOMC_551252_20260731_DI.jvf.zip"},"geometry":{"type":"LineString","coordinates":[[-594788.6,-1158196.55,218.27],[-594777.22,-1158171.7,218.48]]}},{"type":"Feature","id":"64002050000004585","properties":{"id":"64002050000004585","dmvs_type":"0100000021","track_ref":"","popis_objektu":"","year_surveyed":"1986","position_accuracy_class":"9","height_accuracy_class":"9","source_file":"VS_CZ064_MOMC_551252_20260731_DI.jvf.zip"},"geometry":{"type":"LineString","coordinates":[[-594750.37,-1158119.98,218.97],[-594747.02,-1158114.4,219.07],[-594741.55,-1158105.26,219.07],[-594736.3,-1158096.49,219.07],[-594733.27,-1158091.44,219.17]]}},{"type":"Feature","id":"64002050000004600","properties":{"id":"64002050000004600","dmvs_type":"0100000021","track_ref":"","popis_objektu":"","year_surveyed":"1985","position_accuracy_class":"9","height_accuracy_class":"9","source_file":"VS_CZ064_MOMC_551252_20260731_DI.jvf.zip"},"geometry":{"type":"LineString","coordinates":[[-594593.68,-1157723.33,221.1],[-594583.58,-1157715.12,221.1],[-594572.5,-1157708.62,221.1],[-594569.95,-1157707.08,221.1]]}},{"type":"Feature","id":"64002050000004645","properties":{"id":"64002050000004645","dmvs_type":"0100000021","track_ref":"","popis_objektu":"","year_surveyed":"1980","position_accuracy_class":"9","height_accuracy_class":"9","source_file":"VS_CZ064_MOMC_551252_20260731_DI.jvf.zip"},"geometry":{"type":"LineString","coordinates":[[-595231.91,-1159185.16,214.53],[-595222.17,-1159177.14,214.46],[-595213.59,-1159167.91,214.39]]}},{"type":"Feature","id":"64002050000004693","properties":{"id":"64002050000004693","dmvs_type":"0100000021","track_ref":"","popis_objektu":"","year_surveyed":"1987","position_accuracy_class":"9","height_accuracy_class":"9","source_file":"VS_CZ064_MOMC_551252_20260731_DI.jvf.zip"},"geometry":{"type":"LineString","coordinates":[[-595224.66,-1159100.62,215.06],[-595212.04,-1159085.71,215.06],[-595201.4,-1159073.02,215.06]]}},{"type":"Feature","id":"64002050000004787","properties":{"id":"64002050000004787","dmvs_type":"0100000021","track_ref":"","popis_objektu":"","year_surveyed":"1981","position_accuracy_class":"9","height_accuracy_class":"9","source_file":"VS_CZ064_MOMC_551252_20260731_DI.jvf.zip"},"geometry":{"type":"LineString","coordinates":[[-594708.17,-1158175.08,219.24],[-594705.94,-1158162.73,219.34],[-594703.7,-1158150.32,219.44]]}},{"type":"Feature","id":"64002050000004800","properties":{"id":"64002050000004800","dmvs_type":"0100000021","track_ref":"","popis_objektu":"","year_surveyed":"1997","position_accuracy_class":"9","height_accuracy_class":"9","source_file":"VS_CZ064_MOMC_551252_20260731_DI.jvf.zip"},"geometry":{"type":"LineString","coordinates":[[-594769.13,-1158280.35,216.77],[-594765.47,-1158264.97,216.77],[-594764.25,-1158255.01,216.77]]}},{"type":"Feature","id":"64002050000001185","properties":{"id":"64002050000001185","dmvs_type":"0100000021","track_ref":"","popis_objektu":"","year_surveyed":"1986","position_accuracy_class":"9","height_accuracy_class":"9","source_file":"VS_CZ064_MOMC_551252_20260731_DI.jvf.zip"},"geometry":{"type":"LineString","coordinates":[[-594769.36,-1158151.65,218.63],[-594762.56,-1158139.75,218.69],[-594755.35,-1158128.27,218.76]]}},{"type":"Feature","id":"64002050000004870","properties":{"id":"64002050000004870","dmvs_type":"0100000021","track_ref":"","popis_objektu":"","year_surveyed":"1980","position_accuracy_class":"9","height_accuracy_class":"9","source_file":"VS_CZ064_MOMC_551252_20260731_DI.jvf.zip"},"geometry":{"type":"LineString","coordinates":[[-595221.46,-1159170.7,214.45],[-595213.12,-1159161.23,214.39],[-595204.76,-1159151.74,214.33]]}},{"type":"Feature","id":"64002050000004942","properties":{"id":"64002050000004942","dmvs_type":"0100000021","track_ref":"","popis_objektu":"","year_surveyed":"1985","position_accuracy_class":"9","height_accuracy_class":"9","source_file":"VS_CZ064_MOMC_551252_20260731_DI.jvf.zip"},"geometry":{"type":"LineString","coordinates":[[-594390.17,-1157600.76,218.26],[-594373.46,-1157600.67,218.32],[-594356.94,-1157602.45,218.39]]}},{"type":"Feature","id":"64002050000004945","properties":{"id":"64002050000004945","dmvs_type":"0100000021","track_ref":"","popis_objektu":"","year_surveyed":"1988","position_accuracy_class":"9","height_accuracy_class":"9","source_file":"VS_CZ064_MOMC_551252_20260731_DI.jvf.zip"},"geometry":{"type":"LineString","coordinates":[[-594769.56,-1158617.35,215.42],[-594764.98,-1158605.49,215.41],[-594762.01,-1158593.24,215.41]]}},{"type":"Feature","id":"64002050000004975","properties":{"id":"64002050000004975","dmvs_type":"0100000021","track_ref":"","popis_objektu":"","year_surveyed":"1987","position_accuracy_class":"9","height_accuracy_class":"9","source_file":"VS_CZ064_MOMC_551252_20260731_DI.jvf.zip"},"geometry":{"type":"LineString","coordinates":[[-595269.02,-1159153.55,215.01],[-595268.0,-1159152.04,215.01],[-595263.04,-1159144.9,215.01],[-595256.92,-1159136.05,215.01]]}},{"type":"Feature","id":"64002050000004978","properties":{"id":"64002050000004978","dmvs_type":"0100000021","track_ref":"","popis_objektu":"","year_surveyed":"1982","position_accuracy_class":"9","height_accuracy_class":"9","source_file":"VS_CZ064_MOMC_551252_20260731_DI.jvf.zip"},"geometry":{"type":"LineString","coordinates":[[-595129.96,-1158994.57,215.14],[-595123.24,-1158983.98,215.18],[-595117.98,-1158972.52,215.23]]}},{"type":"Feature","id":"64002050000005018","properties":{"id":"64002050000005018","dmvs_type":"0100000021","track_ref":"","popis_objektu":"","year_surveyed":"1984","position_accuracy_class":"9","height_accuracy_class":"9","source_file":"VS_CZ064_MOMC_551252_20260731_DI.jvf.zip"},"geometry":{"type":"LineString","coordinates":[[-594768.03,-1158370.5,216.15],[-594769.71,-1158359.98,216.15],[-594770.23,-1158349.47,216.15]]}},{"type":"Feature","id":"64002050000001242","properties":{"id":"64002050000001242","dmvs_type":"0100000021","track_ref":"","popis_objektu":"","year_surveyed":"1983","position_accuracy_class":"9","height_accuracy_class":"9","source_file":"VS_CZ064_MOMC_551252_20260731_DI.jvf.zip"},"geometry":{"type":"LineString","coordinates":[[-595301.53,-1159256.44,214.71],[-595298.24,-1159255.15,214.86],[-595286.0,-1159250.54,214.71],[-595270.78,-1159243.96,214.57]]}},{"type":"Feature","id":"64002050000005138","properties":{"id":"64002050000005138","dmvs_type":"0100000021","track_ref":"","popis_objektu":"","year_surveyed":"1980","position_accuracy_class":"9","height_accuracy_class":"9","source_file":"VS_CZ064_MOMC_551252_20260731_DI.jvf.zip"},"geometry":{"type":"LineString","coordinates":[[-595212.47,-1159169.16,214.43],[-595202.58,-1159161.33,214.37],[-595192.66,-1159153.48,214.31]]}},{"type":"Feature","id":"64002050000005168","properties":{"id":"64002050000005168","dmvs_type":"0100000021","track_ref":"","popis_objektu":"","year_surveyed":"1987","position_accuracy_class":"9","height_accuracy_class":"9","source_file":"VS_CZ064_MOMC_551252_20260731_DI.jvf.zip"},"geometry":{"type":"LineString","coordinates":[[-594865.12,-1158420.51,216.57],[-594859.81,-1158408.97,216.6],[-594854.55,-1158397.52,216.64]]}},{"type":"Feature","id":"64002050000005199","properties":{"id":"64002050000005199","dmvs_type":"0100000021","track_ref":"","popis_objektu":"","year_surveyed":"1983","position_accuracy_class":"9","height_accuracy_class":"9","source_file":"VS_CZ064_MOMC_551252_20260731_DI.jvf.zip"},"geometry":{"type":"LineString","coordinates":[[-595246.75,-1159236.14,214.41],[-595234.55,-1159232.91,214.38],[-595222.34,-1159229.69,214.36]]}},{"type":"Feature","id":"64002050000005281","properties":{"id":"64002050000005281","dmvs_type":"0100000021","track_ref":"","popis_objektu":"","year_surveyed":"9999","position_accuracy_class":"9","height_accuracy_class":"9","source_file":"VS_CZ064_MOMC_551252_20260731_DI.jvf.zip"},"geometry":{"type":"LineString","coordinates":[[-595205.98,-1159150.69,214.37],[-595190.87,-1159130.93,214.29],[-595173.98,-1159112.72,214.19],[-595158.1,-1159095.48,214.18],[-595147.33,-1159082.03,215.07],[-595137.45,-1159068.0,215.07],[-595129.68,-1159055.83,213.97],[-595118.92,-1159035.79,215.07],[-595111.91,-1159020.37,215.07],[-595099.38,-1158993.21,215.07],[-595064.58,-1158916.99,215.07],[-595009.73,-1158797.26,215.07],[-594975.61,-1158723.18,215.09],[-594926.07,-1158614.95,215.39],[-594889.43,-1158534.83,215.68],[-594842.8,-1158433.42,215.9],[-594834.83,-1158416.4,215.9],[-594828.61,-1158404.09,215.92],[-594823.49,-1158394.01,216.02]]}},{"type":"Feature","id":"64002050000005436","properties":{"id":"64002050000005436","dmvs_type":"0100000021","track_ref":"","popis_objektu":"","year_surveyed":"9999","position_accuracy_class":"9","height_accuracy_class":"9","source_file":"VS_CZ064_MOMC_551252_20260731_DI.jvf.zip"},"geometry":{"type":"LineString","coordinates":[[-595426.13,-1159327.07,214.54],[-595408.9,-1159317.64,214.53],[-595384.93,-1159304.5,214.92],[-595346.82,-1159283.66,215.85],[-595310.16,-1159263.69,215.14],[-595304.88,-1159260.72,214.97],[-595300.6,-1159258.48,214.99]]}},{"type":"Feature","id":"64002050000005460","properties":{"id":"64002050000005460","dmvs_type":"0100000021","track_ref":"","popis_objektu":"","year_surveyed":"9999","position_accuracy_class":"9","height_accuracy_class":"9","source_file":"VS_CZ064_MOMC_551252_20260731_DI.jvf.zip"},"geometry":{"type":"LineString","coordinates":[[-594794.73,-1158392.86,215.96],[-594791.98,-1158375.83,216.19]]}},{"type":"Feature","id":"64002050000005688","properties":{"id":"64002050000005688","dmvs_type":"0100000021","track_ref":"","popis_objektu":"","year_surveyed":"2006","position_accuracy_class":"9","height_accuracy_class":"9","source_file":"VS_CZ064_MOMC_551252_20260731_DI.jvf.zip"},"geometry":{"type":"LineString","coordinates":[[-594072.63,-1157737.92,218.98],[-594065.51,-1157741.85,218.82],[-594056.76,-1157746.69,218.88],[-594048.01,-1157751.54,218.95],[-594039.26,-1157756.38,219.01],[-594030.51,-1157761.22,219.08],[-594025.19,-1157764.17,219.12]]}},{"type":"Feature","id":"64002050000005713","properties":{"id":"64002050000005713","dmvs_type":"0100000021","track_ref":"","popis_objektu":"","year_surveyed":"1984","position_accuracy_class":"9","height_accuracy_class":"9","source_file":"VS_CZ064_MOMC_551252_20260731_DI.jvf.zip"},"geometry":{"type":"LineString","coordinates":[[-594763.14,-1158255.21,217.29],[-594761.81,-1158249.59,217.23],[-594759.56,-1158240.38,217.35],[-594758.11,-1158234.37,217.29]]}},{"type":"Feature","id":"64002050000005715","properties":{"id":"64002050000005715","dmvs_type":"0100000021","track_ref":"","popis_objektu":"","year_surveyed":"1982","position_accuracy_class":"9","height_accuracy_class":"9","source_file":"VS_CZ064_MOMC_551252_20260731_DI.jvf.zip"},"geometry":{"type":"LineString","coordinates":[[-595201.4,-1159073.02,215.06],[-595191.12,-1159059.96,215.05],[-595180.76,-1159046.8,215.04]]}},{"type":"Feature","id":"64002050000005743","properties":{"id":"64002050000005743","dmvs_type":"0100000021","track_ref":"","popis_objektu":"","year_surveyed":"2011","position_accuracy_class":"9","height_accuracy_class":"9","source_file":"VS_CZ064_MOMC_551252_20260731_DI.jvf.zip"},"geometry":{"type":"LineString","coordinates":[[-594742.6,-1158123.37,218.97],[-594737.47,-1158107.79,219.08],[-594730.52,-1158092.67,219.2]]}},{"type":"Feature","id":"64002050000005758","properties":{"id":"64002050000005758","dmvs_type":"0100000021","track_ref":"","popis_objektu":"","year_surveyed":"1997","position_accuracy_class":"9","height_accuracy_class":"9","source_file":"VS_CZ064_MOMC_551252_20260731_DI.jvf.zip"},"geometry":{"type":"LineString","coordinates":[[-594767.54,-1158280.76,216.77],[-594765.47,-1158264.97,216.77],[-594764.25,-1158255.01,216.77]]}},{"type":"Feature","id":"64002050000005809","properties":{"id":"64002050000005809","dmvs_type":"0100000021","track_ref":"","popis_objektu":"","year_surveyed":"9999","position_accuracy_class":"9","height_accuracy_class":"9","source_file":"VS_CZ064_MOMC_551252_20260731_DI.jvf.zip"},"geometry":{"type":"LineString","coordinates":[[-594731.92,-1158451.56,216.87],[-594731.51,-1158448.63,216.9]]}},{"type":"Feature","id":"64002050000005820","properties":{"id":"64002050000005820","dmvs_type":"0100000021","track_ref":"","popis_objektu":"","year_surveyed":"2008","position_accuracy_class":"9","height_accuracy_class":"9","source_file":"VS_CZ064_MOMC_551252_20260731_DI.jvf.zip"},"geometry":{"type":"LineString","coordinates":[[-595241.35,-1159122.13,215.12],[-595239.64,-1159119.69,215.09],[-595233.66,-1159110.87,215.12],[-595226.6,-1159102.81,215.15],[-595224.66,-1159100.62,215.12]]}},{"type":"Feature","id":"64002050000005936","properties":{"id":"64002050000005936","dmvs_type":"0100000021","track_ref":"","popis_objektu":"","year_surveyed":"9999","position_accuracy_class":"9","height_accuracy_class":"9","source_file":"VS_CZ064_MOMC_551252_20260731_DI.jvf.zip"},"geometry":{"type":"LineString","coordinates":[[-594830.55,-1158656.93,215.2],[-594798.28,-1158586.62,215.48],[-594777.77,-1158545.71,215.63],[-594769.4,-1158522.18,215.63],[-594763.18,-1158500.16,215.81],[-594760.15,-1158481.49,215.63],[-594759.31,-1158463.83,215.86],[-594760.21,-1158444.89,215.84]]}},{"type":"Feature","id":"64002050000005947","properties":{"id":"64002050000005947","dmvs_type":"0100000021","track_ref":"","popis_objektu":"","year_surveyed":"1987","position_accuracy_class":"9","height_accuracy_class":"9","source_file":"VS_CZ064_MOMC_551252_20260731_DI.jvf.zip"},"geometry":{"type":"LineString","coordinates":[[-595290.29,-1159184.3,215.11],[-595280.73,-1159170.52,215.09],[-595271.27,-1159156.87,215.07]]}},{"type":"Feature","id":"64002050000006007","properties":{"id":"64002050000006007","dmvs_type":"0100000021","track_ref":"","popis_objektu":"","year_surveyed":"9999","position_accuracy_class":"9","height_accuracy_class":"9","source_file":"VS_CZ064_MOMC_551252_20260731_DI.jvf.zip"},"geometry":{"type":"LineString","coordinates":[[-594716.48,-1158429.44,217.17],[-594709.85,-1158411.09,218.22],[-594705.95,-1158398.6,217.57],[-594703.39,-1158388.56,217.73],[-594700.76,-1158374.89,218.22],[-594699.19,-1158355.59,218.22],[-594698.47,-1158342.29,218.12],[-594697.81,-1158246.04,218.72],[-594697.78,-1158238.03,218.74],[-594698.11,-1158224.09,218.84],[-594699.44,-1158202.47,218.91]]}},{"type":"Feature","id":"64002050000001477","properties":{"id":"64002050000001477","dmvs_type":"0100000021","track_ref":"","popis_objektu":"","year_surveyed":"2008","position_accuracy_class":"9","height_accuracy_class":"9","source_file":"VS_CZ064_MOMC_551252_20260731_DI.jvf.zip"},"geometry":{"type":"LineString","coordinates":[[-595427.07,-1159325.53,214.54],[-595414.11,-1159316.09,214.54]]}},{"type":"Feature","id":"64002050000006025","properties":{"id":"64002050000006025","dmvs_type":"0100000021","track_ref":"","popis_objektu":"","year_surveyed":"1984","position_accuracy_class":"9","height_accuracy_class":"9","source_file":"VS_CZ064_MOMC_551252_20260731_DI.jvf.zip"},"geometry":{"type":"LineString","coordinates":[[-594768.16,-1158390.22,216.15],[-594768.32,-1158386.08,216.17],[-594768.9,-1158376.49,216.14],[-594769.18,-1158370.72,216.15]]}},{"type":"Feature","id":"64002050000006059","properties":{"id":"64002050000006059","dmvs_type":"0100000021","track_ref":"","popis_objektu":"","year_surveyed":"2011","position_accuracy_class":"9","height_accuracy_class":"9","source_file":"VS_CZ064_MOMC_551252_20260731_DI.jvf.zip"},"geometry":{"type":"LineString","coordinates":[[-594744.42,-1158122.89,218.96],[-594737.47,-1158107.79,219.08],[-594730.52,-1158092.67,219.2]]}},{"type":"Feature","id":"64002050000006117","properties":{"id":"64002050000006117","dmvs_type":"0100000021","track_ref":"","popis_objektu":"","year_surveyed":"1985","position_accuracy_class":"9","height_accuracy_class":"9","source_file":"VS_CZ064_MOMC_551252_20260731_DI.jvf.zip"},"geometry":{"type":"LineString","coordinates":[[-594695.37,-1158040.91,219.49],[-594689.91,-1158025.21,219.61],[-594685.4,-1158015.71,219.73]]}},{"type":"Feature","id":"64002050000006188","properties":{"id":"64002050000006188","dmvs_type":"0100000021","track_ref":"","popis_objektu":"","year_surveyed":"1982","position_accuracy_class":"9","height_accuracy_class":"9","source_file":"VS_CZ064_MOMC_551252_20260731_DI.jvf.zip"},"geometry":{"type":"LineString","coordinates":[[-595144.45,-1159014.83,215.14],[-595136.64,-1159005.26,215.14],[-595129.96,-1158994.57,215.14]]}},{"type":"Feature","id":"64002050000006238","properties":{"id":"64002050000006238","dmvs_type":"0100000021","track_ref":"","popis_objektu":"","year_surveyed":"9999","position_accuracy_class":"9","height_accuracy_class":"9","source_file":"VS_CZ064_MOMC_551252_20260731_DI.jvf.zip"},"geometry":{"type":"LineString","coordinates":[[-595157.38,-1159190.98,214.29],[-595145.25,-1159183.72,214.74],[-595134.78,-1159176.94,214.25],[-595124.29,-1159169.37,214.74],[-595110.21,-1159157.3,214.74],[-595100.4,-1159147.4,214.21],[-595092.88,-1159139.01,214.74],[-595084.88,-1159129.12,214.74],[-595078.71,-1159120.46,213.57],[-595070.44,-1159106.85,214.74],[-595062.74,-1159091.93,214.74],[-595053.55,-1159072.44,213.54],[-595009.14,-1158975.49,214.41],[-594976.27,-1158903.89,214.21],[-594937.3,-1158818.61,214.74],[-594904.85,-1158748.1,214.87],[-594855.44,-1158639.95,215.22],[-594823.32,-1158570.07,215.55],[-594795.41,-1158508.99,215.74],[-594787.34,-1158489.71,214.74],[-594780.56,-1158471.08,215.9],[-594776.03,-1158456.77,214.74],[-594772.17,-1158442.47,215.96]]}},{"type":"Feature","id":"64002050000006250","properties":{"id":"64002050000006250","dmvs_type":"0100000021","track_ref":"","popis_objektu":"","year_surveyed":"2006","position_accuracy_class":"9","height_accuracy_class":"9","source_file":"VS_CZ064_MOMC_551252_20260731_DI.jvf.zip"},"geometry":{"type":"LineString","coordinates":[[-594073.7,-1157741.89,218.68],[-594067.64,-1157745.24,218.74],[-594066.47,-1157745.86,218.54]]}},{"type":"Feature","id":"64002050000006303","properties":{"id":"64002050000006303","dmvs_type":"0100000021","track_ref":"","popis_objektu":"","year_surveyed":"9999","position_accuracy_class":"9","height_accuracy_class":"9","source_file":"VS_CZ064_MOMC_551252_20260731_DI.jvf.zip"},"geometry":{"type":"LineString","coordinates":[[-594670.61,-1158094.83,212.99],[-594670.52,-1158086.14,212.96],[-594670.4,-1158069.83,212.92],[-594669.93,-1158056.88,214.07],[-594668.82,-1158043.38,213.09],[-594667.19,-1158027.82,213.09],[-594664.77,-1158004.47,213.12],[-594660.58,-1157968.23,213.29],[-594659.26,-1157958.66,213.28],[-594655.37,-1157939.52,214.07],[-594648.76,-1157915.74,214.07],[-594643.0,-1157898.26,213.93],[-594633.68,-1157877.11,214.07],[-594625.0,-1157861.23,214.56],[-594610.48,-1157837.9,214.07],[-594596.69,-1157819.48,215.33],[-594578.93,-1157799.97,214.07],[-594563.66,-1157784.78,216.03],[-594540.17,-1157766.29,216.25],[-594515.28,-1157749.49,216.26]]}},{"type":"Feature","id":"64002050000006318","properties":{"id":"64002050000006318","dmvs_type":"0100000021","track_ref":"","popis_objektu":"","year_surveyed":"1985","position_accuracy_class":"9","height_accuracy_class":"9","source_file":"VS_CZ064_MOMC_551252_20260731_DI.jvf.zip"},"geometry":{"type":"LineString","coordinates":[[-594600.73,-1157736.97,220.93],[-594564.77,-1157706.2,220.93]]}},{"type":"Feature","id":"64002050000006359","properties":{"id":"64002050000006359","dmvs_type":"0100000021","track_ref":"","popis_objektu":"","year_surveyed":"9999","position_accuracy_class":"9","height_accuracy_class":"9","source_file":"VS_CZ064_MOMC_551252_20260731_DI.jvf.zip"},"geometry":{"type":"LineString","coordinates":[[-595221.66,-1159182.86,214.54],[-595218.13,-1159180.12,214.52]]}},{"type":"Feature","id":"64002050000006427","properties":{"id":"64002050000006427","dmvs_type":"0100000021","track_ref":"","popis_objektu":"","year_surveyed":"9999","position_accuracy_class":"9","height_accuracy_class":"9","source_file":"VS_CZ064_MOMC_551252_20260731_DI.jvf.zip"},"geometry":{"type":"LineString","coordinates":[[-595519.32,-1159367.84,213.89],[-595505.05,-1159361.47,213.98]]}},{"type":"Feature","id":"64002050000006449","properties":{"id":"64002050000006449","dmvs_type":"0100000021","track_ref":"","popis_objektu":"","year_surveyed":"9999","position_accuracy_class":"9","height_accuracy_class":"9","source_file":"VS_CZ064_MOMC_551252_20260731_DI.jvf.zip"},"geometry":{"type":"LineString","coordinates":[[-594735.05,-1158426.33,217.17],[-594735.39,-1158424.51,217.19],[-594737.02,-1158411.48,218.02],[-594737.66,-1158401.57,217.45],[-594737.84,-1158378.36,217.7],[-594736.94,-1158292.47,218.35],[-594737.0,-1158276.48,218.02],[-594736.1,-1158261.77,218.02],[-594734.24,-1158248.98,218.02],[-594732.23,-1158239.2,218.7],[-594729.23,-1158228.23,218.02],[-594726.28,-1158219.14,218.7],[-594719.12,-1158201.48,218.92]]}},{"type":"Feature","id":"64002050000006580","properties":{"id":"64002050000006580","dmvs_type":"0100000021","track_ref":"","popis_objektu":"","year_surveyed":"1982","position_accuracy_class":"9","height_accuracy_class":"9","source_file":"VS_CZ064_MOMC_551252_20260731_DI.jvf.zip"},"geometry":{"type":"LineString","coordinates":[[-595201.4,-1159073.02,215.06],[-595191.12,-1159059.96,215.04],[-595182.25,-1159045.84,215.03]]}},{"type":"Feature","id":"64002050000006603","properties":{"id":"64002050000006603","dmvs_type":"0100000021","track_ref":"","popis_objektu":"","year_surveyed":"1985","position_accuracy_class":"9","height_accuracy_class":"9","source_file":"VS_CZ064_MOMC_551252_20260731_DI.jvf.zip"},"geometry":{"type":"LineString","coordinates":[[-594685.47,-1157918.22,220.52],[-594683.74,-1157901.69,220.66],[-594680.22,-1157885.41,220.8]]}},{"type":"Feature","id":"64002050000006612","properties":{"id":"64002050000006612","dmvs_type":"0100000021","track_ref":"","popis_objektu":"","year_surveyed":"1989","position_accuracy_class":"9","height_accuracy_class":"9","source_file":"VS_CZ064_MOMC_551252_20260731_DI.jvf.zip"},"geometry":{"type":"LineString","coordinates":[[-594378.0,-1157691.29,216.21],[-594367.94,-1157690.91,216.17],[-594358.17,-1157688.83,216.14]]}},{"type":"Feature","id":"64002050000006856","properties":{"id":"64002050000006856","dmvs_type":"0100000021","track_ref":"","popis_objektu":"","year_surveyed":"9999","position_accuracy_class":"9","height_accuracy_class":"9","source_file":"VS_CZ064_MOMC_551252_20260731_DI.jvf.zip"},"geometry":{"type":"LineString","coordinates":[[-595107.95,-1159202.37,214.06],[-595094.02,-1159195.85,214.46],[-595079.68,-1159188.35,214.46],[-595067.58,-1159181.33,213.99],[-595051.78,-1159170.17,214.46],[-595037.48,-1159157.51,214.01],[-595026.76,-1159146.47,214.46],[-595018.45,-1159136.59,213.98],[-595010.08,-1159125.17,214.46],[-595003.28,-1159114.36,213.96],[-594995.5,-1159099.67,214.46],[-594988.96,-1159086.31,213.96],[-594966.72,-1159037.82,213.99],[-594947.1,-1158995.35,214.13],[-594909.46,-1158913.64,214.36],[-594869.79,-1158827.61,214.62],[-594833.45,-1158748.66,214.82],[-594799.01,-1158673.98,215.05],[-594788.78,-1158651.89,215.15],[-594782.33,-1158637.29,214.46],[-594777.85,-1158625.51,215.33],[-594769.05,-1158597.49,215.5]]}},{"type":"Feature","id":"64002050000006877","properties":{"id":"64002050000006877","dmvs_type":"0100000021","track_ref":"","popis_objektu":"","year_surveyed":"9999","position_accuracy_class":"9","height_accuracy_class":"9","source_file":"VS_CZ064_MOMC_551252_20260731_DI.jvf.zip"},"geometry":{"type":"LineString","coordinates":[[-594465.78,-1157734.15,215.39],[-594442.74,-1157721.15,215.72],[-594424.19,-1157711.05,215.97],[-594410.34,-1157704.28,215.8],[-594397.68,-1157699.27,216.14],[-594377.81,-1157693.02,215.8]]}},{"type":"Feature","id":"64002050000006887","properties":{"id":"64002050000006887","dmvs_type":"0100000021","track_ref":"","popis_objektu":"","year_surveyed":"2006","position_accuracy_class":"9","height_accuracy_class":"9","source_file":"VS_CZ064_MOMC_551252_20260731_DI.jvf.zip"},"geometry":{"type":"LineString","coordinates":[[-594071.66,-1157736.24,218.45],[-594047.36,-1157751.88,218.78],[-594025.19,-1157764.17,219.12]]}},{"type":"Feature","id":"64002050000006892","properties":{"id":"64002050000006892","dmvs_type":"0100000021","track_ref":"","popis_objektu":"","year_surveyed":"1987","position_accuracy_class":"9","height_accuracy_class":"9","source_file":"VS_CZ064_MOMC_551252_20260731_DI.jvf.zip"},"geometry":{"type":"LineString","coordinates":[[-595316.45,-1159211.6,215.01],[-595309.51,-1159203.68,215.02],[-595300.02,-1159189.91,215.03]]}},{"type":"Feature","id":"64002050000006935","properties":{"id":"64002050000006935","dmvs_type":"0100000021","track_ref":"","popis_objektu":"","year_surveyed":"9999","position_accuracy_class":"9","height_accuracy_class":"9","source_file":"VS_CZ064_MOMC_551252_20260731_DI.jvf.zip"},"geometry":{"type":"LineString","coordinates":[[-594840.84,-1158376.43,216.75],[-594829.55,-1158352.75,216.83],[-594826.81,-1158346.59,216.88],[-594823.03,-1158337.48,216.91],[-594815.27,-1158318.72,217.0],[-594805.48,-1158291.56,217.28],[-594805.13,-1158290.31,217.29],[-594800.99,-1158273.47,217.19],[-594797.39,-1158258.61,217.35],[-594791.86,-1158239.6,217.46]]}},{"type":"Feature","id":"64002050000006969","properties":{"id":"64002050000006969","dmvs_type":"0100000021","track_ref":"","popis_objektu":"","year_surveyed":"9999","position_accuracy_class":"9","height_accuracy_class":"9","source_file":"VS_CZ064_MOMC_551252_20260731_DI.jvf.zip"},"geometry":{"type":"LineString","coordinates":[[-595193.68,-1159152.37,214.26],[-595170.6,-1159129.9,214.2],[-595160.08,-1159118.72,214.16],[-595147.41,-1159104.68,214.1],[-595134.69,-1159088.97,214.66],[-595124.87,-1159075.16,214.66],[-595117.35,-1159063.13,213.55],[-595107.28,-1159044.73,214.66],[-595099.32,-1159027.52,213.55],[-595085.13,-1158996.33,213.62],[-595051.46,-1158922.69,213.85],[-594994.63,-1158798.69,214.66],[-594963.25,-1158729.98,215.02],[-594961.97,-1158727.39,214.66],[-594909.0,-1158611.44,215.42],[-594876.31,-1158540.16,215.61],[-594835.11,-1158450.46,215.94],[-594827.69,-1158433.13,214.66],[-594822.72,-1158419.11,215.99],[-594816.52,-1158396.74,216.05]]}},{"type":"Feature","id":"64002050000007000","properties":{"id":"64002050000007000","dmvs_type":"0100000021","track_ref":"","popis_objektu":"","year_surveyed":"1986","position_accuracy_class":"9","height_accuracy_class":"9","source_file":"VS_CZ064_MOMC_551252_20260731_DI.jvf.zip"},"geometry":{"type":"LineString","coordinates":[[-594777.22,-1158171.7,218.48],[-594768.21,-1158152.26,218.63]]}},{"type":"Feature","id":"64002050000007004","properties":{"id":"64002050000007004","dmvs_type":"0100000021","track_ref":"","popis_objektu":"","year_surveyed":"9999","position_accuracy_class":"9","height_accuracy_class":"9","source_file":"VS_CZ064_MOMC_551252_20260731_DI.jvf.zip"},"geometry":{"type":"LineString","coordinates":[[-594664.78,-1158058.65,212.94],[-594657.49,-1157992.5,213.05],[-594656.37,-1157983.02,213.09],[-594654.07,-1157967.16,213.8],[-594650.92,-1157947.83,213.21],[-594647.66,-1157933.11,213.8],[-594643.6,-1157919.26,213.37],[-594638.36,-1157904.65,213.8],[-594631.37,-1157888.2,213.8],[-594623.88,-1157873.12,213.64],[-594615.33,-1157858.01,213.8],[-594604.07,-1157841.23,213.8],[-594592.61,-1157826.94,214.14],[-594578.98,-1157812.36,213.8],[-594558.36,-1157792.65,214.56],[-594540.9,-1157779.38,213.8],[-594524.99,-1157768.41,214.91],[-594502.01,-1157754.74,215.16]]}},{"type":"Feature","id":"64002050000007038","properties":{"id":"64002050000007038","dmvs_type":"0100000021","track_ref":"","popis_objektu":"","year_surveyed":"9999","position_accuracy_class":"9","height_accuracy_class":"9","source_file":"VS_CZ064_MOMC_551252_20260731_DI.jvf.zip"},"geometry":{"type":"LineString","coordinates":[[-594789.56,-1158315.42,216.7],[-594787.93,-1158311.09,216.54],[-594777.85,-1158285.05,216.74],[-594773.87,-1158274.61,216.82]]}},{"type":"Feature","id":"64002050000007151","properties":{"id":"64002050000007151","dmvs_type":"0100000021","track_ref":"","popis_objektu":"","year_surveyed":"1984","position_accuracy_class":"9","height_accuracy_class":"9","source_file":"VS_CZ064_MOMC_551252_20260731_DI.jvf.zip"},"geometry":{"type":"LineString","coordinates":[[-594766.61,-1158254.6,217.3],[-594764.55,-1158248.92,217.24],[-594761.34,-1158239.91,217.37],[-594759.22,-1158234.1,217.3]]}},{"type":"Feature","id":"64002050000007242","properties":{"id":"64002050000007242","dmvs_type":"0100000021","track_ref":"","popis_objektu":"","year_surveyed":"1986","position_accuracy_class":"9","height_accuracy_class":"9","source_file":"VS_CZ064_MOMC_551252_20260731_DI.jvf.zip"},"geometry":{"type":"LineString","coordinates":[[-594730.94,-1158082.1,219.18],[-594723.9,-1158066.75,219.31],[-594718.78,-1158051.1,219.44]]}},{"type":"Feature","id":"64002050000007315","properties":{"id":"64002050000007315","dmvs_type":"0100000021","track_ref":"","popis_objektu":"","year_surveyed":"9999","position_accuracy_class":"9","height_accuracy_class":"9","source_file":"VS_CZ064_MOMC_551252_20260731_DI.jvf.zip"},"geometry":{"type":"LineString","coordinates":[[-594772.18,-1158352.42,216.24],[-594771.87,-1158349.48,216.26]]}},{"type":"Feature","id":"64002050000007391","properties":{"id":"64002050000007391","dmvs_type":"0100000021","track_ref":"532a","popis_objektu":"kolej č. 532a","year_surveyed":"0","position_accuracy_class":"9","height_accuracy_class":"9","source_file":"VS_CZ064_MOMC_551252_20260731_DI.jvf.zip"},"geometry":{"type":"LineString","coordinates":[[-594830.55,-1159002.23,0.0],[-594808.95,-1158970.54,0.0],[-594779.76,-1158923.79,0.0],[-594745.47,-1158868.66,0.0],[-594732.26,-1158847.16,0.0],[-594727.09,-1158838.52,0.0],[-594707.93,-1158808.37,0.0]]}},{"type":"Feature","id":"64002050000007405","properties":{"id":"64002050000007405","dmvs_type":"0100000021","track_ref":"521","popis_objektu":"kolej č. 521","year_surveyed":"0","position_accuracy_class":"9","height_accuracy_class":"9","source_file":"VS_CZ064_MOMC_551252_20260731_DI.jvf.zip"},"geometry":{"type":"LineString","coordinates":[[-594784.59,-1158878.58,0.0],[-594778.31,-1158843.61,0.0],[-594778.31,-1158843.61,0.0],[-594774.48,-1158822.48,0.0],[-594772.97,-1158816.12,0.0],[-594771.39,-1158811.22,0.0],[-594765.51,-1158797.77,0.0],[-594752.74,-1158770.52,0.0],[-594725.2,-1158710.81,0.0]]}},{"type":"Feature","id":"64002050000007406","properties":{"id":"64002050000007406","dmvs_type":"0100000021","track_ref":"501","popis_objektu":"kolej č. 501","year_surveyed":"0","position_accuracy_class":"9","height_accuracy_class":"9","source_file":"VS_CZ064_MOMC_551252_20260731_DI.jvf.zip"},"geometry":{"type":"LineString","coordinates":[[-594964.56,-1159121.91,0.0],[-594963.73,-1159120.04,0.0],[-594961.0,-1159114.91,0.0],[-594958.52,-1159109.92,0.0],[-594956.88,-1159106.44,0.0],[-594954.76,-1159101.9,0.0],[-594950.06,-1159091.9,0.0],[-594947.48,-1159086.43,0.0],[-594945.38,-1159081.97,0.0],[-594943.19,-1159077.31,0.0],[-594940.88,-1159072.37,0.0],[-594937.74,-1159065.61,0.0],[-594934.64,-1159058.91,0.0],[-594932.36,-1159053.96,0.0],[-594930.97,-1159050.94,0.0],[-594930.9,-1159050.81,0.0],[-594930.78,-1159050.54,0.0],[-594930.64,-1159050.23,0.0],[-594923.74,-1159035.29,0.0],[-594893.32,-1158969.03,0.0],[-594881.32,-1158941.74,0.0],[-594841.08,-1158853.48,0.0],[-594767.24,-1158693.29,0.0],[-594748.39,-1158653.89,0.0],[-594727.67,-1158619.43,0.0],[-594727.67,-1158619.43,0.0],[-594715.05,-1158598.95,0.0],[-594703.16,-1158580.99,0.0],[-594688.07,-1158558.44,0.0]]}},{"type":"Feature","id":"64002050000007409","properties":{"id":"64002050000007409","dmvs_type":"0100000021","track_ref":"505","popis_objektu":"kolej č. 505","year_surveyed":"0","position_accuracy_class":"9","height_accuracy_class":"9","source_file":"VS_CZ064_MOMC_551252_20260731_DI.jvf.zip"},"geometry":{"type":"LineString","coordinates":[[-594908.66,-1159068.31,0.0],[-594902.94,-1159054.91,0.0],[-594902.94,-1159054.91,0.0],[-594889.32,-1159025.09,0.0],[-594882.94,-1159008.68,0.0],[-594878.24,-1158993.58,0.0],[-594874.58,-1158982.14,0.0],[-594817.69,-1158855.86,0.0],[-594815.02,-1158848.75,0.0],[-594806.31,-1158819.91,0.0],[-594806.31,-1158819.91,0.0],[-594800.55,-1158802.91,0.0],[-594795.08,-1158787.12,0.0]]}},{"type":"Feature","id":"64002050000007417","properties":{"id":"64002050000007417","dmvs_type":"0100000021","track_ref":"517","popis_objektu":"kolej č. 517","year_surveyed":"0","position_accuracy_class":"9","height_accuracy_class":"9","source_file":"VS_CZ064_MOMC_551252_20260731_DI.jvf.zip"},"geometry":{"type":"LineString","coordinates":[[-594679.57,-1158697.68,0.0],[-594655.11,-1158641.13,0.0],[-594645.97,-1158620.06,0.0],[-594637.97,-1158591.67,0.0],[-594633.17,-1158562.59,0.0],[-594632.32,-1158523.39,0.0]]}},{"type":"Feature","id":"64002050000007424","properties":{"id":"64002050000007424","dmvs_type":"0100000021","track_ref":"548","popis_objektu":"kolej č. 548","year_surveyed":"0","position_accuracy_class":"9","height_accuracy_class":"9","source_file":"VS_CZ064_MOMC_551252_20260731_DI.jvf.zip"},"geometry":{"type":"LineString","coordinates":[[-594593.02,-1158644.91,0.0],[-594589.54,-1158632.53,0.0],[-594585.07,-1158613.06,0.0],[-594584.28,-1158607.96,0.0],[-594583.79,-1158604.01,0.0],[-594583.32,-1158599.29,0.0],[-594582.94,-1158594.03,0.0],[-594582.72,-1158588.67,0.0],[-594582.67,-1158581.25,0.0],[-594582.84,-1158575.62,0.0],[-594583.33,-1158568.25,0.0],[-594584.07,-1158561.34,0.0],[-594585.47,-1158552.21,0.0],[-594588.62,-1158537.99,0.0],[-594591.75,-1158525.61,0.0],[-594591.75,-1158525.61,0.0],[-594614.3,-1158436.81,0.0],[-594614.3,-1158436.81,0.0],[-594617.78,-1158428.34,0.0],[-594622.19,-1158419.1,0.0],[-594625.77,-1158411.74,0.0],[-594628.99,-1158404.92,0.0],[-594631.93,-1158398.91,0.0],[-594633.77,-1158394.7,0.0],[-594636.44,-1158388.42,0.0],[-594638.82,-1158381.96,0.0],[-594641.4,-1158373.71,0.0],[-594646.46,-1158355.66,0.0]]}},{"type":"Feature","id":"64002050000007442","properties":{"id":"64002050000007442","dmvs_type":"0100000021","track_ref":"542b","popis_objektu":"kolej č. 542b","year_surveyed":"0","position_accuracy_class":"9","height_accuracy_class":"9","source_file":"VS_CZ064_MOMC_551252_20260731_DI.jvf.zip"},"geometry":{"type":"LineString","coordinates":[[-594661.11,-1158389.15,0.0],[-594660.22,-1158399.99,0.0],[-594659.71,-1158408.13,0.0],[-594659.71,-1158416.9,0.0],[-594660.48,-1158426.42,0.0],[-594661.37,-1158433.93,0.0],[-594663.17,-1158443.2,0.0],[-594667.15,-1158459.35,0.0],[-594687.29,-1158523.59,0.0],[-594689.6,-1158530.22,0.0],[-594693.06,-1158540.74,0.0],[-594695.89,-1158548.88,0.0],[-594698.96,-1158556.65,0.0],[-594707.94,-1158575.93,0.0]]}},{"type":"Feature","id":"64002050000007497","properties":{"id":"64002050000007497","dmvs_type":"0100000021","track_ref":"","popis_objektu":"","year_surveyed":"2022","position_accuracy_class":"5","height_accuracy_class":"9","source_file":"VS_CZ064_MOMC_551252_20260731_DI.jvf.zip"},"geometry":{"type":"LineString","coordinates":[[-594674.92,-1157601.58,0.0],[-594646.6,-1157597.81,0.0],[-594632.01,-1157594.7,0.0],[-594619.44,-1157591.56,0.0],[-594613.8,-1157590.15,0.0],[-594604.34,-1157587.78,0.0],[-594600.52,-1157586.83,0.0],[-594592.59,-1157585.45,0.0],[-594576.62,-1157583.26,0.0],[-594560.65,-1157581.08,0.0]]}},{"type":"Feature","id":"64002050000007499","properties":{"id":"64002050000007499","dmvs_type":"0100000021","track_ref":"","popis_objektu":"","year_surveyed":"2022","position_accuracy_class":"5","height_accuracy_class":"9","source_file":"VS_CZ064_MOMC_551252_20260731_DI.jvf.zip"},"geometry":{"type":"LineString","coordinates":[[-594986.76,-1157964.68,0.0],[-594967.68,-1157905.76,0.0],[-594948.6,-1157846.85,0.0],[-594942.07,-1157829.0,0.0],[-594933.98,-1157812.9,0.0],[-594910.81,-1157773.13,0.0],[-594906.64,-1157766.78,0.0],[-594900.65,-1157759.09,0.0],[-594880.81,-1157737.35,0.0],[-594860.97,-1157715.61,0.0],[-594851.58,-1157705.68,0.0],[-594842.19,-1157695.75,0.0],[-594822.09,-1157677.34,0.0],[-594802.0,-1157658.94,0.0],[-594789.39,-1157649.85,0.0],[-594776.78,-1157640.77,0.0],[-594767.83,-1157635.76,0.0],[-594758.89,-1157630.76,0.0],[-594749.33,-1157626.12,0.0],[-594739.77,-1157621.49,0.0],[-594731.46,-1157618.06,0.0],[-594723.15,-1157614.63,0.0],[-594713.62,-1157611.08,0.0],[-594704.1,-1157607.54,0.0]]}},{"type":"Feature","id":"64002050000007500","properties":{"id":"64002050000007500","dmvs_type":"0100000021","track_ref":"","popis_objektu":"","year_surveyed":"2022","position_accuracy_class":"5","height_accuracy_class":"9","source_file":"VS_CZ064_MOMC_551252_20260731_DI.jvf.zip"},"geometry":{"type":"LineString","coordinates":[[-594993.42,-1157962.53,0.0],[-594954.69,-1157842.96,0.0],[-594948.18,-1157826.17,0.0],[-594940.57,-1157809.61,0.0],[-594930.15,-1157789.7,0.0],[-594923.04,-1157778.16,0.0],[-594908.59,-1157756.45,0.0],[-594891.11,-1157734.87,0.0],[-594882.88,-1157725.9,0.0],[-594847.05,-1157690.86,0.0],[-594834.28,-1157678.15,0.0],[-594821.51,-1157665.44,0.0],[-594804.82,-1157651.58,0.0],[-594788.64,-1157640.49,0.0],[-594779.14,-1157635.12,0.0],[-594769.64,-1157629.75,0.0],[-594762.93,-1157626.65,0.0],[-594756.23,-1157623.55,0.0],[-594749.24,-1157620.86,0.0],[-594742.26,-1157618.18,0.0],[-594736.77,-1157616.4,0.0],[-594731.28,-1157614.63,0.0],[-594717.69,-1157611.08,0.0],[-594704.1,-1157607.54,0.0]]}},{"type":"Feature","id":"64002050000001882","properties":{"id":"64002050000001882","dmvs_type":"0100000021","track_ref":"","popis_objektu":"","year_surveyed":"1979","position_accuracy_class":"9","height_accuracy_class":"9","source_file":"VS_CZ064_MOMC_551252_20260731_DI.jvf.zip"},"geometry":{"type":"LineString","coordinates":[[-594790.3,-1158376.03,216.18],[-594789.9,-1158363.4,216.24],[-594787.82,-1158350.97,216.31]]}},{"type":"Feature","id":"64002050000001907","properties":{"id":"64002050000001907","dmvs_type":"0100000021","track_ref":"","popis_objektu":"","year_surveyed":"1987","position_accuracy_class":"9","height_accuracy_class":"9","source_file":"VS_CZ064_MOMC_551252_20260731_DI.jvf.zip"},"geometry":{"type":"LineString","coordinates":[[-595286.27,-1159187.0,215.06],[-595276.82,-1159173.29,215.04],[-595267.4,-1159159.61,215.03]]}},{"type":"Feature","id":"64002050000001965","properties":{"id":"64002050000001965","dmvs_type":"0100000021","track_ref":"","popis_objektu":"","year_surveyed":"1988","position_accuracy_class":"9","height_accuracy_class":"9","source_file":"VS_CZ064_MOMC_551252_20260731_DI.jvf.zip"},"geometry":{"type":"LineString","coordinates":[[-594725.55,-1158453.07,216.86],[-594721.03,-1158441.29,217.0],[-594714.97,-1158430.14,217.15]]}},{"type":"Feature","id":"64002050000002546","properties":{"id":"64002050000002546","dmvs_type":"0100000021","track_ref":"","popis_objektu":"","year_surveyed":"9999","position_accuracy_class":"9","height_accuracy_class":"9","source_file":"VS_CZ064_MOMC_551252_20260731_DI.jvf.zip"},"geometry":{"type":"LineString","coordinates":[[-595247.17,-1159227.3,214.51],[-595244.72,-1159225.66,214.42]]}},{"type":"Feature","id":"64002050000002620","properties":{"id":"64002050000002620","dmvs_type":"0100000021","track_ref":"","popis_objektu":"","year_surveyed":"1983","position_accuracy_class":"9","height_accuracy_class":"9","source_file":"VS_CZ064_MOMC_551252_20260731_DI.jvf.zip"},"geometry":{"type":"LineString","coordinates":[[-595234.78,-1159222.58,214.36],[-595223.74,-1159216.47,214.4],[-595212.73,-1159210.39,214.44]]}},{"type":"Feature","id":"64002050000000399","properties":{"id":"64002050000000399","dmvs_type":"0100000021","track_ref":"","popis_objektu":"","year_surveyed":"1982","position_accuracy_class":"9","height_accuracy_class":"9","source_file":"VS_CZ064_MOMC_551252_20260731_DI.jvf.zip"},"geometry":{"type":"LineString","coordinates":[[-594666.75,-1157753.81,222.64],[-594661.96,-1157733.51,222.86],[-594655.61,-1157713.77,223.08]]}},{"type":"Feature","id":"64002050000000154","properties":{"id":"64002050000000154","dmvs_type":"0100000021","track_ref":"","popis_objektu":"","year_surveyed":"1985","position_accuracy_class":"9","height_accuracy_class":"9","source_file":"VS_CZ064_MOMC_551252_20260731_DI.jvf.zip"},"geometry":{"type":"LineString","coordinates":[[-594683.01,-1157843.18,221.68],[-594681.52,-1157830.64,221.53],[-594680.23,-1157818.44,221.65],[-594677.67,-1157801.55,221.84],[-594674.37,-1157786.16,222.0]]}},{"type":"Feature","id":"64002050000000160","properties":{"id":"64002050000000160","dmvs_type":"0100000021","track_ref":"","popis_objektu":"","year_surveyed":"1982","position_accuracy_class":"9","height_accuracy_class":"9","source_file":"VS_CZ064_MOMC_551252_20260731_DI.jvf.zip"},"geometry":{"type":"LineString","coordinates":[[-594689.87,-1157884.17,221.23],[-594689.18,-1157880.86,221.27],[-594685.06,-1157861.29,221.48],[-594682.99,-1157851.5,221.59],[-594681.3,-1157843.46,221.68]]}},{"type":"Feature","id":"64002050000003290","properties":{"id":"64002050000003290","dmvs_type":"0100000021","track_ref":"","popis_objektu":"","year_surveyed":"1980","position_accuracy_class":"9","height_accuracy_class":"9","source_file":"VS_CZ064_MOMC_551252_20260731_DI.jvf.zip"},"geometry":{"type":"LineString","coordinates":[[-595254.16,-1159193.95,214.48],[-595246.2,-1159184.16,214.47],[-595239.55,-1159173.39,214.47]]}},{"type":"Feature","id":"64002050000000262","properties":{"id":"64002050000000262","dmvs_type":"0100000021","track_ref":"","popis_objektu":"","year_surveyed":"2015","position_accuracy_class":"9","height_accuracy_class":"9","source_file":"VS_CZ064_MOMC_551252_20260731_DI.jvf.zip"},"geometry":{"type":"LineString","coordinates":[[-594630.48,-1157649.08,223.82],[-594630.27,-1157648.44,223.83],[-594627.19,-1157638.92,223.95],[-594624.11,-1157629.41,224.09],[-594621.03,-1157619.9,224.23],[-594617.95,-1157610.38,224.36],[-594614.87,-1157600.87,224.5],[-594611.8,-1157591.35,224.64],[-594608.72,-1157581.84,224.76],[-594605.64,-1157572.32,224.87],[-594602.56,-1157562.81,224.99],[-594599.48,-1157553.29,225.1],[-594598.22,-1157549.41,225.14],[-594598.0,-1157548.72,225.15],[-594595.11,-1157539.79,225.25],[-594592.33,-1157531.14,225.35],[-594589.25,-1157521.39,225.47],[-594586.16,-1157511.33,225.59],[-594583.23,-1157501.42,225.71],[-594583.19,-1157501.29,225.71],[-594580.61,-1157492.14,225.82],[-594577.95,-1157482.16,225.93],[-594575.48,-1157472.09,226.05],[-594573.26,-1157462.19,226.17],[-594571.2,-1157451.89,226.28],[-594569.62,-1157442.56,226.44],[-594568.86,-1157437.75,226.44],[-594567.64,-1157428.56,226.54],[-594566.51,-1157417.65,226.67],[-594565.72,-1157406.61,226.79],[-594565.69,-1157406.15,226.8],[-594565.25,-1157395.48,226.92],[-594565.14,-1157385.94,227.03],[-594565.31,-1157375.54,227.15],[-594565.75,-1157365.61,227.26],[-594566.47,-1157355.69,227.37],[-594566.74,-1157352.68,227.41],[-594567.75,-1157343.41,227.51],[-594569.08,-1157333.65,227.62],[-594569.16,-1157333.13,227.63],[-594570.74,-1157323.53,227.74],[-594572.59,-1157313.98,227.86],[-594574.66,-1157304.64,227.96],[-594576.9,-1157295.72,228.06],[-594579.51,-1157286.33,228.17],[-594581.39,-1157280.28,228.24],[-594582.7,-1157276.05,228.29],[-594586.27,-1157265.7,228.41],[-594590.21,-1157255.33,228.53],[-594594.44,-1157245.15,228.65],[-594598.83,-1157235.42,228.76],[-594603.9,-1157225.1,228.89],[-594605.71,-1157221.67,228.93],[-594608.87,-1157215.71,229.0],[-594613.87,-1157206.91,229.11],[-594622.3,-1157193.26,229.27],[-594626.26,-1157187.3,229.35],[-594632.14,-1157178.91,229.46],[-594633.11,-1157177.57,229.49],[-594639.31,-1157169.33,229.61],[-594645.71,-1157161.33,229.73],[-594652.79,-1157152.98,229.83],[-594658.14,-1157147.06,229.92],[-594659.96,-1157145.04,229.95],[-594667.45,-1157137.24,230.09],[-594674.84,-1157130.0,230.22],[-594682.73,-1157122.7,230.35],[-594690.99,-1157115.53,230.49],[-594699.41,-1157108.66,230.62],[-594707.98,-1157102.1,230.76],[-594716.65,-1157095.87,230.89],[-594725.12,-1157090.16,231.02],[-594733.34,-1157084.94,231.14],[-594735.02,-1157083.92,231.17],[-594743.52,-1157078.92,231.29],[-594752.63,-1157073.9,231.42],[-594762.46,-1157068.87,231.55],[-594765.97,-1157067.22,231.59],[-594772.38,-1157064.18,231.66],[-594782.55,-1157059.76,231.75],[-594792.43,-1157055.82,231.84],[-594801.33,-1157052.56,231.92],[-594811.31,-1157049.22,232.0],[-594820.31,-1157046.49,232.08],[-594829.5,-1157043.97,232.16],[-594838.95,-1157041.66,232.23],[-594850.12,-1157039.28,232.32],[-594854.69,-1157038.4,232.36],[-594863.39,-1157036.93,232.43],[-594873.96,-1157035.44,232.52],[-594884.79,-1157034.23,232.61],[-594894.8,-1157033.43,232.69],[-594895.29,-1157033.39,232.69],[-594905.25,-1157032.88,232.76],[-594915.01,-1157032.66,232.83],[-594923.18,-1157032.71,232.88],[-594936.19,-1157033.09,232.98],[-594946.37,-1157033.72,233.05],[-594957.67,-1157034.68,233.13],[-594969.02,-1157035.92,233.2],[-594977.38,-1157036.98,233.26],[-594988.88,-1157038.61,233.34],[-594999.35,-1157040.28,233.41],[-595009.41,-1157042.05,233.47],[-595014.09,-1157042.96,233.49],[-595020.52,-1157044.2,233.51],[-595031.19,-1157046.45,233.52],[-595041.39,-1157048.77,233.52],[-595051.8,-1157051.32,233.53],[-595062.01,-1157054.0,233.53],[-595072.35,-1157056.89,233.54],[-595083.42,-1157060.2,233.54],[-595093.82,-1157063.49,233.55],[-595104.19,-1157066.97,233.55],[-595114.22,-1157070.52,233.56],[-595123.86,-1157074.11,233.56],[-595132.52,-1157077.48,233.57],[-595142.64,-1157081.61,233.57],[-595151.84,-1157085.53,233.58],[-595162.33,-1157090.2,233.59],[-595172.83,-1157095.11,233.59],[-595180.27,-1157098.71,233.59],[-595189.41,-1157103.31,233.6],[-595198.1,-1157107.85,233.61],[-595201.96,-1157109.95,233.61],[-595207.08,-1157112.72,233.61],[-595216.94,-1157118.27,233.61],[-595224.71,-1157122.82,233.62],[-595225.45,-1157123.25,233.62],[-595234.01,-1157128.44,233.63],[-595242.89,-1157134.0,233.63],[-595251.77,-1157139.77,233.64],[-595260.5,-1157145.65,233.64],[-595266.37,-1157149.73,233.65],[-595268.33,-1157151.1,233.65],[-595275.91,-1157156.54,233.67],[-595284.69,-1157163.06,233.7],[-595292.71,-1157169.19,233.71],[-595302.12,-1157176.6,233.74],[-595309.99,-1157182.94,233.77],[-595318.2,-1157189.64,233.78],[-595331.48,-1157200.61,233.81],[-595339.16,-1157206.97,233.83],[-595345.95,-1157212.6,233.85],[-595353.36,-1157218.74,233.87],[-595361.87,-1157225.8,233.89],[-595370.13,-1157232.65,233.91],[-595377.91,-1157239.09,233.93],[-595385.9,-1157245.71,233.95],[-595394.59,-1157252.91,233.98],[-595400.05,-1157257.44,233.99],[-595408.42,-1157264.37,234.02],[-595415.65,-1157270.36,234.04],[-595423.31,-1157276.7,234.06],[-595431.17,-1157283.22,234.07],[-595438.92,-1157289.64,234.09],[-595446.52,-1157295.94,234.11],[-595454.89,-1157302.87,234.14],[-595463.49,-1157310.0,234.16],[-595471.67,-1157316.78,234.18],[-595479.16,-1157322.98,234.2],[-595487.52,-1157329.91,234.22],[-595495.24,-1157336.31,234.24],[-595498.65,-1157339.14,234.25],[-595506.09,-1157345.3,234.27],[-595509.91,-1157348.46,234.28],[-595514.0,-1157351.85,234.3],[-595521.8,-1157358.32,234.31],[-595529.23,-1157364.48,234.33],[-595537.06,-1157370.97,234.35],[-595544.88,-1157377.45,234.37],[-595552.49,-1157383.75,234.39],[-595557.35,-1157387.78,234.41],[-595560.08,-1157390.04,234.42],[-595568.06,-1157396.65,234.44],[-595579.03,-1157405.74,234.48],[-595586.36,-1157411.81,234.51],[-595594.07,-1157418.21,234.54],[-595602.0,-1157424.78,234.57],[-595609.35,-1157430.87,234.59],[-595617.83,-1157437.89,234.62],[-595624.05,-1157443.04,234.65],[-595632.16,-1157449.75,234.67],[-595640.39,-1157456.57,234.7],[-595649.18,-1157463.86,234.73],[-595661.59,-1157474.14,234.81],[-595665.97,-1157477.78,234.85],[-595674.04,-1157484.48,234.95],[-595682.81,-1157491.86,235.06],[-595691.16,-1157499.02,235.17],[-595699.47,-1157506.33,235.29],[-595707.35,-1157513.48,235.4],[-595714.85,-1157520.55,235.51],[-595721.68,-1157527.26,235.6],[-595727.82,-1157533.56,235.69],[-595731.87,-1157537.93,235.75],[-595740.99,-1157548.18,235.89],[-595747.42,-1157555.93,235.99],[-595754.04,-1157564.42,236.1],[-595760.59,-1157573.39,236.21],[-595766.4,-1157581.85,236.31],[-595772.09,-1157590.7,236.42],[-595777.32,-1157599.36,236.52],[-595782.38,-1157608.34,236.63],[-595786.82,-1157616.75,236.72],[-595792.22,-1157627.78,236.84],[-595793.63,-1157630.83,236.88],[-595798.24,-1157641.4,236.99],[-595800.5,-1157647.05,237.04],[-595802.35,-1157651.69,237.09],[-595806.43,-1157662.96,237.18],[-595810.26,-1157674.83,237.29],[-595813.59,-1157686.48,237.39],[-595816.44,-1157697.89,237.49],[-595817.59,-1157703.22,237.53],[-595820.51,-1157718.01,237.65],[-595822.13,-1157727.93,237.74],[-595823.71,-1157739.22,237.84],[-595824.98,-1157749.73,237.93],[-595826.08,-1157759.93,238.01],[-595827.01,-1157769.68,238.09],[-595827.86,-1157779.48,238.17],[-595829.21,-1157796.02,238.3],[-595829.68,-1157801.79,238.35],[-595830.57,-1157812.86,238.44],[-595830.63,-1157813.58,238.45],[-595831.48,-1157824.21,238.56],[-595832.09,-1157831.76,238.63],[-595833.33,-1157847.02,238.79],[-595834.24,-1157857.53,238.9],[-595835.2,-1157867.69,239.0],[-595836.33,-1157878.44,239.11],[-595837.58,-1157888.83,239.22],[-595838.93,-1157898.62,239.32],[-595839.66,-1157903.25,239.37],[-595840.64,-1157909.47,239.43],[-595841.12,-1157912.27,239.46],[-595843.16,-1157922.96,239.58],[-595844.69,-1157929.86,239.65],[-595846.26,-1157936.67,239.72],[-595847.32,-1157940.88,239.76],[-595850.3,-1157951.64,239.88],[-595853.58,-1157962.16,240.0],[-595857.18,-1157972.57,240.11],[-595860.84,-1157982.12,240.21],[-595861.13,-1157982.88,240.22],[-595866.42,-1157995.4,240.32],[-595870.16,-1158003.49,240.39],[-595874.58,-1158012.44,240.46],[-595879.54,-1158021.77,240.54],[-595884.52,-1158030.5,240.61],[-595889.73,-1158039.07,240.69],[-595894.89,-1158047.01,240.75],[-595901.06,-1158055.95,240.84],[-595907.45,-1158064.63,240.91],[-595914.1,-1158073.11,240.98],[-595921.19,-1158081.58,241.06],[-595928.17,-1158089.41,241.13],[-595935.07,-1158096.71,241.21],[-595937.6,-1158099.25,241.24],[-595942.39,-1158104.02,241.3],[-595949.16,-1158110.41,241.38],[-595956.91,-1158117.32,241.47],[-595965.32,-1158124.37,241.57],[-595973.33,-1158130.68,241.66],[-595980.74,-1158136.19,241.74],[-595989.32,-1158142.21,241.83],[-595997.33,-1158147.49,241.92],[-596006.37,-1158153.08,242.01],[-596014.84,-1158157.98,242.1],[-596024.06,-1158162.96,242.19],[-596032.53,-1158167.23,242.28],[-596042.16,-1158171.75,242.37],[-596050.78,-1158175.48,242.46],[-596059.59,-1158179.03,242.54],[-596068.92,-1158182.49,242.63],[-596078.82,-1158185.83,242.72],[-596089.17,-1158188.98,242.82],[-596099.34,-1158191.74,242.92],[-596109.26,-1158194.12,243.01],[-596119.54,-1158196.26,243.1],[-596131.1,-1158198.28,243.2],[-596132.05,-1158198.42,243.21],[-596142.37,-1158199.88,243.32],[-596153.36,-1158201.07,243.44],[-596164.85,-1158201.95,243.56],[-596188.93,-1158202.56,243.82],[-596201.25,-1158202.23,243.96],[-596211.15,-1158201.65,244.06],[-596220.42,-1158200.85,244.16],[-596230.31,-1158199.72,244.26],[-596239.7,-1158198.38,244.36],[-596248.68,-1158196.86,244.46],[-596259.12,-1158194.78,244.57],[-596270.45,-1158192.15,244.7],[-596279.77,-1158189.68,244.8],[-596289.76,-1158186.73,244.91],[-596295.91,-1158184.75,244.98],[-596305.3,-1158181.49,245.09],[-596322.56,-1158174.65,245.28],[-596324.65,-1158173.78,245.31],[-596334.21,-1158169.47,245.42],[-596343.13,-1158165.18,245.52],[-596351.91,-1158160.72,245.61],[-596355.72,-1158158.69,245.64],[-596360.66,-1158156.07,245.68],[-596366.76,-1158152.69,245.71],[-596369.66,-1158151.08,245.73],[-596377.68,-1158146.5,245.77],[-596386.06,-1158141.61,245.8],[-596394.16,-1158136.78,245.85],[-596402.68,-1158131.66,245.88],[-596409.88,-1158127.3,245.91],[-596416.76,-1158123.14,245.95],[-596426.39,-1158117.3,245.99],[-596434.55,-1158112.36,246.03],[-596443.55,-1158106.92,246.08],[-596452.76,-1158101.34,246.12],[-596458.63,-1158097.79,246.15],[-596466.21,-1158093.2,246.18],[-596474.95,-1158087.91,246.22],[-596478.65,-1158085.67,246.22],[-596483.42,-1158082.78,246.23],[-596492.36,-1158077.37,246.24],[-596501.69,-1158071.72,246.25],[-596510.96,-1158066.11,246.25],[-596520.05,-1158060.6,246.25],[-596528.97,-1158055.2,246.25],[-596538.53,-1158049.41,246.25],[-596546.52,-1158044.57,246.25],[-596551.98,-1158041.27,246.25],[-596554.46,-1158039.77,246.26],[-596560.92,-1158035.85,246.26],[-596563.88,-1158034.06,246.26],[-596573.53,-1158028.22,246.27],[-596582.93,-1158022.52,246.28],[-596591.79,-1158017.16,246.27],[-596600.13,-1158012.1,246.27],[-596609.7,-1158006.31,246.27],[-596618.61,-1158000.91,246.26],[-596621.24,-1157999.32,246.26],[-596628.28,-1157995.06,246.24],[-596638.0,-1157989.17,246.2],[-596647.03,-1157983.7,246.16],[-596655.71,-1157978.45,246.12],[-596666.24,-1157972.08,246.07],[-596669.09,-1157970.35,246.06],[-596678.19,-1157964.84,246.03],[-596686.93,-1157959.55,245.99],[-596695.5,-1157954.36,245.94],[-596703.93,-1157949.25,245.91],[-596713.0,-1157943.76,245.87],[-596722.15,-1157938.21,245.82],[-596731.35,-1157932.64,245.79],[-596739.89,-1157927.47,245.75],[-596749.08,-1157921.91,245.7],[-596758.13,-1157916.43,245.65],[-596767.31,-1157910.87,245.58],[-596775.89,-1157905.67,245.51],[-596776.92,-1157905.05,245.5],[-596785.24,-1157900.01,245.41],[-596793.25,-1157895.16,245.32],[-596799.34,-1157891.48,245.25],[-596808.39,-1157886.0,245.13],[-596817.92,-1157880.22,245.0],[-596826.88,-1157874.8,244.87],[-596835.84,-1157869.37,244.74],[-596845.09,-1157863.77,244.61],[-596853.87,-1157858.45,244.48],[-596863.1,-1157852.87,244.35],[-596871.98,-1157847.49,244.22],[-596881.01,-1157842.03,244.09],[-596889.87,-1157836.66,243.96],[-596898.65,-1157831.34,243.84],[-596908.06,-1157825.65,243.68],[-596915.61,-1157821.08,243.58],[-596924.35,-1157815.79,243.46],[-596932.73,-1157810.71,243.34],[-596941.48,-1157805.42,243.21],[-596950.51,-1157799.95,243.08],[-596959.01,-1157794.8,242.96],[-596967.72,-1157789.53,242.83],[-596976.0,-1157784.52,242.71],[-596983.87,-1157779.75,242.6],[-596992.12,-1157774.76,242.47],[-597000.31,-1157769.8,242.36],[-597007.81,-1157765.26,242.25],[-597015.71,-1157760.48,242.14],[-597023.32,-1157755.87,242.03],[-597028.09,-1157752.98,241.96],[-597031.6,-1157750.86,241.91],[-597039.25,-1157746.23,241.8],[-597047.24,-1157741.38,241.69],[-597047.73,-1157741.09,241.68],[-597056.33,-1157735.88,241.54],[-597065.78,-1157730.16,241.39],[-597074.17,-1157725.08,241.26],[-597082.94,-1157719.77,241.13],[-597091.71,-1157714.46,241.0],[-597100.75,-1157708.98,240.85],[-597109.09,-1157703.93,240.72],[-597118.03,-1157698.52,240.59],[-597127.48,-1157692.8,240.44],[-597136.2,-1157687.52,240.29],[-597145.04,-1157682.16,240.16],[-597154.96,-1157676.15,240.0],[-597164.44,-1157670.41,239.85],[-597173.07,-1157665.18,239.72],[-597182.17,-1157659.67,239.58],[-597190.69,-1157654.52,239.45],[-597199.08,-1157649.44,239.32],[-597207.97,-1157644.06,239.17],[-597216.73,-1157638.75,239.04],[-597225.39,-1157633.51,238.91],[-597234.52,-1157627.98,238.77],[-597243.48,-1157622.55,238.63],[-597252.39,-1157617.16,238.49],[-597261.69,-1157611.53,238.35],[-597269.3,-1157606.93,238.23],[-597277.97,-1157601.67,238.1],[-597287.02,-1157596.19,237.95],[-597295.65,-1157590.97,237.82],[-597304.78,-1157585.44,237.68],[-597316.79,-1157578.17,237.49],[-597322.5,-1157574.71,237.4],[-597334.96,-1157567.16,237.21],[-597340.52,-1157563.79,237.13],[-597349.19,-1157558.54,237.0],[-597349.45,-1157558.38,236.99],[-597357.71,-1157553.38,236.88],[-597367.02,-1157547.74,236.76],[-597376.04,-1157542.28,236.63],[-597384.73,-1157537.02,236.52],[-597394.3,-1157531.22,236.4],[-597396.49,-1157529.89,236.36],[-597406.56,-1157523.79,236.23],[-597415.86,-1157518.15,236.1],[-597432.83,-1157507.87,235.88],[-597441.91,-1157502.38,235.76],[-597456.62,-1157493.46,235.56],[-597466.5,-1157487.47,235.43],[-597475.24,-1157482.18,235.31],[-597483.82,-1157476.99,235.2],[-597492.62,-1157471.66,235.08],[-597501.19,-1157466.47,234.97],[-597509.33,-1157461.54,234.86],[-597520.29,-1157454.9,234.71],[-597522.96,-1157453.28,234.67],[-597532.57,-1157447.46,234.54],[-597541.03,-1157442.34,234.44],[-597548.48,-1157437.82,234.36],[-597550.69,-1157436.49,234.34],[-597559.92,-1157430.9,234.27],[-597569.11,-1157425.33,234.21],[-597577.29,-1157420.37,234.17],[-597585.63,-1157415.32,234.12],[-597594.42,-1157409.99,234.07],[-597603.54,-1157404.47,234.02],[-597611.95,-1157399.37,233.97],[-597620.67,-1157394.08,233.91],[-597629.84,-1157388.53,233.86],[-597640.28,-1157382.2,233.8],[-597645.78,-1157378.87,233.76],[-597656.95,-1157372.11,233.7],[-597665.47,-1157366.96,233.65],[-597674.01,-1157361.79,233.6],[-597682.63,-1157356.59,233.56],[-597687.82,-1157353.46,233.53],[-597691.49,-1157351.24,233.51],[-597693.91,-1157349.78,233.5],[-597700.38,-1157345.87,233.47],[-597710.39,-1157339.84,233.42],[-597717.28,-1157335.69,233.39],[-597725.96,-1157330.48,233.35],[-597734.57,-1157325.38,233.31],[-597742.7,-1157320.65,233.27],[-597751.52,-1157315.64,233.22],[-597760.24,-1157310.83,233.18],[-597771.96,-1157304.67,233.13],[-597780.09,-1157300.63,233.09],[-597790.34,-1157295.79,233.04],[-597799.6,-1157291.69,232.99],[-597808.66,-1157287.93,232.95],[-597818.06,-1157284.27,232.91],[-597827.89,-1157280.69,232.86],[-597837.82,-1157277.35,232.82],[-597850.51,-1157273.46,232.76],[-597857.12,-1157271.57,232.71],[-597867.28,-1157268.88,232.63],[-597876.95,-1157266.51,232.54],[-597886.96,-1157264.21,232.47],[-597896.83,-1157262.06,232.39],[-597908.47,-1157259.65,232.29],[-597912.19,-1157258.9,232.27],[-597922.42,-1157256.87,232.19],[-597927.5,-1157255.86,232.15],[-597942.56,-1157252.88,232.03],[-597951.97,-1157251.02,231.96],[-597961.15,-1157249.21,231.88],[-597970.98,-1157247.27,231.81],[-597981.37,-1157245.22,231.73],[-597991.62,-1157243.2,231.65],[-597997.32,-1157242.07,231.59],[-598001.14,-1157241.31,231.55],[-598010.44,-1157239.47,231.45],[-598018.87,-1157237.81,231.36],[-598028.59,-1157235.89,231.25],[-598037.33,-1157234.16,231.15],[-598046.48,-1157232.36,231.04],[-598055.63,-1157230.55,230.94],[-598065.55,-1157228.59,230.83],[-598075.67,-1157226.6,230.72],[-598085.42,-1157224.67,230.6],[-598097.59,-1157222.26,230.46],[-598105.06,-1157220.78,230.38],[-598115.62,-1157218.67,230.26],[-598121.12,-1157217.53,230.19],[-598125.6,-1157216.6,230.14],[-598134.91,-1157214.58,230.04],[-598145.28,-1157212.2,229.92],[-598154.84,-1157209.84,229.81],[-598165.08,-1157207.1,229.7],[-598174.9,-1157204.23,229.59],[-598183.22,-1157201.55,229.49],[-598196.06,-1157197.03,229.34],[-598204.35,-1157193.79,229.24],[-598209.36,-1157191.71,229.18],[-598218.44,-1157187.71,229.06],[-598227.65,-1157183.34,228.95],[-598236.03,-1157179.06,228.84],[-598244.96,-1157174.19,228.73],[-598253.58,-1157169.15,228.62],[-598262.28,-1157163.73,228.5],[-598269.63,-1157158.87,228.41],[-598277.09,-1157153.65,228.3],[-598285.25,-1157147.61,228.19],[-598292.6,-1157141.84,228.09],[-598292.87,-1157141.62,228.08],[-598300.02,-1157135.68,227.99],[-598307.02,-1157129.54,227.9],[-598314.71,-1157122.4,227.8],[-598321.06,-1157116.17,227.72],[-598328.04,-1157108.94,227.62],[-598335.12,-1157101.16,227.52],[-598341.96,-1157093.18,227.42],[-598348.14,-1157085.53,227.32],[-598354.87,-1157076.66,227.21],[-598360.86,-1157068.25,227.11],[-598365.21,-1157061.74,227.04],[-598371.55,-1157051.82,226.92],[-598376.84,-1157042.96,226.82],[-598382.32,-1157033.3,226.71],[-598383.32,-1157031.48,226.69],[-598387.51,-1157023.73,226.6],[-598391.96,-1157015.24,226.53],[-598395.99,-1157007.34,226.48],[-598400.23,-1156998.91,226.45],[-598403.28,-1156992.78,226.42],[-598403.3,-1156992.73,226.42],[-598404.25,-1156990.94,226.41]]}},{"type":"Feature","id":"64002050000000425","properties":{"id":"64002050000000425","dmvs_type":"0100000021","track_ref":"","popis_objektu":"","year_surveyed":"2015","position_accuracy_class":"9","height_accuracy_class":"9","source_file":"VS_CZ064_MOMC_551252_20260731_DI.jvf.zip"},"geometry":{"type":"LineString","coordinates":[[-595974.97,-1159788.41,209.96],[-595973.61,-1159784.81,209.96],[-595970.36,-1159776.32,210.02],[-595970.26,-1159776.07,210.03],[-595963.84,-1159759.34,210.17],[-595961.28,-1159752.65,210.23],[-595956.23,-1159739.59,210.36],[-595952.16,-1159729.21,210.46],[-595946.95,-1159716.32,210.58],[-595942.59,-1159705.9,210.68],[-595937.01,-1159693.17,210.81],[-595932.24,-1159682.88,210.89],[-595930.4,-1159679.05,210.93],[-595927.69,-1159673.53,210.97],[-595925.97,-1159670.11,211.0],[-595920.86,-1159660.33,211.07],[-595914.03,-1159648.0,211.16],[-595908.38,-1159638.38,211.24],[-595900.95,-1159626.4,211.34],[-595894.83,-1159617.09,211.41],[-595887.81,-1159606.87,211.49],[-595880.27,-1159596.47,211.58],[-595871.7,-1159585.28,211.67],[-595864.71,-1159576.61,211.74],[-595855.6,-1159565.84,211.83],[-595848.18,-1159557.53,211.9],[-595839.66,-1159548.39,211.98],[-595830.74,-1159539.3,212.06],[-595826.74,-1159535.35,212.1],[-595821.78,-1159530.59,212.14],[-595812.42,-1159521.94,212.23],[-595802.74,-1159513.42,212.31],[-595793.28,-1159505.51,212.39],[-595782.31,-1159496.8,212.47],[-595773.97,-1159490.49,212.54],[-595773.35,-1159490.03,212.55],[-595761.97,-1159481.87,212.65],[-595756.76,-1159478.29,212.71],[-595752.69,-1159475.55,212.74],[-595740.77,-1159467.83,212.85],[-595731.43,-1159462.04,212.93],[-595719.23,-1159454.77,213.03],[-595709.77,-1159449.3,213.11],[-595695.65,-1159441.35,213.24],[-595687.51,-1159436.86,213.31],[-595671.49,-1159428.08,213.42],[-595665.94,-1159425.05,213.45],[-595644.0,-1159413.06,213.6],[-595622.06,-1159401.08,213.74],[-595600.12,-1159389.09,213.87],[-595578.18,-1159377.1,214.02],[-595567.63,-1159371.34,214.09],[-595556.25,-1159365.12,214.17],[-595534.4,-1159353.05,214.32],[-595521.03,-1159345.5,214.37],[-595512.74,-1159340.73,214.46],[-595506.68,-1159337.17,214.45],[-595501.18,-1159333.94,214.44],[-595491.37,-1159327.98,214.6],[-595482.56,-1159322.46,214.66],[-595472.87,-1159316.27,214.73],[-595470.4,-1159314.65,214.74],[-595461.77,-1159308.86,214.8],[-595454.9,-1159304.11,214.84],[-595449.93,-1159300.61,214.85],[-595438.7,-1159292.42,214.86],[-595429.98,-1159285.83,214.85],[-595422.1,-1159279.68,214.85],[-595410.57,-1159270.34,214.85],[-595400.1,-1159261.51,214.85],[-595399.88,-1159261.31,214.85],[-595391.73,-1159254.18,214.86],[-595382.24,-1159245.58,214.85],[-595373.49,-1159237.34,214.86],[-595364.39,-1159228.48,214.86],[-595355.86,-1159219.85,214.86],[-595346.67,-1159210.24,214.86],[-595338.86,-1159201.76,214.86],[-595330.02,-1159191.82,214.86],[-595322.53,-1159183.06,214.86],[-595314.06,-1159172.8,214.86],[-595306.88,-1159163.78,214.86],[-595300.35,-1159155.31,214.86],[-595291.93,-1159143.95,214.86],[-595290.81,-1159142.4,214.84],[-595286.11,-1159135.82,214.87],[-595277.71,-1159123.61,214.87],[-595272.19,-1159115.27,214.87],[-595264.23,-1159102.75,214.87],[-595257.32,-1159091.39,214.86],[-595252.98,-1159084.0,214.86],[-595251.51,-1159081.44,214.86],[-595247.71,-1159074.72,214.88],[-595244.59,-1159069.03,214.89],[-595239.54,-1159059.67,214.9],[-595232.77,-1159046.62,214.93],[-595228.22,-1159037.52,214.94],[-595217.38,-1159015.09,214.97],[-595206.84,-1158992.48,215.01],[-595199.42,-1158976.34,215.05],[-595195.25,-1158967.25,215.06],[-595191.08,-1158958.16,215.08],[-595186.92,-1158949.07,215.09],[-595182.75,-1158939.98,215.11],[-595178.58,-1158930.89,215.12],[-595174.42,-1158921.8,215.14],[-595170.25,-1158912.71,215.15],[-595166.08,-1158903.62,215.17],[-595161.91,-1158894.53,215.18],[-595157.75,-1158885.44,215.2],[-595149.41,-1158867.26,215.23],[-595145.25,-1158858.16,215.24],[-595141.08,-1158849.07,215.26],[-595136.91,-1158839.98,215.27],[-595132.75,-1158830.89,215.29],[-595128.58,-1158821.8,215.3],[-595124.41,-1158812.71,215.32],[-595120.24,-1158803.62,215.33],[-595116.08,-1158794.53,215.35],[-595111.91,-1158785.44,215.36],[-595103.58,-1158767.26,215.39],[-595099.41,-1158758.17,215.41],[-595095.24,-1158749.08,215.42],[-595091.08,-1158739.99,215.44],[-595086.91,-1158730.9,215.45],[-595082.74,-1158721.81,215.47],[-595078.57,-1158712.72,215.48],[-595074.41,-1158703.63,215.5],[-595070.24,-1158694.54,215.51],[-595066.07,-1158685.45,215.53],[-595057.74,-1158667.27,215.56],[-595053.57,-1158658.17,215.57],[-595049.41,-1158649.08,215.59],[-595045.24,-1158639.99,215.6],[-595041.07,-1158630.9,215.62],[-595036.91,-1158621.81,215.63],[-595032.74,-1158612.72,215.65],[-595028.57,-1158603.63,215.66],[-595020.24,-1158585.45,215.69],[-595016.07,-1158576.36,215.71],[-595011.9,-1158567.27,215.72],[-595007.74,-1158558.18,215.74],[-595003.57,-1158549.09,215.75],[-594999.4,-1158540.0,215.77],[-594995.24,-1158530.91,215.78],[-594991.07,-1158521.82,215.8],[-594986.9,-1158512.73,215.81],[-594982.73,-1158503.64,215.83],[-594974.4,-1158485.46,215.86],[-594970.23,-1158476.37,215.87],[-594966.07,-1158467.28,215.89],[-594961.9,-1158458.18,215.9],[-594957.73,-1158449.09,215.92],[-594953.57,-1158440.0,215.93],[-594949.4,-1158430.91,215.95],[-594945.23,-1158421.82,215.96],[-594941.06,-1158412.73,215.98],[-594936.9,-1158403.64,215.99],[-594928.56,-1158385.46,216.02],[-594924.4,-1158376.37,216.04],[-594920.23,-1158367.28,216.05],[-594916.06,-1158358.19,216.07],[-594911.9,-1158349.1,216.08],[-594907.73,-1158340.01,216.1],[-594903.56,-1158330.92,216.11],[-594899.39,-1158321.83,216.14],[-594895.23,-1158312.74,216.17],[-594891.07,-1158303.64,216.21],[-594886.95,-1158294.53,216.26],[-594882.87,-1158285.4,216.31],[-594878.82,-1158276.26,216.38],[-594874.81,-1158267.1,216.45],[-594870.84,-1158257.92,216.53],[-594866.9,-1158248.73,216.62],[-594859.06,-1158230.33,216.82],[-594855.14,-1158221.13,216.92],[-594843.37,-1158193.53,217.25],[-594839.45,-1158184.34,217.38],[-594827.68,-1158156.74,217.75],[-594823.76,-1158147.54,217.88],[-594812.0,-1158119.94,218.25],[-594808.08,-1158110.74,218.37],[-594800.23,-1158092.35,218.62],[-594796.31,-1158083.15,218.75],[-594792.39,-1158073.95,218.87],[-594780.62,-1158046.35,219.25],[-594776.7,-1158037.15,219.37],[-594764.94,-1158009.56,219.71],[-594761.01,-1158000.36,219.82],[-594757.09,-1157991.16,219.92],[-594753.17,-1157981.96,220.03],[-594749.25,-1157972.76,220.14],[-594745.36,-1157963.55,220.25],[-594741.51,-1157954.32,220.35],[-594737.69,-1157945.08,220.46],[-594733.92,-1157935.82,220.57],[-594730.91,-1157928.35,220.65]]}},{"type":"Feature","id":"64002050000000467","properties":{"id":"64002050000000467","dmvs_type":"0100000021","track_ref":"","popis_objektu":"","year_surveyed":"2015","position_accuracy_class":"9","height_accuracy_class":"9","source_file":"VS_CZ064_MOMC_551252_20260731_DI.jvf.zip"},"geometry":{"type":"LineString","coordinates":[[-595987.25,-1159899.28,209.63],[-595986.78,-1159897.8,209.62],[-595981.1,-1159880.69,209.68],[-595980.26,-1159878.17,209.69],[-595972.71,-1159854.34,209.77],[-595965.69,-1159830.32,209.87],[-595965.05,-1159828.04,209.88],[-595959.59,-1159808.39,209.97],[-595958.99,-1159806.2,209.99],[-595955.51,-1159793.67,210.07],[-595952.29,-1159782.09,210.16],[-595948.5,-1159768.82,210.28],[-595945.33,-1159758.17,210.38],[-595941.14,-1159745.02,210.5],[-595939.78,-1159740.83,210.54],[-595937.63,-1159734.62,210.59],[-595934.21,-1159725.22,210.67],[-595932.48,-1159720.68,210.7],[-595928.85,-1159711.58,210.77],[-595923.82,-1159699.7,210.85],[-595918.99,-1159689.09,210.92],[-595912.48,-1159675.69,211.01],[-595908.04,-1159667.15,211.07],[-595902.49,-1159656.96,211.15],[-595896.02,-1159645.77,211.23],[-595889.98,-1159635.87,211.31],[-595882.97,-1159625.01,211.38],[-595875.18,-1159613.62,211.46],[-595868.9,-1159604.91,211.52],[-595860.24,-1159593.53,211.61],[-595853.84,-1159585.54,211.67],[-595844.62,-1159574.62,211.77],[-595837.82,-1159566.95,211.84],[-595830.01,-1159558.51,211.92],[-595820.92,-1159549.15,212.02],[-595812.72,-1159541.09,212.1],[-595803.16,-1159532.2,212.19],[-595795.01,-1159524.96,212.25],[-595784.58,-1159516.15,212.34],[-595775.85,-1159509.14,212.41],[-595765.83,-1159501.48,212.48],[-595765.23,-1159501.03,212.49],[-595756.4,-1159494.64,212.57],[-595749.38,-1159489.75,212.64],[-595745.15,-1159486.89,212.69],[-595736.87,-1159481.46,212.77],[-595724.37,-1159473.64,212.89],[-595715.89,-1159468.53,212.98],[-595703.05,-1159461.06,213.11],[-595681.36,-1159448.9,213.32],[-595681.0,-1159448.7,213.32],[-595664.56,-1159439.69,213.43],[-595659.46,-1159436.91,213.47],[-595637.52,-1159424.93,213.61],[-595615.58,-1159412.94,213.75],[-595593.64,-1159400.95,213.89],[-595571.7,-1159388.97,214.03],[-595561.6,-1159383.45,214.1],[-595549.76,-1159376.97,214.17],[-595527.81,-1159364.85,214.32],[-595511.19,-1159355.45,214.4],[-595505.95,-1159352.42,214.46],[-595499.42,-1159348.58,214.51],[-595494.4,-1159345.63,214.54],[-595484.3,-1159339.5,214.61],[-595475.06,-1159333.7,214.68],[-595465.93,-1159327.87,214.74],[-595462.96,-1159325.93,214.76],[-595452.42,-1159318.84,214.84],[-595447.18,-1159315.2,214.84],[-595442.09,-1159311.61,214.85],[-595433.26,-1159305.21,214.86],[-595421.75,-1159296.54,214.86],[-595413.15,-1159289.83,214.86],[-595401.96,-1159280.76,214.86],[-595393.53,-1159273.68,214.87],[-595391.53,-1159271.93,214.86],[-595382.75,-1159264.27,214.86],[-595374.88,-1159257.17,214.86],[-595364.15,-1159247.1,214.86],[-595356.47,-1159239.65,214.85],[-595346.17,-1159229.28,214.86],[-595337.88,-1159220.6,214.86],[-595328.85,-1159210.82,214.86],[-595320.88,-1159201.85,214.86],[-595312.2,-1159191.75,214.85],[-595304.55,-1159182.51,214.86],[-595296.25,-1159172.1,214.85],[-595289.6,-1159163.46,214.85],[-595281.01,-1159151.89,214.86],[-595279.83,-1159150.25,214.82],[-595274.68,-1159143.02,214.86],[-595266.51,-1159131.14,214.87],[-595259.19,-1159120.04,214.86],[-595252.76,-1159109.89,214.86],[-595246.35,-1159099.39,214.86],[-595241.28,-1159090.76,214.86],[-595239.78,-1159088.16,214.86],[-595235.64,-1159080.83,214.87],[-595233.77,-1159077.42,214.87],[-595227.59,-1159065.99,214.9],[-595221.19,-1159053.65,214.93],[-595216.11,-1159043.52,214.94],[-595205.16,-1159020.87,214.98],[-595194.57,-1158998.13,215.0],[-595186.93,-1158981.49,215.05],[-595182.76,-1158972.4,215.06],[-595178.59,-1158963.31,215.08],[-595174.43,-1158954.22,215.09],[-595170.26,-1158945.13,215.11],[-595166.09,-1158936.04,215.12],[-595157.76,-1158917.86,215.15],[-595153.59,-1158908.77,215.17],[-595149.43,-1158899.68,215.18],[-595145.26,-1158890.59,215.2],[-595141.09,-1158881.5,215.21],[-595136.92,-1158872.41,215.23],[-595128.59,-1158854.23,215.26],[-595124.42,-1158845.14,215.27],[-595120.26,-1158836.05,215.29],[-595116.09,-1158826.95,215.3],[-595111.92,-1158817.86,215.32],[-595107.76,-1158808.77,215.33],[-595103.59,-1158799.68,215.35],[-595099.42,-1158790.59,215.36],[-595091.09,-1158772.41,215.39],[-595086.92,-1158763.32,215.41],[-595082.75,-1158754.23,215.42],[-595078.59,-1158745.14,215.44],[-595074.42,-1158736.05,215.45],[-595070.25,-1158726.96,215.47],[-595066.09,-1158717.87,215.48],[-595061.92,-1158708.78,215.5],[-595053.58,-1158690.6,215.53],[-595049.42,-1158681.51,215.54],[-595045.25,-1158672.42,215.56],[-595041.08,-1158663.33,215.57],[-595036.92,-1158654.24,215.59],[-595032.75,-1158645.15,215.6],[-595028.58,-1158636.06,215.62],[-595024.42,-1158626.96,215.63],[-595016.08,-1158608.78,215.66],[-595011.91,-1158599.69,215.68],[-595007.75,-1158590.6,215.69],[-595003.58,-1158581.51,215.71],[-594999.41,-1158572.42,215.72],[-594995.25,-1158563.33,215.74],[-594991.08,-1158554.24,215.75],[-594986.91,-1158545.15,215.77],[-594978.58,-1158526.97,215.8],[-594974.41,-1158517.88,215.81],[-594970.25,-1158508.79,215.83],[-594966.08,-1158499.7,215.84],[-594961.91,-1158490.61,215.86],[-594957.74,-1158481.52,215.87],[-594953.58,-1158472.43,215.89],[-594949.41,-1158463.34,215.9],[-594941.08,-1158445.16,215.93],[-594936.91,-1158436.07,215.95],[-594932.74,-1158426.98,215.96],[-594928.58,-1158417.88,215.98],[-594924.41,-1158408.79,215.99],[-594920.24,-1158399.7,216.01],[-594916.07,-1158390.61,216.02],[-594911.91,-1158381.52,216.04],[-594903.57,-1158363.34,216.07],[-594899.41,-1158354.25,216.08],[-594895.23,-1158345.16,216.1],[-594891.02,-1158336.09,216.12],[-594886.78,-1158327.04,216.15],[-594882.5,-1158318.0,216.19],[-594878.18,-1158308.98,216.24],[-594873.83,-1158299.98,216.29],[-594869.44,-1158290.99,216.35],[-594865.02,-1158282.02,216.41],[-594860.56,-1158273.07,216.49],[-594856.06,-1158264.14,216.56],[-594851.53,-1158255.23,216.63],[-594846.96,-1158246.33,216.71],[-594842.36,-1158237.45,216.79],[-594837.72,-1158228.59,216.88],[-594833.05,-1158219.75,216.98],[-594828.34,-1158210.93,217.09],[-594823.6,-1158202.13,217.2],[-594818.82,-1158193.34,217.31],[-594775.69,-1158114.35,218.41],[-594770.91,-1158105.56,218.54],[-594766.2,-1158096.75,218.66],[-594761.58,-1158087.88,218.78],[-594757.07,-1158078.95,218.9],[-594752.68,-1158069.97,219.03],[-594748.39,-1158060.93,219.14],[-594744.22,-1158051.84,219.26],[-594740.17,-1158042.7,219.37],[-594736.23,-1158033.51,219.49],[-594732.4,-1158024.27,219.6],[-594728.69,-1158014.98,219.72],[-594725.1,-1158005.65,219.83],[-594721.62,-1157996.28,219.95],[-594718.27,-1157986.86,220.06],[-594715.02,-1157977.4,220.18],[-594711.9,-1157967.9,220.29],[-594708.9,-1157958.36,220.41],[-594706.02,-1157948.78,220.52],[-594703.4,-1157939.69,220.63]]}},{"type":"Feature","id":"64002050000000697","properties":{"id":"64002050000000697","dmvs_type":"0100000021","track_ref":"","popis_objektu":"","year_surveyed":"1982","position_accuracy_class":"9","height_accuracy_class":"9","source_file":"VS_CZ064_MOMC_551252_20260731_DI.jvf.zip"},"geometry":{"type":"LineString","coordinates":[[-594689.87,-1157884.17,221.23],[-594685.59,-1157863.82,221.46],[-594683.01,-1157843.18,221.68]]}},{"type":"Feature","id":"64002050000000884","properties":{"id":"64002050000000884","dmvs_type":"0100000021","track_ref":"","popis_objektu":"","year_surveyed":"1983","position_accuracy_class":"9","height_accuracy_class":"9","source_file":"VS_CZ064_MOMC_551252_20260731_DI.jvf.zip"},"geometry":{"type":"LineString","coordinates":[[-595222.03,-1159231.31,214.31],[-595211.59,-1159229.95,214.31],[-595200.94,-1159229.74,214.31]]}},{"type":"Feature","id":"64002050000000891","properties":{"id":"64002050000000891","dmvs_type":"0100000021","track_ref":"","popis_objektu":"","year_surveyed":"1986","position_accuracy_class":"9","height_accuracy_class":"9","source_file":"VS_CZ064_MOMC_551252_20260731_DI.jvf.zip"},"geometry":{"type":"LineString","coordinates":[[-594748.75,-1158120.89,218.97],[-594746.0,-1158114.93,219.07],[-594741.55,-1158105.26,219.07],[-594737.33,-1158096.06,219.07],[-594734.84,-1158090.69,219.18]]}},{"type":"Feature","id":"64002050000000947","properties":{"id":"64002050000000947","dmvs_type":"0100000021","track_ref":"","popis_objektu":"","year_surveyed":"9999","position_accuracy_class":"9","height_accuracy_class":"9","source_file":"VS_CZ064_MOMC_551252_20260731_DI.jvf.zip"},"geometry":{"type":"LineString","coordinates":[[-595224.27,-1159210.8,214.4],[-595212.16,-1159201.9,214.34]]}},{"type":"Feature","id":"64002050000000992","properties":{"id":"64002050000000992","dmvs_type":"0100000021","track_ref":"","popis_objektu":"","year_surveyed":"9999","position_accuracy_class":"9","height_accuracy_class":"9","source_file":"VS_CZ064_MOMC_551252_20260731_DI.jvf.zip"},"geometry":{"type":"LineString","coordinates":[[-595225.28,-1159209.65,214.79],[-595193.64,-1159180.26,214.28],[-595179.71,-1159167.67,214.26],[-595165.48,-1159155.76,214.23],[-595145.66,-1159139.27,214.79],[-595129.35,-1159123.83,214.09],[-595117.29,-1159110.01,214.79],[-595107.67,-1159096.63,213.49],[-595096.89,-1159078.83,214.79],[-595088.54,-1159063.09,214.79],[-595081.17,-1159048.48,213.5],[-595041.3,-1158961.68,213.77],[-595007.39,-1158887.81,214.79],[-594947.88,-1158758.0,214.79],[-594888.43,-1158628.42,215.3],[-594853.15,-1158551.21,215.63],[-594820.64,-1158479.93,215.84],[-594810.87,-1158456.24,215.92],[-594804.84,-1158436.19,215.97],[-594799.9,-1158417.48,215.99]]}},{"type":"Feature","id":"64002050000001015","properties":{"id":"64002050000001015","dmvs_type":"0100000021","track_ref":"","popis_objektu":"","year_surveyed":"9999","position_accuracy_class":"9","height_accuracy_class":"9","source_file":"VS_CZ064_MOMC_551252_20260731_DI.jvf.zip"},"geometry":{"type":"LineString","coordinates":[[-595307.25,-1159223.66,214.92],[-595302.19,-1159216.64,214.92]]}},{"type":"Feature","id":"64002050000001036","properties":{"id":"64002050000001036","dmvs_type":"0100000021","track_ref":"","popis_objektu":"","year_surveyed":"1980","position_accuracy_class":"9","height_accuracy_class":"9","source_file":"VS_CZ064_MOMC_551252_20260731_DI.jvf.zip"},"geometry":{"type":"LineString","coordinates":[[-595212.47,-1159169.16,214.43],[-595202.58,-1159161.33,214.34],[-595193.68,-1159152.37,214.26]]}},{"type":"Feature","id":"64002050000001061","properties":{"id":"64002050000001061","dmvs_type":"0100000021","track_ref":"","popis_objektu":"","year_surveyed":"9999","position_accuracy_class":"9","height_accuracy_class":"9","source_file":"VS_CZ064_MOMC_551252_20260731_DI.jvf.zip"},"geometry":{"type":"LineString","coordinates":[[-595221.87,-1159222.27,214.37],[-595214.87,-1159218.48,214.43],[-595204.47,-1159212.98,214.43],[-595190.55,-1159206.61,214.36],[-595179.95,-1159202.11,214.23]]}},{"type":"Feature","id":"64002050000001086","properties":{"id":"64002050000001086","dmvs_type":"0100000021","track_ref":"","popis_objektu":"","year_surveyed":"2008","position_accuracy_class":"9","height_accuracy_class":"9","source_file":"VS_CZ064_MOMC_551252_20260731_DI.jvf.zip"},"geometry":{"type":"LineString","coordinates":[[-595241.35,-1159122.13,215.11],[-595239.64,-1159119.69,215.09],[-595227.69,-1159102.06,215.14],[-595225.98,-1159099.6,215.11]]}},{"type":"Feature","id":"64002050000001144","properties":{"id":"64002050000001144","dmvs_type":"0100000021","track_ref":"","popis_objektu":"","year_surveyed":"9999","position_accuracy_class":"9","height_accuracy_class":"9","source_file":"VS_CZ064_MOMC_551252_20260731_DI.jvf.zip"},"geometry":{"type":"LineString","coordinates":[[-595287.86,-1159193.53,214.95],[-595284.75,-1159187.94,215.04]]}},{"type":"Feature","id":"64002050000001147","properties":{"id":"64002050000001147","dmvs_type":"0100000021","track_ref":"","popis_objektu":"","year_surveyed":"9999","position_accuracy_class":"9","height_accuracy_class":"9","source_file":"VS_CZ064_MOMC_551252_20260731_DI.jvf.zip"},"geometry":{"type":"LineString","coordinates":[[-594745.83,-1158522.8,216.07],[-594745.22,-1158520.82,216.07],[-594742.47,-1158511.34,216.39],[-594739.82,-1158501.35,216.35]]}},{"type":"Feature","id":"64002050000001279","properties":{"id":"64002050000001279","dmvs_type":"0100000021","track_ref":"","popis_objektu":"","year_surveyed":"1981","position_accuracy_class":"9","height_accuracy_class":"9","source_file":"VS_CZ064_MOMC_551252_20260731_DI.jvf.zip"},"geometry":{"type":"LineString","coordinates":[[-594697.86,-1158202.3,218.89],[-594700.42,-1158189.93,219.0],[-594701.41,-1158177.36,219.11]]}},{"type":"Feature","id":"64002050000001313","properties":{"id":"64002050000001313","dmvs_type":"0100000021","track_ref":"","popis_objektu":"","year_surveyed":"2004","position_accuracy_class":"9","height_accuracy_class":"9","source_file":"VS_CZ064_MOMC_551252_20260731_DI.jvf.zip"},"geometry":{"type":"LineString","coordinates":[[-595467.69,-1159343.15,214.27],[-595449.39,-1159333.26,214.37],[-595431.84,-1159321.87,214.47]]}},{"type":"Feature","id":"64002050000001341","properties":{"id":"64002050000001341","dmvs_type":"0100000021","track_ref":"","popis_objektu":"","year_surveyed":"9999","position_accuracy_class":"9","height_accuracy_class":"9","source_file":"VS_CZ064_MOMC_551252_20260731_DI.jvf.zip"},"geometry":{"type":"LineString","coordinates":[[-594077.77,-1157732.35,218.4],[-594071.66,-1157736.24,218.45]]}},{"type":"Feature","id":"64002050000001431","properties":{"id":"64002050000001431","dmvs_type":"0100000021","track_ref":"","popis_objektu":"","year_surveyed":"1988","position_accuracy_class":"9","height_accuracy_class":"9","source_file":"VS_CZ064_MOMC_551252_20260731_DI.jvf.zip"},"geometry":{"type":"LineString","coordinates":[[-594749.09,-1158550.25,215.89],[-594745.93,-1158540.07,215.89],[-594741.77,-1158530.41,215.89]]}},{"type":"Feature","id":"64002050000001449","properties":{"id":"64002050000001449","dmvs_type":"0100000021","track_ref":"","popis_objektu":"","year_surveyed":"1980","position_accuracy_class":"9","height_accuracy_class":"9","source_file":"VS_CZ064_MOMC_551252_20260731_DI.jvf.zip"},"geometry":{"type":"LineString","coordinates":[[-594836.34,-1158405.96,215.93],[-594831.02,-1158394.32,215.91],[-594825.79,-1158382.85,215.9]]}},{"type":"Feature","id":"64002050000001561","properties":{"id":"64002050000001561","dmvs_type":"0100000021","track_ref":"","popis_objektu":"","year_surveyed":"1984","position_accuracy_class":"9","height_accuracy_class":"9","source_file":"VS_CZ064_MOMC_551252_20260731_DI.jvf.zip"},"geometry":{"type":"LineString","coordinates":[[-594765.58,-1158370.36,216.26],[-594764.99,-1158359.62,216.26],[-594764.41,-1158349.12,216.26]]}},{"type":"Feature","id":"64002050000001655","properties":{"id":"64002050000001655","dmvs_type":"0100000021","track_ref":"","popis_objektu":"","year_surveyed":"1988","position_accuracy_class":"9","height_accuracy_class":"9","source_file":"VS_CZ064_MOMC_551252_20260731_DI.jvf.zip"},"geometry":{"type":"LineString","coordinates":[[-594753.91,-1158548.84,216.25],[-594749.87,-1158535.82,216.25],[-594747.65,-1158522.25,216.25]]}},{"type":"Feature","id":"64002050000001747","properties":{"id":"64002050000001747","dmvs_type":"0100000021","track_ref":"","popis_objektu":"","year_surveyed":"1987","position_accuracy_class":"9","height_accuracy_class":"9","source_file":"VS_CZ064_MOMC_551252_20260731_DI.jvf.zip"},"geometry":{"type":"LineString","coordinates":[[-595291.82,-1159183.16,215.13],[-595280.73,-1159170.52,215.1],[-595271.27,-1159156.87,215.07]]}},{"type":"Feature","id":"64002050000001748","properties":{"id":"64002050000001748","dmvs_type":"0100000021","track_ref":"","popis_objektu":"","year_surveyed":"1987","position_accuracy_class":"9","height_accuracy_class":"9","source_file":"VS_CZ064_MOMC_551252_20260731_DI.jvf.zip"},"geometry":{"type":"LineString","coordinates":[[-595265.2,-1159156.26,215.01],[-595264.15,-1159154.66,215.01],[-595259.19,-1159147.63,215.01],[-595253.04,-1159138.8,215.01]]}},{"type":"Feature","id":"64002050000001759","properties":{"id":"64002050000001759","dmvs_type":"0100000021","track_ref":"","popis_objektu":"","year_surveyed":"1979","position_accuracy_class":"9","height_accuracy_class":"9","source_file":"VS_CZ064_MOMC_551252_20260731_DI.jvf.zip"},"geometry":{"type":"LineString","coordinates":[[-594796.03,-1158374.87,216.2],[-594792.72,-1158362.68,216.24],[-594789.43,-1158350.51,216.28]]}},{"type":"Feature","id":"64002050000000466","properties":{"id":"64002050000000466","dmvs_type":"0100000021","track_ref":"","popis_objektu":"","year_surveyed":"1988","position_accuracy_class":"9","height_accuracy_class":"9","source_file":"VS_CZ064_MOMC_551252_20260731_DI.jvf.zip"},"geometry":{"type":"LineString","coordinates":[[-594730.91,-1157928.35,220.65],[-594730.18,-1157926.54,220.67],[-594726.48,-1157917.25,220.78],[-594722.83,-1157907.94,220.89],[-594719.21,-1157898.62,220.99],[-594715.63,-1157889.28,221.1],[-594712.09,-1157879.93,221.21],[-594708.59,-1157870.56,221.31],[-594705.13,-1157861.18,221.42],[-594701.71,-1157851.78,221.53],[-594698.33,-1157842.37,221.63],[-594694.99,-1157832.95,221.74],[-594691.69,-1157823.51,221.85],[-594688.42,-1157814.05,221.95],[-594685.2,-1157804.59,222.06],[-594682.02,-1157795.11,222.17],[-594678.88,-1157785.61,222.27],[-594675.78,-1157776.11,222.38],[-594672.7,-1157766.59,222.49],[-594669.62,-1157757.08,222.59],[-594668.41,-1157753.35,222.64]]}},{"type":"Feature","id":"64002050000001871","properties":{"id":"64002050000001871","dmvs_type":"0100000021","track_ref":"","popis_objektu":"","year_surveyed":"1988","position_accuracy_class":"9","height_accuracy_class":"9","source_file":"VS_CZ064_MOMC_551252_20260731_DI.jvf.zip"},"geometry":{"type":"LineString","coordinates":[[-594756.96,-1158127.33,218.82],[-594747.42,-1158106.65,218.83],[-594716.27,-1158038.26,219.55]]}},{"type":"Feature","id":"64002050000001971","properties":{"id":"64002050000001971","dmvs_type":"0100000021","track_ref":"","popis_objektu":"","year_surveyed":"1983","position_accuracy_class":"9","height_accuracy_class":"9","source_file":"VS_CZ064_MOMC_551252_20260731_DI.jvf.zip"},"geometry":{"type":"LineString","coordinates":[[-595221.17,-1159223.68,214.36],[-595209.42,-1159219.09,214.35],[-595197.24,-1159216.09,214.35]]}},{"type":"Feature","id":"64002050000001998","properties":{"id":"64002050000001998","dmvs_type":"0100000021","track_ref":"","popis_objektu":"","year_surveyed":"2007","position_accuracy_class":"9","height_accuracy_class":"9","source_file":"VS_CZ064_MOMC_551252_20260731_DI.jvf.zip"},"geometry":{"type":"LineString","coordinates":[[-594800.17,-1158338.09,216.18],[-594794.16,-1158327.16,216.18],[-594789.56,-1158315.42,216.18]]}},{"type":"Feature","id":"64002050000002014","properties":{"id":"64002050000002014","dmvs_type":"0100000021","track_ref":"","popis_objektu":"","year_surveyed":"9999","position_accuracy_class":"9","height_accuracy_class":"9","source_file":"VS_CZ064_MOMC_551252_20260731_DI.jvf.zip"},"geometry":{"type":"LineString","coordinates":[[-595072.99,-1159198.8,214.3],[-595059.97,-1159191.28,214.87],[-595047.03,-1159182.2,214.87],[-595036.65,-1159174.12,214.45],[-595026.65,-1159165.19,214.87],[-595017.43,-1159155.53,214.87],[-595009.69,-1159146.09,214.59],[-594999.77,-1159132.37,214.87],[-594991.94,-1159119.35,214.53],[-594984.97,-1159105.7,214.87],[-594979.11,-1159093.21,214.87],[-594937.78,-1159002.16,214.82],[-594899.31,-1158918.29,214.87],[-594857.4,-1158826.87,214.87],[-594823.49,-1158752.97,214.81],[-594789.72,-1158679.47,215.02],[-594782.4,-1158663.42,215.15],[-594774.8,-1158644.6,215.27],[-594772.91,-1158639.02,215.3],[-594770.07,-1158628.03,214.87],[-594767.97,-1158617.8,215.42]]}},{"type":"Feature","id":"64002050000002020","properties":{"id":"64002050000002020","dmvs_type":"0100000021","track_ref":"","popis_objektu":"","year_surveyed":"1981","position_accuracy_class":"9","height_accuracy_class":"9","source_file":"VS_CZ064_MOMC_551252_20260731_DI.jvf.zip"},"geometry":{"type":"LineString","coordinates":[[-594701.47,-1158147.54,219.44],[-594700.79,-1158134.95,219.6],[-594698.48,-1158122.56,219.77]]}},{"type":"Feature","id":"64002050000002143","properties":{"id":"64002050000002143","dmvs_type":"0100000021","track_ref":"","popis_objektu":"","year_surveyed":"2014","position_accuracy_class":"9","height_accuracy_class":"9","source_file":"VS_CZ064_MOMC_551252_20260731_DI.jvf.zip"},"geometry":{"type":"LineString","coordinates":[[-594838.87,-1158267.58,217.63],[-594830.32,-1158253.32,217.72],[-594821.74,-1158239.0,217.82]]}},{"type":"Feature","id":"64002050000002157","properties":{"id":"64002050000002157","dmvs_type":"0100000021","track_ref":"","popis_objektu":"","year_surveyed":"1988","position_accuracy_class":"9","height_accuracy_class":"9","source_file":"VS_CZ064_MOMC_551252_20260731_DI.jvf.zip"},"geometry":{"type":"LineString","coordinates":[[-594720.12,-1158426.17,217.13],[-594716.46,-1158414.1,217.27],[-594714.4,-1158401.65,217.41]]}},{"type":"Feature","id":"64002050000002229","properties":{"id":"64002050000002229","dmvs_type":"0100000021","track_ref":"","popis_objektu":"","year_surveyed":"2010","position_accuracy_class":"9","height_accuracy_class":"9","source_file":"VS_CZ064_MOMC_551252_20260731_DI.jvf.zip"},"geometry":{"type":"LineString","coordinates":[[-594825.79,-1158382.85,215.9],[-594818.61,-1158367.76,215.98],[-594809.78,-1158353.74,216.07]]}},{"type":"Feature","id":"64002050000002261","properties":{"id":"64002050000002261","dmvs_type":"0100000021","track_ref":"","popis_objektu":"","year_surveyed":"1985","position_accuracy_class":"9","height_accuracy_class":"9","source_file":"VS_CZ064_MOMC_551252_20260731_DI.jvf.zip"},"geometry":{"type":"LineString","coordinates":[[-594687.27,-1157917.98,220.5],[-594680.22,-1157885.41,220.8]]}},{"type":"Feature","id":"64002050000002296","properties":{"id":"64002050000002296","dmvs_type":"0100000021","track_ref":"","popis_objektu":"","year_surveyed":"9999","position_accuracy_class":"9","height_accuracy_class":"9","source_file":"VS_CZ064_MOMC_551252_20260731_DI.jvf.zip"},"geometry":{"type":"LineString","coordinates":[[-595213.59,-1159209.06,214.39],[-595208.02,-1159204.98,214.39]]}},{"type":"Feature","id":"64002050000002307","properties":{"id":"64002050000002307","dmvs_type":"0100000021","track_ref":"","popis_objektu":"","year_surveyed":"1983","position_accuracy_class":"9","height_accuracy_class":"9","source_file":"VS_CZ064_MOMC_551252_20260731_DI.jvf.zip"},"geometry":{"type":"LineString","coordinates":[[-595244.72,-1159225.66,214.42],[-595234.51,-1159218.24,214.41],[-595224.27,-1159210.8,214.4]]}},{"type":"Feature","id":"64002050000002352","properties":{"id":"64002050000002352","dmvs_type":"0100000021","track_ref":"","popis_objektu":"","year_surveyed":"9999","position_accuracy_class":"9","height_accuracy_class":"9","source_file":"VS_CZ064_MOMC_551252_20260731_DI.jvf.zip"},"geometry":{"type":"LineString","coordinates":[[-595182.25,-1159045.84,215.03],[-595168.5,-1159023.59,215.11],[-595156.65,-1159003.96,215.14],[-595145.91,-1158984.8,215.19],[-595139.08,-1158971.82,215.22],[-595123.85,-1158940.07,215.25],[-595108.32,-1158906.11,215.35],[-595050.08,-1158778.65,215.82],[-595019.12,-1158710.88,215.99],[-594966.46,-1158596.24,216.2],[-594928.55,-1158513.64,216.51],[-594886.87,-1158422.65,216.83],[-594841.69,-1158324.0,217.32],[-594825.99,-1158289.9,217.46],[-594813.96,-1158264.18,217.65]]}},{"type":"Feature","id":"64002050000002387","properties":{"id":"64002050000002387","dmvs_type":"0100000021","track_ref":"","popis_objektu":"","year_surveyed":"1981","position_accuracy_class":"9","height_accuracy_class":"9","source_file":"VS_CZ064_MOMC_551252_20260731_DI.jvf.zip"},"geometry":{"type":"LineString","coordinates":[[-594704.24,-1158197.98,218.93],[-594704.62,-1158185.18,219.03],[-594703.41,-1158172.63,219.13]]}},{"type":"Feature","id":"64002050000002390","properties":{"id":"64002050000002390","dmvs_type":"0100000021","track_ref":"","popis_objektu":"","year_surveyed":"1983","position_accuracy_class":"9","height_accuracy_class":"9","source_file":"VS_CZ064_MOMC_551252_20260731_DI.jvf.zip"},"geometry":{"type":"LineString","coordinates":[[-595300.6,-1159258.48,214.71],[-595297.52,-1159256.81,214.85],[-595286.0,-1159250.54,214.71],[-595270.78,-1159243.96,214.57]]}},{"type":"Feature","id":"64002050000002405","properties":{"id":"64002050000002405","dmvs_type":"0100000021","track_ref":"","popis_objektu":"","year_surveyed":"2008","position_accuracy_class":"9","height_accuracy_class":"9","source_file":"VS_CZ064_MOMC_551252_20260731_DI.jvf.zip"},"geometry":{"type":"LineString","coordinates":[[-595384.21,-1159297.59,214.65],[-595373.15,-1159291.51,214.7],[-595363.02,-1159284.07,214.75]]}},{"type":"Feature","id":"64002050000002466","properties":{"id":"64002050000002466","dmvs_type":"0100000021","track_ref":"","popis_objektu":"","year_surveyed":"1988","position_accuracy_class":"9","height_accuracy_class":"9","source_file":"VS_CZ064_MOMC_551252_20260731_DI.jvf.zip"},"geometry":{"type":"LineString","coordinates":[[-595225.98,-1159099.6,216.21],[-595189.21,-1159046.55,215.07],[-595182.02,-1159035.87,215.07],[-595167.92,-1159013.42,216.21],[-595158.05,-1158997.08,215.11],[-595150.29,-1158983.08,216.21],[-595143.38,-1158969.75,215.19],[-595127.66,-1158936.93,215.17],[-595112.72,-1158904.21,215.32],[-595054.52,-1158776.92,215.8],[-595020.74,-1158703.26,215.96],[-594970.94,-1158594.58,216.17],[-594932.87,-1158511.46,216.51],[-594891.14,-1158420.42,216.8],[-594846.21,-1158322.27,217.31],[-594822.4,-1158270.26,217.63],[-594803.58,-1158229.25,217.88],[-594788.6,-1158196.55,218.27]]}},{"type":"Feature","id":"64002050000002556","properties":{"id":"64002050000002556","dmvs_type":"0100000021","track_ref":"","popis_objektu":"","year_surveyed":"9999","position_accuracy_class":"9","height_accuracy_class":"9","source_file":"VS_CZ064_MOMC_551252_20260731_DI.jvf.zip"},"geometry":{"type":"LineString","coordinates":[[-594741.77,-1158530.41,215.89],[-594736.63,-1158518.54,216.04],[-594732.74,-1158509.57,216.02],[-594716.41,-1158471.75,215.59],[-594708.71,-1158453.39,214.13],[-594701.76,-1158435.38,214.13],[-594696.69,-1158420.1,214.78],[-594691.49,-1158399.99,214.13],[-594688.1,-1158381.78,214.22],[-594685.8,-1158363.73,214.13],[-594684.68,-1158347.29,213.88],[-594684.43,-1158306.48,213.36],[-594684.65,-1158280.91,213.11],[-594684.38,-1158257.08,214.13],[-594683.58,-1158236.28,212.72],[-594682.56,-1158222.79,214.13],[-594679.92,-1158196.18,212.69],[-594678.36,-1158181.82,212.69],[-594675.81,-1158158.84,212.7]]}},{"type":"Feature","id":"64002050000002591","properties":{"id":"64002050000002591","dmvs_type":"0100000021","track_ref":"","popis_objektu":"","year_surveyed":"1985","position_accuracy_class":"9","height_accuracy_class":"9","source_file":"VS_CZ064_MOMC_551252_20260731_DI.jvf.zip"},"geometry":{"type":"LineString","coordinates":[[-594685.47,-1157918.22,220.52],[-594683.74,-1157901.69,220.69],[-594682.14,-1157885.11,220.87]]}},{"type":"Feature","id":"64002050000002601","properties":{"id":"64002050000002601","dmvs_type":"0100000021","track_ref":"","popis_objektu":"","year_surveyed":"9999","position_accuracy_class":"9","height_accuracy_class":"9","source_file":"VS_CZ064_MOMC_551252_20260731_DI.jvf.zip"},"geometry":{"type":"LineString","coordinates":[[-594762.22,-1158310.95,216.48],[-594762.08,-1158307.84,216.56],[-594760.83,-1158292.12,217.25],[-594759.33,-1158278.25,216.96],[-594757.56,-1158265.51,217.25],[-594754.87,-1158250.7,217.25],[-594752.04,-1158238.18,217.49],[-594745.42,-1158211.14,217.84],[-594738.61,-1158184.51,218.17]]}},{"type":"Feature","id":"64002050000002602","properties":{"id":"64002050000002602","dmvs_type":"0100000021","track_ref":"","popis_objektu":"","year_surveyed":"9999","position_accuracy_class":"9","height_accuracy_class":"9","source_file":"VS_CZ064_MOMC_551252_20260731_DI.jvf.zip"},"geometry":{"type":"LineString","coordinates":[[-594752.17,-1158209.73,217.8],[-594749.27,-1158197.66,218.04],[-594747.16,-1158189.05,218.42],[-594735.33,-1158143.01,219.12],[-594727.93,-1158118.03,218.78],[-594722.14,-1158099.97,219.15],[-594716.33,-1158083.56,218.78],[-594711.13,-1158070.51,218.78],[-594706.62,-1158060.38,219.4],[-594697.03,-1158040.19,219.53]]}},{"type":"Feature","id":"64002050000002606","properties":{"id":"64002050000002606","dmvs_type":"0100000021","track_ref":"","popis_objektu":"","year_surveyed":"9999","position_accuracy_class":"9","height_accuracy_class":"9","source_file":"VS_CZ064_MOMC_551252_20260731_DI.jvf.zip"},"geometry":{"type":"LineString","coordinates":[[-594727.73,-1158423.61,217.18],[-594727.43,-1158421.36,217.23],[-594725.15,-1158404.94,217.99],[-594724.42,-1158396.54,217.59],[-594723.65,-1158378.11,217.79],[-594722.59,-1158277.82,218.49],[-594722.27,-1158263.19,217.99],[-594721.29,-1158246.4,217.99],[-594720.02,-1158234.43,218.74],[-594716.93,-1158216.76,217.99],[-594712.99,-1158199.96,218.92]]}},{"type":"Feature","id":"64002050000002650","properties":{"id":"64002050000002650","dmvs_type":"0100000021","track_ref":"","popis_objektu":"","year_surveyed":"1981","position_accuracy_class":"9","height_accuracy_class":"9","source_file":"VS_CZ064_MOMC_551252_20260731_DI.jvf.zip"},"geometry":{"type":"LineString","coordinates":[[-594703.1,-1158147.32,219.47],[-594700.79,-1158134.95,219.62],[-594698.48,-1158122.56,219.77]]}},{"type":"Feature","id":"64002050000002675","properties":{"id":"64002050000002675","dmvs_type":"0100000021","track_ref":"","popis_objektu":"","year_surveyed":"9999","position_accuracy_class":"9","height_accuracy_class":"9","source_file":"VS_CZ064_MOMC_551252_20260731_DI.jvf.zip"},"geometry":{"type":"LineString","coordinates":[[-594803.32,-1158241.17,217.98],[-594799.2,-1158232.21,217.96]]}},{"type":"Feature","id":"64002050000002787","properties":{"id":"64002050000002787","dmvs_type":"0100000021","track_ref":"","popis_objektu":"","year_surveyed":"1983","position_accuracy_class":"9","height_accuracy_class":"9","source_file":"VS_CZ064_MOMC_551252_20260731_DI.jvf.zip"},"geometry":{"type":"LineString","coordinates":[[-595234.78,-1159222.58,214.36],[-595223.74,-1159216.47,214.37],[-595213.59,-1159209.06,214.39]]}},{"type":"Feature","id":"64002050000002838","properties":{"id":"64002050000002838","dmvs_type":"0100000021","track_ref":"","popis_objektu":"","year_surveyed":"2006","position_accuracy_class":"9","height_accuracy_class":"9","source_file":"VS_CZ064_MOMC_551252_20260731_DI.jvf.zip"},"geometry":{"type":"LineString","coordinates":[[-594066.47,-1157745.86,218.54],[-594058.89,-1157750.09,218.82],[-594050.14,-1157754.93,218.9],[-594048.18,-1157756.0,218.88],[-594041.39,-1157759.77,218.98],[-594032.64,-1157764.61,219.06],[-594029.99,-1157766.08,218.98]]}},{"type":"Feature","id":"64002050000002913","properties":{"id":"64002050000002913","dmvs_type":"0100000021","track_ref":"","popis_objektu":"","year_surveyed":"2003","position_accuracy_class":"9","height_accuracy_class":"9","source_file":"VS_CZ064_MOMC_551252_20260731_DI.jvf.zip"},"geometry":{"type":"LineString","coordinates":[[-595244.01,-1159120.25,215.09],[-595242.61,-1159117.66,215.11],[-595237.54,-1159108.22,215.09],[-595231.47,-1159099.44,215.08],[-595229.79,-1159097.0,215.09]]}},{"type":"Feature","id":"64002050000002937","properties":{"id":"64002050000002937","dmvs_type":"0100000021","track_ref":"","popis_objektu":"","year_surveyed":"1989","position_accuracy_class":"9","height_accuracy_class":"9","source_file":"VS_CZ064_MOMC_551252_20260731_DI.jvf.zip"},"geometry":{"type":"LineString","coordinates":[[-594689.52,-1157964.32,220.05],[-594682.63,-1157944.14,220.06],[-594671.09,-1157910.49,219.95],[-594663.59,-1157892.1,219.86],[-594652.38,-1157866.88,219.7],[-594644.39,-1157851.76,218.82],[-594634.88,-1157836.2,219.6],[-594625.99,-1157823.07,218.82],[-594616.79,-1157810.59,218.82],[-594609.24,-1157801.2,219.38],[-594594.51,-1157784.68,219.25],[-594578.59,-1157768.7,219.13],[-594559.07,-1157751.83,218.82],[-594538.17,-1157736.53,218.82],[-594517.52,-1157723.51,218.72],[-594491.17,-1157709.43,218.82],[-594457.47,-1157694.63,218.82],[-594425.84,-1157683.95,218.31],[-594392.27,-1157675.63,218.82],[-594359.07,-1157670.43,218.82],[-594325.55,-1157667.93,217.78],[-594303.37,-1157668.13,218.82],[-594284.58,-1157669.47,217.57],[-594257.27,-1157673.43,218.82],[-594231.6,-1157679.21,217.47],[-594208.21,-1157686.45,217.48],[-594186.27,-1157694.83,218.82],[-594167.18,-1157703.16,217.76],[-594143.44,-1157713.74,217.91]]}},{"type":"Feature","id":"64002050000002944","properties":{"id":"64002050000002944","dmvs_type":"0100000021","track_ref":"","popis_objektu":"","year_surveyed":"1984","position_accuracy_class":"9","height_accuracy_class":"9","source_file":"VS_CZ064_MOMC_551252_20260731_DI.jvf.zip"},"geometry":{"type":"LineString","coordinates":[[-594751.86,-1158466.81,215.83],[-594753.83,-1158454.42,215.88],[-594755.82,-1158441.97,215.94]]}},{"type":"Feature","id":"64002050000003183","properties":{"id":"64002050000003183","dmvs_type":"0100000021","track_ref":"","popis_objektu":"","year_surveyed":"2006","position_accuracy_class":"9","height_accuracy_class":"9","source_file":"VS_CZ064_MOMC_551252_20260731_DI.jvf.zip"},"geometry":{"type":"LineString","coordinates":[[-594799.2,-1158232.21,217.96],[-594794.76,-1158222.66,218.08],[-594789.45,-1158206.8,218.2]]}},{"type":"Feature","id":"64002050000003208","properties":{"id":"64002050000003208","dmvs_type":"0100000021","track_ref":"","popis_objektu":"","year_surveyed":"1987","position_accuracy_class":"9","height_accuracy_class":"9","source_file":"VS_CZ064_MOMC_551252_20260731_DI.jvf.zip"},"geometry":{"type":"LineString","coordinates":[[-595265.2,-1159156.26,215.01],[-595264.15,-1159154.66,215.01],[-595259.19,-1159147.63,215.01],[-595253.96,-1159138.34,215.01]]}},{"type":"Feature","id":"64002050000003238","properties":{"id":"64002050000003238","dmvs_type":"0100000021","track_ref":"","popis_objektu":"","year_surveyed":"1983","position_accuracy_class":"9","height_accuracy_class":"9","source_file":"VS_CZ064_MOMC_551252_20260731_DI.jvf.zip"},"geometry":{"type":"LineString","coordinates":[[-595181.52,-1159226.05,214.24],[-595168.0,-1159224.28,214.24],[-595154.49,-1159222.51,214.24]]}},{"type":"Feature","id":"64002050000003281","properties":{"id":"64002050000003281","dmvs_type":"0100000021","track_ref":"","popis_objektu":"","year_surveyed":"1988","position_accuracy_class":"9","height_accuracy_class":"9","source_file":"VS_CZ064_MOMC_551252_20260731_DI.jvf.zip"},"geometry":{"type":"LineString","coordinates":[[-595103.57,-1159211.66,214.22],[-595087.92,-1159206.05,214.23],[-595072.14,-1159200.4,214.24]]}},{"type":"Feature","id":"64002050000003306","properties":{"id":"64002050000003306","dmvs_type":"0100000021","track_ref":"","popis_objektu":"","year_surveyed":"2015","position_accuracy_class":"9","height_accuracy_class":"9","source_file":"VS_CZ064_MOMC_551252_20260731_DI.jvf.zip"},"geometry":{"type":"LineString","coordinates":[[-596075.16,-1160128.78,208.73],[-596070.46,-1160114.65,208.78],[-596067.3,-1160105.16,208.82],[-596064.14,-1160095.68,208.85],[-596060.97,-1160086.19,208.89],[-596057.81,-1160076.7,208.92],[-596054.65,-1160067.21,208.96],[-596051.49,-1160057.73,208.99],[-596048.32,-1160048.24,209.03],[-596045.16,-1160038.76,209.06],[-596041.99,-1160029.27,209.1],[-596038.83,-1160019.78,209.13],[-596035.67,-1160010.3,209.17],[-596032.5,-1160000.81,209.2],[-596029.34,-1159991.32,209.24],[-596026.18,-1159981.84,209.27],[-596019.85,-1159962.87,209.34],[-596016.68,-1159953.38,209.38],[-596010.36,-1159934.41,209.45],[-596007.19,-1159924.92,209.48],[-596004.03,-1159915.43,209.52],[-596000.87,-1159905.95,209.56],[-595997.7,-1159896.46,209.59],[-595994.54,-1159886.97,209.63],[-595991.37,-1159877.49,209.66],[-595985.05,-1159858.52,209.74],[-595981.88,-1159849.03,209.78],[-595978.72,-1159839.54,209.82],[-595975.56,-1159830.06,209.86],[-595972.39,-1159820.57,209.91],[-595969.23,-1159811.08,209.95],[-595966.06,-1159801.6,210.01],[-595962.9,-1159792.11,210.09],[-595959.73,-1159782.63,210.16],[-595956.55,-1159773.15,210.23],[-595953.34,-1159763.68,210.31],[-595950.07,-1159754.23,210.38],[-595946.73,-1159744.8,210.46],[-595943.31,-1159735.4,210.53],[-595939.78,-1159726.05,210.61],[-595936.13,-1159716.74,210.68],[-595932.34,-1159707.48,210.75],[-595928.4,-1159698.29,210.83],[-595924.28,-1159689.18,210.9],[-595919.99,-1159680.15,210.97],[-595915.52,-1159671.2,211.03],[-595910.87,-1159662.35,211.09],[-595906.04,-1159653.59,211.15],[-595901.04,-1159644.93,211.21],[-595895.87,-1159636.37,211.27],[-595890.53,-1159627.92,211.34],[-595885.03,-1159619.57,211.4],[-595879.35,-1159611.33,211.46],[-595873.52,-1159603.21,211.52],[-595867.52,-1159595.21,211.58],[-595861.36,-1159587.33,211.64],[-595855.05,-1159579.58,211.71],[-595848.59,-1159571.95,211.77],[-595841.97,-1159564.45,211.83],[-595835.21,-1159557.08,211.89],[-595828.3,-1159549.85,211.95],[-595821.25,-1159542.76,212.01],[-595814.06,-1159535.81,212.07],[-595806.73,-1159529.01,212.14],[-595799.26,-1159522.36,212.2],[-595791.67,-1159515.85,212.26],[-595783.95,-1159509.5,212.32],[-595776.1,-1159503.3,212.38],[-595768.13,-1159497.26,212.45],[-595760.04,-1159491.38,212.53],[-595751.84,-1159485.66,212.62],[-595743.52,-1159480.11,212.71],[-595735.11,-1159474.7,212.79],[-595726.61,-1159469.43,212.88],[-595718.04,-1159464.28,212.97],[-595709.41,-1159459.23,213.05],[-595700.73,-1159454.26,213.14],[-595692.01,-1159449.37,213.23],[-595683.26,-1159444.52,213.31],[-595674.5,-1159439.71,213.37],[-595665.72,-1159434.91,213.43],[-595656.95,-1159430.12,213.49],[-595648.17,-1159425.32,213.55],[-595639.4,-1159420.53,213.6],[-595630.62,-1159415.73,213.66],[-595621.84,-1159410.94,213.72],[-595613.07,-1159406.15,213.78],[-595604.29,-1159401.35,213.83],[-595595.52,-1159396.56,213.89],[-595586.74,-1159391.76,213.95],[-595577.97,-1159386.97,214.01],[-595569.19,-1159382.17,214.07],[-595563.73,-1159379.19,214.1],[-595552.04,-1159372.8,214.17],[-595530.13,-1159360.7,214.31],[-595513.84,-1159351.47,214.42],[-595508.34,-1159348.3,214.46],[-595502.01,-1159344.59,214.52],[-595497.9,-1159342.18,214.56],[-595486.78,-1159335.45,214.6],[-595474.6,-1159327.78,214.72],[-595468.36,-1159323.79,214.73],[-595465.58,-1159321.96,214.75],[-595457.77,-1159316.73,214.79],[-595449.88,-1159311.28,214.83],[-595444.85,-1159307.73,214.85],[-595433.22,-1159299.24,214.85],[-595424.65,-1159292.77,214.86],[-595413.32,-1159283.87,214.85],[-595405.0,-1159277.08,214.86],[-595394.44,-1159268.19,214.85],[-595385.92,-1159260.71,214.86],[-595376.06,-1159251.79,214.86],[-595367.44,-1159243.66,214.85],[-595357.91,-1159234.39,214.85],[-595349.59,-1159225.96,214.85],[-595339.71,-1159215.61,214.86],[-595332.38,-1159207.62,214.85],[-595322.88,-1159196.93,214.85],[-595315.84,-1159188.69,214.85],[-595306.73,-1159177.66,214.85],[-595299.99,-1159169.17,214.85],[-595292.25,-1159159.1,214.85],[-595283.63,-1159147.38,214.85],[-595277.49,-1159138.75,214.85],[-595270.46,-1159128.48,214.86],[-595262.27,-1159116.04,214.85],[-595256.8,-1159107.37,214.85],[-595249.78,-1159095.84,214.86],[-595245.4,-1159088.36,214.86],[-595243.91,-1159085.79,214.86],[-595239.9,-1159078.68,214.87],[-595237.33,-1159074.0,214.88],[-595231.79,-1159063.77,214.9],[-595224.99,-1159050.63,214.92],[-595220.37,-1159041.41,214.94],[-595209.46,-1159018.84,214.97],[-595198.88,-1158996.15,215.01],[-595191.32,-1158979.67,215.05],[-595187.15,-1158970.58,215.06],[-595182.99,-1158961.49,215.08],[-595178.82,-1158952.4,215.09],[-595174.65,-1158943.31,215.11],[-595170.49,-1158934.22,215.12],[-595166.32,-1158925.13,215.14],[-595162.15,-1158916.04,215.15],[-595157.99,-1158906.95,215.17],[-595153.82,-1158897.86,215.18],[-595149.65,-1158888.77,215.2],[-595145.49,-1158879.68,215.21],[-595141.32,-1158870.58,215.23],[-595137.15,-1158861.49,215.24],[-595132.98,-1158852.4,215.26],[-595124.65,-1158834.22,215.29],[-595120.48,-1158825.13,215.3],[-595116.32,-1158816.04,215.32],[-595112.15,-1158806.95,215.33],[-595107.98,-1158797.86,215.35],[-595103.82,-1158788.77,215.36],[-595099.65,-1158779.68,215.38],[-595095.48,-1158770.59,215.39],[-595091.31,-1158761.5,215.41],[-595087.15,-1158752.41,215.42],[-595082.98,-1158743.32,215.44],[-595078.81,-1158734.23,215.45],[-595074.65,-1158725.14,215.47],[-595070.48,-1158716.05,215.48],[-595062.15,-1158697.87,215.51],[-595057.98,-1158688.78,215.53],[-595053.81,-1158679.69,215.54],[-595049.65,-1158670.59,215.56],[-595045.48,-1158661.5,215.57],[-595041.31,-1158652.41,215.59],[-595037.14,-1158643.32,215.6],[-595032.98,-1158634.23,215.62],[-595028.81,-1158625.14,215.63],[-595024.64,-1158616.05,215.65],[-595020.48,-1158606.96,215.66],[-595016.31,-1158597.87,215.68],[-595012.14,-1158588.78,215.69],[-595007.98,-1158579.69,215.71],[-594999.64,-1158561.51,215.74],[-594995.48,-1158552.42,215.75],[-594991.31,-1158543.33,215.77],[-594987.14,-1158534.24,215.78],[-594982.97,-1158525.15,215.8],[-594978.81,-1158516.06,215.81],[-594974.64,-1158506.97,215.83],[-594970.47,-1158497.88,215.84],[-594966.31,-1158488.79,215.86],[-594962.14,-1158479.69,215.87],[-594957.97,-1158470.6,215.89],[-594953.81,-1158461.51,215.9],[-594949.64,-1158452.42,215.92],[-594945.47,-1158443.33,215.93],[-594941.3,-1158434.24,215.95],[-594937.14,-1158425.15,215.96],[-594932.97,-1158416.06,215.98],[-594928.8,-1158406.97,215.99],[-594924.64,-1158397.88,216.01],[-594920.47,-1158388.79,216.02],[-594916.3,-1158379.7,216.04],[-594912.14,-1158370.61,216.05],[-594907.97,-1158361.52,216.07],[-594903.8,-1158352.43,216.08],[-594899.64,-1158343.34,216.1],[-594895.47,-1158334.25,216.11],[-594891.3,-1158325.16,216.13],[-594887.13,-1158316.07,216.14],[-594882.97,-1158306.98,216.16],[-594878.8,-1158297.89,216.16],[-594874.63,-1158288.79,216.15],[-594870.47,-1158279.7,216.14],[-594866.3,-1158270.61,216.12],[-594862.13,-1158261.52,216.1],[-594857.97,-1158252.43,216.06],[-594853.8,-1158243.34,216.02],[-594849.63,-1158234.25,215.97],[-594845.47,-1158225.16,215.91],[-594841.3,-1158216.07,215.85],[-594837.13,-1158206.98,215.8],[-594832.96,-1158197.89,215.74],[-594828.8,-1158188.8,215.68],[-594824.63,-1158179.71,215.63],[-594820.46,-1158170.62,215.57],[-594816.3,-1158161.53,215.51],[-594812.13,-1158152.44,215.45],[-594803.8,-1158134.26,215.34],[-594799.63,-1158125.17,215.28],[-594795.46,-1158116.08,215.23],[-594791.3,-1158106.99,215.17],[-594787.13,-1158097.9,215.11],[-594782.96,-1158088.8,215.05],[-594778.79,-1158079.71,215.0],[-594774.63,-1158070.62,214.94],[-594770.46,-1158061.53,214.88],[-594766.29,-1158052.44,214.83],[-594762.13,-1158043.35,214.77],[-594757.96,-1158034.26,214.71],[-594753.79,-1158025.17,214.66],[-594749.63,-1158016.08,214.6],[-594741.29,-1157997.9,214.48],[-594737.12,-1157988.81,214.43],[-594732.96,-1157979.72,214.37],[-594728.79,-1157970.63,214.31],[-594724.62,-1157961.54,214.26],[-594720.46,-1157952.45,214.2],[-594716.29,-1157943.36,214.14],[-594712.1,-1157934.28,214.09],[-594707.88,-1157925.21,214.04],[-594703.61,-1157916.17,214.01],[-594699.27,-1157907.16,213.98],[-594694.84,-1157898.19,213.97],[-594690.32,-1157889.28,213.97],[-594685.68,-1157880.42,213.98],[-594680.9,-1157871.63,214.01],[-594675.97,-1157862.93,214.04],[-594670.89,-1157854.32,214.09],[-594665.62,-1157845.82,214.14],[-594660.16,-1157837.44,214.21],[-594654.5,-1157829.2,214.28],[-594648.63,-1157821.1,214.36],[-594642.57,-1157813.15,214.43],[-594636.3,-1157805.36,214.5],[-594629.85,-1157797.72,214.57],[-594623.2,-1157790.25,214.64],[-594616.38,-1157782.94,214.72],[-594609.37,-1157775.81,214.79],[-594602.18,-1157768.86,214.86],[-594594.82,-1157762.09,214.93],[-594587.3,-1157755.5,215.0],[-594579.61,-1157749.1,215.08],[-594571.77,-1157742.9,215.15],[-594563.77,-1157736.9,215.22],[-594555.63,-1157731.1,215.29],[-594547.34,-1157725.5,215.37],[-594538.91,-1157720.11,215.44],[-594530.36,-1157714.94,215.51],[-594521.67,-1157709.98,215.58],[-594512.87,-1157705.23,215.65],[-594503.95,-1157700.71,215.73],[-594494.92,-1157696.42,215.8],[-594485.79,-1157692.35,215.87],[-594476.55,-1157688.51,215.94],[-594467.23,-1157684.91,216.02],[-594457.81,-1157681.53,216.09],[-594448.32,-1157678.4,216.16],[-594438.75,-1157675.5,216.23],[-594429.11,-1157672.84,216.3],[-594419.4,-1157670.43,216.38],[-594409.64,-1157668.25,216.44],[-594399.83,-1157666.33,216.5],[-594389.97,-1157664.64,216.57],[-594380.07,-1157663.21,216.63],[-594370.15,-1157662.02,216.69],[-594360.19,-1157661.08,216.76],[-594350.21,-1157660.39,216.82],[-594340.22,-1157659.95,216.88],[-594330.23,-1157659.76,216.95],[-594320.23,-1157659.82,217.01],[-594310.23,-1157660.13,217.07],[-594300.25,-1157660.69,217.14],[-594290.28,-1157661.5,217.2],[-594280.34,-1157662.56,217.26],[-594270.42,-1157663.87,217.33],[-594260.54,-1157665.42,217.39],[-594250.71,-1157667.22,217.45],[-594240.92,-1157669.27,217.51],[-594231.19,-1157671.56,217.58],[-594221.51,-1157674.09,217.64],[-594211.9,-1157676.86,217.7],[-594202.37,-1157679.87,217.77],[-594192.91,-1157683.12,217.83],[-594183.54,-1157686.61,217.89],[-594174.26,-1157690.33,217.96],[-594165.06,-1157694.26,218.02],[-594155.96,-1157698.39,218.08],[-594146.93,-1157702.68,218.15],[-594137.97,-1157707.12,218.21],[-594129.07,-1157711.69,218.27],[-594120.22,-1157716.35,218.34],[-594111.42,-1157721.09,218.4],[-594102.64,-1157725.89,218.46],[-594093.88,-1157730.72,218.53],[-594085.13,-1157735.56,218.59],[-594073.7,-1157741.89,218.68]]}},{"type":"Feature","id":"64002050000003382","properties":{"id":"64002050000003382","dmvs_type":"0100000021","track_ref":"","popis_objektu":"","year_surveyed":"2010","position_accuracy_class":"9","height_accuracy_class":"9","source_file":"VS_CZ064_MOMC_551252_20260731_DI.jvf.zip"},"geometry":{"type":"LineString","coordinates":[[-594827.45,-1158381.78,216.0],[-594818.61,-1158367.76,216.03],[-594811.46,-1158352.79,216.07]]}},{"type":"Feature","id":"64002050000003385","properties":{"id":"64002050000003385","dmvs_type":"0100000021","track_ref":"","popis_objektu":"","year_surveyed":"1986","position_accuracy_class":"9","height_accuracy_class":"9","source_file":"VS_CZ064_MOMC_551252_20260731_DI.jvf.zip"},"geometry":{"type":"LineString","coordinates":[[-594786.93,-1158197.21,218.28],[-594782.91,-1158184.12,218.38],[-594777.22,-1158171.7,218.48]]}},{"type":"Feature","id":"64002050000003473","properties":{"id":"64002050000003473","dmvs_type":"0100000021","track_ref":"","popis_objektu":"","year_surveyed":"2008","position_accuracy_class":"9","height_accuracy_class":"9","source_file":"VS_CZ064_MOMC_551252_20260731_DI.jvf.zip"},"geometry":{"type":"LineString","coordinates":[[-594680.22,-1157885.41,220.8],[-594674.26,-1157857.05,221.51],[-594671.49,-1157845.71,221.26],[-594667.51,-1157831.33,221.26],[-594664.15,-1157819.58,221.47]]}},{"type":"Feature","id":"64002050000003652","properties":{"id":"64002050000003652","dmvs_type":"0100000021","track_ref":"","popis_objektu":"","year_surveyed":"1979","position_accuracy_class":"9","height_accuracy_class":"9","source_file":"VS_CZ064_MOMC_551252_20260731_DI.jvf.zip"},"geometry":{"type":"LineString","coordinates":[[-594807.6,-1158397.83,216.1],[-594802.62,-1158386.04,216.18],[-594797.72,-1158374.43,216.26]]}},{"type":"Feature","id":"64002050000003724","properties":{"id":"64002050000003724","dmvs_type":"0100000021","track_ref":"","popis_objektu":"","year_surveyed":"1987","position_accuracy_class":"9","height_accuracy_class":"9","source_file":"VS_CZ064_MOMC_551252_20260731_DI.jvf.zip"},"geometry":{"type":"LineString","coordinates":[[-595253.04,-1159138.8,215.14],[-595248.54,-1159132.39,215.14],[-595241.35,-1159122.13,215.14]]}},{"type":"Feature","id":"64002050000003835","properties":{"id":"64002050000003835","dmvs_type":"0100000021","track_ref":"","popis_objektu":"","year_surveyed":"1989","position_accuracy_class":"9","height_accuracy_class":"9","source_file":"VS_CZ064_MOMC_551252_20260731_DI.jvf.zip"},"geometry":{"type":"LineString","coordinates":[[-594124.41,-1157704.82,218.1],[-594100.59,-1157717.76,218.26],[-594076.82,-1157730.69,218.42]]}},{"type":"Feature","id":"64002050000003918","properties":{"id":"64002050000003918","dmvs_type":"0100000021","track_ref":"","popis_objektu":"","year_surveyed":"2007","position_accuracy_class":"9","height_accuracy_class":"9","source_file":"VS_CZ064_MOMC_551252_20260731_DI.jvf.zip"},"geometry":{"type":"LineString","coordinates":[[-594771.87,-1158349.48,216.26],[-594771.04,-1158336.84,216.32],[-594770.23,-1158324.26,216.39]]}},{"type":"Feature","id":"64002050000004079","properties":{"id":"64002050000004079","dmvs_type":"0100000021","track_ref":"","popis_objektu":"","year_surveyed":"1984","position_accuracy_class":"9","height_accuracy_class":"9","source_file":"VS_CZ064_MOMC_551252_20260731_DI.jvf.zip"},"geometry":{"type":"LineString","coordinates":[[-594760.21,-1158444.89,215.84],[-594761.09,-1158429.77,215.92],[-594761.76,-1158419.84,215.97],[-594761.84,-1158417.19,215.96]]}},{"type":"Feature","id":"64002050000004211","properties":{"id":"64002050000004211","dmvs_type":"0100000021","track_ref":"","popis_objektu":"","year_surveyed":"1987","position_accuracy_class":"9","height_accuracy_class":"9","source_file":"VS_CZ064_MOMC_551252_20260731_DI.jvf.zip"},"geometry":{"type":"LineString","coordinates":[[-595431.84,-1159321.87,214.47],[-595412.59,-1159309.01,214.83],[-595396.76,-1159298.36,214.59],[-595382.7,-1159288.2,214.83],[-595369.91,-1159278.08,214.83],[-595357.18,-1159267.39,214.89],[-595342.38,-1159253.74,214.83],[-595329.44,-1159240.52,215.01],[-595318.37,-1159228.3,214.83],[-595308.79,-1159216.97,215.01],[-595299.12,-1159204.48,214.83],[-595286.27,-1159187.0,215.06]]}},{"type":"Feature","id":"64002050000004225","properties":{"id":"64002050000004225","dmvs_type":"0100000021","track_ref":"","popis_objektu":"","year_surveyed":"1987","position_accuracy_class":"9","height_accuracy_class":"9","source_file":"VS_CZ064_MOMC_551252_20260731_DI.jvf.zip"},"geometry":{"type":"LineString","coordinates":[[-595209.45,-1159055.74,215.02],[-595201.51,-1159041.14,215.01],[-595193.57,-1159026.52,215.01]]}},{"type":"Feature","id":"64002050000004261","properties":{"id":"64002050000004261","dmvs_type":"0100000021","track_ref":"","popis_objektu":"","year_surveyed":"1985","position_accuracy_class":"9","height_accuracy_class":"9","source_file":"VS_CZ064_MOMC_551252_20260731_DI.jvf.zip"},"geometry":{"type":"LineString","coordinates":[[-594692.53,-1157967.34,220.04],[-594689.77,-1157953.84,220.28],[-594687.88,-1157941.34,220.28],[-594685.47,-1157918.22,220.52]]}},{"type":"Feature","id":"64002050000004348","properties":{"id":"64002050000004348","dmvs_type":"0100000021","track_ref":"","popis_objektu":"","year_surveyed":"1988","position_accuracy_class":"9","height_accuracy_class":"9","source_file":"VS_CZ064_MOMC_551252_20260731_DI.jvf.zip"},"geometry":{"type":"LineString","coordinates":[[-594735.1,-1158476.67,216.61],[-594733.51,-1158464.15,216.74],[-594731.92,-1158451.56,216.87]]}},{"type":"Feature","id":"64002050000004361","properties":{"id":"64002050000004361","dmvs_type":"0100000021","track_ref":"","popis_objektu":"","year_surveyed":"1985","position_accuracy_class":"9","height_accuracy_class":"9","source_file":"VS_CZ064_MOMC_551252_20260731_DI.jvf.zip"},"geometry":{"type":"LineString","coordinates":[[-594571.35,-1157705.07,220.55],[-594563.51,-1157698.4,220.55],[-594551.92,-1157690.17,220.55],[-594539.89,-1157682.91,220.55],[-594528.99,-1157677.49,220.55],[-594517.65,-1157672.78,220.55],[-594506.55,-1157669.0,220.73],[-594468.97,-1157655.69,220.84],[-594445.52,-1157648.44,220.8],[-594415.91,-1157639.43,220.68],[-594397.11,-1157634.98,220.55],[-594381.8,-1157632.81,220.47],[-594364.03,-1157631.98,220.2],[-594353.07,-1157631.74,220.16],[-594328.56,-1157632.12,220.55]]}},{"type":"Feature","id":"64002050000004413","properties":{"id":"64002050000004413","dmvs_type":"0100000021","track_ref":"","popis_objektu":"","year_surveyed":"1984","position_accuracy_class":"9","height_accuracy_class":"9","source_file":"VS_CZ064_MOMC_551252_20260731_DI.jvf.zip"},"geometry":{"type":"LineString","coordinates":[[-594776.51,-1158410.13,216.02],[-594774.48,-1158397.66,216.07],[-594774.06,-1158385.06,216.13]]}},{"type":"Feature","id":"64002050000004416","properties":{"id":"64002050000004416","dmvs_type":"0100000021","track_ref":"","popis_objektu":"","year_surveyed":"1984","position_accuracy_class":"9","height_accuracy_class":"9","source_file":"VS_CZ064_MOMC_551252_20260731_DI.jvf.zip"},"geometry":{"type":"LineString","coordinates":[[-594754.2,-1158441.54,215.85],[-594758.03,-1158429.49,215.87],[-594760.23,-1158417.08,215.89]]}},{"type":"Feature","id":"64002050000004418","properties":{"id":"64002050000004418","dmvs_type":"0100000021","track_ref":"","popis_objektu":"","year_surveyed":"1988","position_accuracy_class":"9","height_accuracy_class":"9","source_file":"VS_CZ064_MOMC_551252_20260731_DI.jvf.zip"},"geometry":{"type":"LineString","coordinates":[[-594739.82,-1158501.35,216.35],[-594736.64,-1158489.14,216.45],[-594733.47,-1158476.95,216.56]]}},{"type":"Feature","id":"64002050000004431","properties":{"id":"64002050000004431","dmvs_type":"0100000021","track_ref":"","popis_objektu":"","year_surveyed":"1984","position_accuracy_class":"9","height_accuracy_class":"9","source_file":"VS_CZ064_MOMC_551252_20260731_DI.jvf.zip"},"geometry":{"type":"LineString","coordinates":[[-594775.56,-1158377.33,216.16],[-594773.0,-1158365.0,216.2],[-594772.18,-1158352.42,216.24]]}},{"type":"Feature","id":"64002050000004483","properties":{"id":"64002050000004483","dmvs_type":"0100000021","track_ref":"","popis_objektu":"","year_surveyed":"1990","position_accuracy_class":"9","height_accuracy_class":"9","source_file":"VS_CZ064_MOMC_551252_20260731_DI.jvf.zip"},"geometry":{"type":"LineString","coordinates":[[-594258.75,-1157632.12,218.93],[-594243.19,-1157637.79,218.9],[-594233.77,-1157642.48,218.88]]}},{"type":"Feature","id":"64002050000004593","properties":{"id":"64002050000004593","dmvs_type":"0100000021","track_ref":"","popis_objektu":"","year_surveyed":"2008","position_accuracy_class":"9","height_accuracy_class":"9","source_file":"VS_CZ064_MOMC_551252_20260731_DI.jvf.zip"},"geometry":{"type":"LineString","coordinates":[[-595339.89,-1159273.47,214.82],[-595325.06,-1159265.99,214.9],[-595317.5,-1159262.72,214.89],[-595301.53,-1159256.44,214.87]]}},{"type":"Feature","id":"64002050000004717","properties":{"id":"64002050000004717","dmvs_type":"0100000021","track_ref":"","popis_objektu":"","year_surveyed":"1979","position_accuracy_class":"9","height_accuracy_class":"9","source_file":"VS_CZ064_MOMC_551252_20260731_DI.jvf.zip"},"geometry":{"type":"LineString","coordinates":[[-594805.98,-1158398.38,216.08],[-594802.62,-1158386.04,216.17],[-594797.72,-1158374.43,216.26]]}},{"type":"Feature","id":"64002050000004735","properties":{"id":"64002050000004735","dmvs_type":"0100000021","track_ref":"","popis_objektu":"","year_surveyed":"1988","position_accuracy_class":"9","height_accuracy_class":"9","source_file":"VS_CZ064_MOMC_551252_20260731_DI.jvf.zip"},"geometry":{"type":"LineString","coordinates":[[-594721.4,-1158423.06,217.47],[-594719.52,-1158410.58,217.47],[-594719.2,-1158397.78,217.47]]}},{"type":"Feature","id":"64002050000004809","properties":{"id":"64002050000004809","dmvs_type":"0100000021","track_ref":"","popis_objektu":"","year_surveyed":"2022","position_accuracy_class":"9","height_accuracy_class":"9","source_file":"VS_CZ064_MOMC_551252_20260731_DI.jvf.zip"},"geometry":{"type":"LineString","coordinates":[[-594025.19,-1157764.17,219.12],[-594021.76,-1157766.06,219.14],[-594013.01,-1157770.9,219.23],[-594004.25,-1157775.72,219.32],[-593995.45,-1157780.48,219.42],[-593986.61,-1157785.14,219.51],[-593977.69,-1157789.67,219.61],[-593968.69,-1157794.03,219.71],[-593959.59,-1157798.17,219.8],[-593950.38,-1157802.07,219.87],[-593941.05,-1157805.66,219.93],[-593931.6,-1157808.93,219.96],[-593922.04,-1157811.87,219.98],[-593912.39,-1157814.46,219.98],[-593902.64,-1157816.72,219.98],[-593892.83,-1157818.63,219.99],[-593882.95,-1157820.2,219.99],[-593873.03,-1157821.41,219.99],[-593863.07,-1157822.28,219.99],[-593853.08,-1157822.79,219.99],[-593843.08,-1157822.95,220.0],[-593833.08,-1157822.76,220.0],[-593823.1,-1157822.22,220.0],[-593813.14,-1157821.33,220.0],[-593803.22,-1157820.09,220.0],[-593793.35,-1157818.5,220.01],[-593783.54,-1157816.56,220.01],[-593773.8,-1157814.28,220.01],[-593764.15,-1157811.65,220.01],[-593754.6,-1157808.69,220.01],[-593745.16,-1157805.4,220.02],[-593735.84,-1157801.77,220.02],[-593726.64,-1157797.84,220.02],[-593717.59,-1157793.61,220.02],[-593708.67,-1157789.07,220.03],[-593699.92,-1157784.25,220.05],[-593691.33,-1157779.13,220.07],[-593682.91,-1157773.73,220.09],[-593674.68,-1157768.05,220.11],[-593666.64,-1157762.1,220.13],[-593658.8,-1157755.89,220.15],[-593651.18,-1157749.42,220.17],[-593643.78,-1157742.7,220.19],[-593636.6,-1157735.74,220.21],[-593629.66,-1157728.54,220.23],[-593622.96,-1157721.11,220.25],[-593616.51,-1157713.47,220.27],[-593610.32,-1157705.62,220.29],[-593604.4,-1157697.56,220.31],[-593598.74,-1157689.31,220.33],[-593593.37,-1157680.88,220.35],[-593588.28,-1157672.27,220.37],[-593583.48,-1157663.5,220.39],[-593578.97,-1157654.58,220.41],[-593574.76,-1157645.51,220.43],[-593570.86,-1157636.3,220.45],[-593567.26,-1157626.97,220.47],[-593563.95,-1157617.54,220.5],[-593560.89,-1157608.02,220.53],[-593558.05,-1157598.43,220.56],[-593555.39,-1157588.79,220.58],[-593552.88,-1157579.11,220.61],[-593550.47,-1157569.4,220.64],[-593548.14,-1157559.68,220.66],[-593545.83,-1157549.95,220.69],[-593543.53,-1157540.22,220.7],[-593541.17,-1157530.5,220.71],[-593538.74,-1157520.8,220.72],[-593536.18,-1157511.13,220.74],[-593533.46,-1157501.51,220.75],[-593530.54,-1157491.95,220.76],[-593527.38,-1157482.46,220.77],[-593523.95,-1157473.06,220.79],[-593520.23,-1157463.78,220.81],[-593516.2,-1157454.63,220.83],[-593511.88,-1157445.61,220.85],[-593507.28,-1157436.74,220.87],[-593502.39,-1157428.01,220.9],[-593497.22,-1157419.45,220.92],[-593491.78,-1157411.07,220.94],[-593486.07,-1157402.86,220.96],[-593480.09,-1157394.84,220.98],[-593473.87,-1157387.01,221.01],[-593467.39,-1157379.39,221.03],[-593460.67,-1157371.99,221.05],[-593453.72,-1157364.8,221.07],[-593446.53,-1157357.85,221.09],[-593439.13,-1157351.12,221.12],[-593431.51,-1157344.64,221.14],[-593423.69,-1157338.41,221.16],[-593415.68,-1157332.44,221.18],[-593407.49,-1157326.69,221.21],[-593399.17,-1157321.14,221.23],[-593390.75,-1157315.76,221.25],[-593382.24,-1157310.5,221.27],[-593373.69,-1157305.32,221.29],[-593365.11,-1157300.18,221.32],[-593347.93,-1157289.93,221.36],[-593339.35,-1157284.8,221.38],[-593330.79,-1157279.63,221.41],[-593322.28,-1157274.39,221.43],[-593313.84,-1157269.02,221.45],[-593305.5,-1157263.51,221.47],[-593297.29,-1157257.79,221.49],[-593289.25,-1157251.85,221.52],[-593281.41,-1157245.64,221.54],[-593273.8,-1157239.15,221.56],[-593266.45,-1157232.37,221.58],[-593259.37,-1157225.31,221.6],[-593252.56,-1157217.99,221.63],[-593246.04,-1157210.41,221.65],[-593239.81,-1157202.58,221.67],[-593233.89,-1157194.53,221.69],[-593228.29,-1157186.25,221.72],[-593223.0,-1157177.76,221.74],[-593218.04,-1157169.07,221.77],[-593213.42,-1157160.21,221.81],[-593209.15,-1157151.17,221.85],[-593205.22,-1157141.97,221.88],[-593201.65,-1157132.63,221.92],[-593198.45,-1157123.16,221.95],[-593195.6,-1157113.57,221.99],[-593193.13,-1157103.88,222.03],[-593191.03,-1157094.11,222.06],[-593189.31,-1157084.26,222.1],[-593187.97,-1157074.35,222.13],[-593187.01,-1157064.39,222.17],[-593186.43,-1157054.41,222.21],[-593186.23,-1157044.41,222.24],[-593186.42,-1157034.42,222.28],[-593186.99,-1157024.43,222.32],[-593187.95,-1157014.48,222.35],[-593189.28,-1157004.57,222.39],[-593191.0,-1156994.72,222.42],[-593193.09,-1156984.94,222.46],[-593195.56,-1156975.25,222.5],[-593198.37,-1156965.65,222.53],[-593201.5,-1156956.16,222.55],[-593204.94,-1156946.77,222.57],[-593208.7,-1156937.5,222.58],[-593212.76,-1156928.36,222.6],[-593217.12,-1156919.37,222.62],[-593221.79,-1156910.52,222.64],[-593226.74,-1156901.83,222.66],[-593231.98,-1156893.32,222.68],[-593237.5,-1156884.98,222.69],[-593243.29,-1156876.83,222.71],[-593249.32,-1156868.85,222.73],[-593255.53,-1156861.01,222.75],[-593261.91,-1156853.31,222.77],[-593268.39,-1156845.7,222.79],[-593274.96,-1156838.16,222.8],[-593281.58,-1156830.66,222.82],[-593288.21,-1156823.17,222.84],[-593294.84,-1156815.69,222.86],[-593301.47,-1156808.2,222.88],[-593308.09,-1156800.71,222.9],[-593314.68,-1156793.18,222.91],[-593321.21,-1156785.61,222.93],[-593327.66,-1156777.97,222.95],[-593334.0,-1156770.23,222.97],[-593340.2,-1156762.39,222.99],[-593346.24,-1156754.42,223.01],[-593352.08,-1156746.3,223.02],[-593357.7,-1156738.03,223.04],[-593363.09,-1156729.61,223.06],[-593368.24,-1156721.04,223.08],[-593373.15,-1156712.33,223.1],[-593377.82,-1156703.49,223.12],[-593382.25,-1156694.52,223.13],[-593386.42,-1156685.43,223.15],[-593390.33,-1156676.23,223.17],[-593393.99,-1156666.92,223.19],[-593397.39,-1156657.52,223.21],[-593400.53,-1156648.02,223.23],[-593403.39,-1156638.44,223.24],[-593405.99,-1156628.79,223.26],[-593408.31,-1156619.06,223.28],[-593410.36,-1156609.27,223.3],[-593412.13,-1156599.43,223.31],[-593413.63,-1156589.54,223.33],[-593414.84,-1156579.62,223.35],[-593415.78,-1156569.66,223.37],[-593416.43,-1156559.68,223.38],[-593416.81,-1156549.69,223.4],[-593416.9,-1156539.69,223.42],[-593416.71,-1156529.69,223.44],[-593416.24,-1156519.71,223.45],[-593415.49,-1156509.73,223.47],[-593414.46,-1156499.79,223.49],[-593413.14,-1156489.88,223.51],[-593411.55,-1156480.0,223.52],[-593409.69,-1156470.18,223.54],[-593407.54,-1156460.41,223.56],[-593405.13,-1156450.71,223.57],[-593402.44,-1156441.08,223.59],[-593399.48,-1156431.53,223.61],[-593396.25,-1156422.06,223.63],[-593392.76,-1156412.69,223.64],[-593389.01,-1156403.42,223.66],[-593384.99,-1156394.26,223.68],[-593380.72,-1156385.22,223.7],[-593376.2,-1156376.3,223.71],[-593371.43,-1156367.51,223.73],[-593366.41,-1156358.86,223.75],[-593361.15,-1156350.36,223.77],[-593355.66,-1156342.01,223.78],[-593349.93,-1156333.81,223.8],[-593344.01,-1156325.75,223.82],[-593337.9,-1156317.83,223.84],[-593331.61,-1156310.06,223.85],[-593325.13,-1156302.44,223.87],[-593318.48,-1156294.98,223.89],[-593311.65,-1156287.67,223.9],[-593304.65,-1156280.53,223.92],[-593297.48,-1156273.56,223.94],[-593290.15,-1156266.75,223.96],[-593282.67,-1156260.12,223.98],[-593275.03,-1156253.67,224.0],[-593267.24,-1156247.4,224.01],[-593259.3,-1156241.32,224.03],[-593251.22,-1156235.42,224.05],[-593243.01,-1156229.72,224.07],[-593234.66,-1156224.21,224.09],[-593226.19,-1156218.91,224.11],[-593217.59,-1156213.8,224.13],[-593208.88,-1156208.89,224.15],[-593200.05,-1156204.2,224.17],[-593191.11,-1156199.71,224.18],[-593182.07,-1156195.43,224.2],[-593172.95,-1156191.34,224.22],[-593163.76,-1156187.4,224.24],[-593154.52,-1156183.58,224.26],[-593145.24,-1156179.84,224.28],[-593135.95,-1156176.14,224.3],[-593126.66,-1156172.45,224.32],[-593117.36,-1156168.76,224.34],[-593108.07,-1156165.07,224.35],[-593098.78,-1156161.37,224.37],[-593089.5,-1156157.64,224.39],[-593080.24,-1156153.88,224.41],[-593070.98,-1156150.08,224.43],[-593061.74,-1156146.26,224.45],[-593052.51,-1156142.41,224.47],[-593043.3,-1156138.52,224.49],[-593034.1,-1156134.61,224.51],[-593024.91,-1156130.66,224.52],[-593015.73,-1156126.69,224.54],[-593006.57,-1156122.68,224.56],[-592997.42,-1156118.65,224.58],[-592988.29,-1156114.56,224.6],[-592979.2,-1156110.4,224.62],[-592970.17,-1156106.11,224.64],[-592961.21,-1156101.66,224.66],[-592952.35,-1156097.02,224.68],[-592943.62,-1156092.14,224.7],[-592935.04,-1156087.02,224.72],[-592926.61,-1156081.64,224.74],[-592918.34,-1156076.02,224.76],[-592910.23,-1156070.16,224.78],[-592902.31,-1156064.07,224.8],[-592894.56,-1156057.74,224.82],[-592887.0,-1156051.2,224.84],[-592879.64,-1156044.43,224.85],[-592872.47,-1156037.45,224.87],[-592865.52,-1156030.27,224.89],[-592858.78,-1156022.89,224.91],[-592852.25,-1156015.31,224.93],[-592845.95,-1156007.54,224.95],[-592839.88,-1155999.59,224.97],[-592834.05,-1155991.47,224.99],[-592828.45,-1155983.19,225.01],[-592823.08,-1155974.75,225.03],[-592817.92,-1155966.18,225.05],[-592812.97,-1155957.5,225.07],[-592808.24,-1155948.69,225.09],[-592803.73,-1155939.76,225.11],[-592799.44,-1155930.73,225.13],[-592795.37,-1155921.6,225.15],[-592791.52,-1155912.37,225.17],[-592787.91,-1155903.04,225.2],[-592784.53,-1155893.63,225.23],[-592781.38,-1155884.14,225.26],[-592778.46,-1155874.58,225.3],[-592775.77,-1155864.94,225.33],[-592773.3,-1155855.25,225.36],[-592771.01,-1155845.52,225.39],[-592768.89,-1155835.75,225.43],[-592766.91,-1155825.94,225.46],[-592765.07,-1155816.12,225.49],[-592763.36,-1155806.26,225.52],[-592761.8,-1155796.39,225.55],[-592760.36,-1155786.49,225.59],[-592759.07,-1155776.57,225.62],[-592757.91,-1155766.64,225.65],[-592756.9,-1155756.69,225.68],[-592756.04,-1155746.73,225.72],[-592755.37,-1155736.75,225.75],[-592754.92,-1155726.76,225.78],[-592754.73,-1155716.77,225.81],[-592754.78,-1155706.77,225.84],[-592755.09,-1155696.77,225.88],[-592755.66,-1155686.79,225.91],[-592756.47,-1155676.82,225.94],[-592757.53,-1155666.88,225.97],[-592758.84,-1155656.96,226.01],[-592760.41,-1155647.09,226.04],[-592762.22,-1155637.25,226.07],[-592764.28,-1155627.47,226.1],[-592766.58,-1155617.74,226.13],[-592769.13,-1155608.07,226.17],[-592771.92,-1155598.46,226.19],[-592774.95,-1155588.94,226.21],[-592778.22,-1155579.49,226.23],[-592781.73,-1155570.12,226.25],[-592785.47,-1155560.85,226.27],[-592789.45,-1155551.67,226.29],[-592793.65,-1155542.6,226.32],[-592798.09,-1155533.64,226.34],[-592802.74,-1155524.79,226.36],[-592807.62,-1155516.06,226.38],[-592812.72,-1155507.45,226.4],[-592818.03,-1155498.98,226.42],[-592823.55,-1155490.64,226.45],[-592829.25,-1155482.43,226.48],[-592835.07,-1155474.3,226.51],[-592840.99,-1155466.23,226.54],[-592852.9,-1155450.17,226.59],[-592858.82,-1155442.11,226.6],[-592864.66,-1155433.99,226.62],[-592870.39,-1155425.8,226.63],[-592875.97,-1155417.5,226.65],[-592881.35,-1155409.07,226.66],[-592886.49,-1155400.5,226.67],[-592891.36,-1155391.76,226.69],[-592895.9,-1155382.85,226.71],[-592900.13,-1155373.79,226.73],[-592904.03,-1155364.58,226.75],[-592907.61,-1155355.25,226.77],[-592910.91,-1155345.81,226.79],[-592913.96,-1155336.28,226.81],[-592916.81,-1155326.7,226.83],[-592919.51,-1155317.07,226.85],[-592922.08,-1155307.41,226.87],[-592924.58,-1155297.72,226.9],[-592927.05,-1155288.03,226.92],[-592939.38,-1155239.58,227.06],[-592941.85,-1155229.89,227.1],[-592946.79,-1155210.51,227.17],[-592949.25,-1155200.81,227.21],[-592956.65,-1155171.74,227.32],[-592959.09,-1155162.04,227.35],[-592961.47,-1155152.33,227.39],[-592963.82,-1155142.61,227.43],[-592966.11,-1155132.88,227.46],[-592968.35,-1155123.13,227.5],[-592970.55,-1155113.38,227.53],[-592972.7,-1155103.61,227.57],[-592974.82,-1155093.84,227.61],[-592981.16,-1155064.51,227.72],[-592983.27,-1155054.74,227.75],[-592987.49,-1155035.19,227.82],[-592989.6,-1155025.42,227.86],[-592991.68,-1155015.63,227.9],[-592993.69,-1155005.84,227.93],[-592995.59,-1154996.02,227.97],[-592997.33,-1154986.17,228.0],[-592998.88,-1154976.29,228.04],[-593000.21,-1154966.38,228.08],[-593001.26,-1154956.44,228.11],[-593002.0,-1154946.47,228.15],[-593002.42,-1154936.47,228.19],[-593002.53,-1154926.48,228.22],[-593002.33,-1154916.48,228.26],[-593001.88,-1154906.49,228.29],[-593001.22,-1154896.51,228.33],[-593000.37,-1154886.55,228.37],[-592999.39,-1154876.59,228.4],[-592998.31,-1154866.65,228.44],[-592997.18,-1154856.72,228.48],[-592996.03,-1154846.78,228.51],[-592993.72,-1154826.92,228.58],[-592992.57,-1154816.98,228.62],[-592991.42,-1154807.05,228.66],[-592990.27,-1154797.12,228.69],[-592989.12,-1154787.18,228.73],[-592987.97,-1154777.25,228.77],[-592986.81,-1154767.32,228.8],[-592985.66,-1154757.38,228.84],[-592984.51,-1154747.45,228.87],[-592983.36,-1154737.52,228.91],[-592982.21,-1154727.58,228.95],[-592981.05,-1154717.65,228.98],[-592979.9,-1154707.72,229.02],[-592978.75,-1154697.78,229.06],[-592977.6,-1154687.85,229.09],[-592976.45,-1154677.92,229.13],[-592975.3,-1154667.98,229.16],[-592972.99,-1154648.12,229.24],[-592971.84,-1154638.18,229.27],[-592970.69,-1154628.25,229.31],[-592969.57,-1154618.31,229.35],[-592968.49,-1154608.37,229.38],[-592967.5,-1154598.42,229.42],[-592966.62,-1154588.46,229.45],[-592965.89,-1154578.48,229.49],[-592965.32,-1154568.5,229.53],[-592964.92,-1154558.51,229.56],[-592964.69,-1154548.51,229.6],[-592964.63,-1154538.51,229.64],[-592964.74,-1154528.51,229.67],[-592965.02,-1154518.52,229.71],[-592965.48,-1154508.53,229.74],[-592966.1,-1154498.55,229.78],[-592966.89,-1154488.58,229.82],[-592967.86,-1154478.62,229.85],[-592968.99,-1154468.69,229.89],[-592970.29,-1154458.77,229.93],[-592971.76,-1154448.88,229.96],[-592973.35,-1154439.01,230.0],[-592975.02,-1154429.15,230.04],[-592976.74,-1154419.3,230.07],[-592978.48,-1154409.45,230.11],[-592978.98,-1154406.66,230.12]]}},{"type":"Feature","id":"64002050000004858","properties":{"id":"64002050000004858","dmvs_type":"0100000021","track_ref":"","popis_objektu":"","year_surveyed":"1983","position_accuracy_class":"9","height_accuracy_class":"9","source_file":"VS_CZ064_MOMC_551252_20260731_DI.jvf.zip"},"geometry":{"type":"LineString","coordinates":[[-595108.77,-1159200.88,214.06],[-595098.06,-1159194.21,214.04],[-595088.33,-1159186.16,214.03]]}},{"type":"Feature","id":"64002050000004973","properties":{"id":"64002050000004973","dmvs_type":"0100000021","track_ref":"","popis_objektu":"","year_surveyed":"1988","position_accuracy_class":"9","height_accuracy_class":"9","source_file":"VS_CZ064_MOMC_551252_20260731_DI.jvf.zip"},"geometry":{"type":"LineString","coordinates":[[-594726.6,-1158450.57,216.84],[-594723.36,-1158438.38,217.0],[-594721.67,-1158425.89,217.16]]}},{"type":"Feature","id":"64002050000004977","properties":{"id":"64002050000004977","dmvs_type":"0100000021","track_ref":"","popis_objektu":"","year_surveyed":"1980","position_accuracy_class":"9","height_accuracy_class":"9","source_file":"VS_CZ064_MOMC_551252_20260731_DI.jvf.zip"},"geometry":{"type":"LineString","coordinates":[[-595300.45,-1159241.1,214.89],[-595287.57,-1159230.59,214.84],[-595274.73,-1159220.1,214.8]]}},{"type":"Feature","id":"64002050000005006","properties":{"id":"64002050000005006","dmvs_type":"0100000021","track_ref":"","popis_objektu":"","year_surveyed":"1980","position_accuracy_class":"9","height_accuracy_class":"9","source_file":"VS_CZ064_MOMC_551252_20260731_DI.jvf.zip"},"geometry":{"type":"LineString","coordinates":[[-594823.49,-1158394.01,216.02],[-594818.02,-1158382.61,216.04],[-594812.57,-1158371.24,216.07]]}},{"type":"Feature","id":"64002050000005007","properties":{"id":"64002050000005007","dmvs_type":"0100000021","track_ref":"","popis_objektu":"","year_surveyed":"1980","position_accuracy_class":"9","height_accuracy_class":"9","source_file":"VS_CZ064_MOMC_551252_20260731_DI.jvf.zip"},"geometry":{"type":"LineString","coordinates":[[-595300.45,-1159241.1,214.89],[-595287.57,-1159230.59,214.84],[-595275.93,-1159218.66,214.79]]}},{"type":"Feature","id":"64002050000005082","properties":{"id":"64002050000005082","dmvs_type":"0100000021","track_ref":"","popis_objektu":"","year_surveyed":"1986","position_accuracy_class":"9","height_accuracy_class":"9","source_file":"VS_CZ064_MOMC_551252_20260731_DI.jvf.zip"},"geometry":{"type":"LineString","coordinates":[[-594781.61,-1158169.7,218.53],[-594772.7,-1158150.18,218.72]]}},{"type":"Feature","id":"64002050000004577","properties":{"id":"64002050000004577","dmvs_type":"0100000021","track_ref":"","popis_objektu":"","year_surveyed":"2002","position_accuracy_class":"9","height_accuracy_class":"9","source_file":"VS_CZ064_MOMC_551252_20260731_DI.jvf.zip"},"geometry":{"type":"LineString","coordinates":[[-594786.05,-1158214.89,217.83],[-594780.96,-1158203.23,217.95],[-594775.92,-1158191.68,218.07]]}},{"type":"Feature","id":"64002050000005396","properties":{"id":"64002050000005396","dmvs_type":"0100000021","track_ref":"","popis_objektu":"","year_surveyed":"9999","position_accuracy_class":"9","height_accuracy_class":"9","source_file":"VS_CZ064_MOMC_551252_20260731_DI.jvf.zip"},"geometry":{"type":"LineString","coordinates":[[-595875.06,-1159646.63,213.54],[-595871.3,-1159640.4,213.75],[-595867.86,-1159635.1,213.76],[-595862.51,-1159627.13,213.79],[-595854.4,-1159615.68,213.82],[-595848.66,-1159607.99,213.85],[-595839.99,-1159596.95,213.89],[-595833.88,-1159589.54,213.91],[-595824.66,-1159578.91,213.94],[-595818.19,-1159571.82,213.97],[-595808.45,-1159561.67,214.01],[-595801.63,-1159554.91,214.04],[-595791.4,-1159545.24,214.07],[-595784.26,-1159538.82,214.09],[-595773.55,-1159529.65,214.12],[-595766.11,-1159523.59,214.14],[-595754.96,-1159514.96,214.17],[-595747.22,-1159509.27,214.19],[-595735.64,-1159501.19,214.22],[-595727.63,-1159495.89,214.25],[-595715.46,-1159488.28,214.28],[-595713.55,-1159487.12,214.28],[-595707.19,-1159483.4,214.3],[-595701.27,-1159480.02,214.31],[-595694.41,-1159476.18,214.32],[-595672.95,-1159464.17,214.35],[-595651.21,-1159452.0,214.4],[-595629.4,-1159439.78,214.45],[-595607.59,-1159427.56,214.51],[-595597.02,-1159421.63,214.54],[-595592.15,-1159418.94,214.55],[-595585.73,-1159415.43,214.57],[-595567.28,-1159405.35,214.62],[-595563.8,-1159403.42,214.63],[-595558.72,-1159400.49,214.64],[-595550.11,-1159395.42,214.65],[-595544.39,-1159392.13,214.65],[-595487.36,-1159360.64,214.54],[-595456.76,-1159344.02,214.22],[-595448.23,-1159339.28,214.56]]}},{"type":"Feature","id":"64002050000005421","properties":{"id":"64002050000005421","dmvs_type":"0100000021","track_ref":"","popis_objektu":"","year_surveyed":"1986","position_accuracy_class":"9","height_accuracy_class":"9","source_file":"VS_CZ064_MOMC_551252_20260731_DI.jvf.zip"},"geometry":{"type":"LineString","coordinates":[[-594729.32,-1158082.78,219.22],[-594723.9,-1158066.75,219.33],[-594718.78,-1158051.1,219.44]]}},{"type":"Feature","id":"64002050000005438","properties":{"id":"64002050000005438","dmvs_type":"0100000021","track_ref":"","popis_objektu":"","year_surveyed":"9999","position_accuracy_class":"9","height_accuracy_class":"9","source_file":"VS_CZ064_MOMC_551252_20260731_DI.jvf.zip"},"geometry":{"type":"LineString","coordinates":[[-595554.44,-1159390.33,213.54],[-595535.67,-1159380.12,213.68],[-595512.86,-1159367.82,213.97],[-595504.19,-1159362.99,214.04]]}},{"type":"Feature","id":"64002050000005456","properties":{"id":"64002050000005456","dmvs_type":"0100000021","track_ref":"","popis_objektu":"","year_surveyed":"1982","position_accuracy_class":"9","height_accuracy_class":"9","source_file":"VS_CZ064_MOMC_551252_20260731_DI.jvf.zip"},"geometry":{"type":"LineString","coordinates":[[-594701.36,-1157999.42,219.85],[-594696.05,-1157983.67,219.94],[-594692.53,-1157967.34,220.04]]}},{"type":"Feature","id":"64002050000005459","properties":{"id":"64002050000005459","dmvs_type":"0100000021","track_ref":"","popis_objektu":"","year_surveyed":"1985","position_accuracy_class":"9","height_accuracy_class":"9","source_file":"VS_CZ064_MOMC_551252_20260731_DI.jvf.zip"},"geometry":{"type":"LineString","coordinates":[[-594595.07,-1157721.77,220.65],[-594571.78,-1157698.79,221.16],[-594563.7,-1157691.46,220.65],[-594549.58,-1157680.53,220.65],[-594540.15,-1157674.5,220.79],[-594525.65,-1157666.79,220.65],[-594509.71,-1157660.18,220.62],[-594468.89,-1157643.99,220.38],[-594430.77,-1157630.75,220.34]]}},{"type":"Feature","id":"64002050000005610","properties":{"id":"64002050000005610","dmvs_type":"0100000021","track_ref":"","popis_objektu":"","year_surveyed":"2006","position_accuracy_class":"9","height_accuracy_class":"9","source_file":"VS_CZ064_MOMC_551252_20260731_DI.jvf.zip"},"geometry":{"type":"LineString","coordinates":[[-594799.2,-1158232.21,217.96],[-594794.76,-1158222.66,218.06],[-594787.72,-1158207.51,218.16]]}},{"type":"Feature","id":"64002050000005675","properties":{"id":"64002050000005675","dmvs_type":"0100000021","track_ref":"","popis_objektu":"","year_surveyed":"2008","position_accuracy_class":"9","height_accuracy_class":"9","source_file":"VS_CZ064_MOMC_551252_20260731_DI.jvf.zip"},"geometry":{"type":"LineString","coordinates":[[-595362.16,-1159285.47,214.71],[-595351.05,-1159279.48,214.76],[-595339.89,-1159273.47,214.82]]}},{"type":"Feature","id":"64002050000005718","properties":{"id":"64002050000005718","dmvs_type":"0100000021","track_ref":"","popis_objektu":"","year_surveyed":"2022","position_accuracy_class":"9","height_accuracy_class":"9","source_file":"VS_CZ064_MOMC_551252_20260731_DI.jvf.zip"},"geometry":{"type":"LineString","coordinates":[[-594027.12,-1157767.66,219.05],[-594023.89,-1157769.46,219.14],[-594015.14,-1157774.3,219.24],[-594006.39,-1157779.14,219.34],[-593997.61,-1157783.93,219.45],[-593988.79,-1157788.64,219.55],[-593979.91,-1157793.23,219.66],[-593970.93,-1157797.64,219.76],[-593961.86,-1157801.84,219.85],[-593952.67,-1157805.78,219.92],[-593943.35,-1157809.4,219.96],[-593933.91,-1157812.7,219.99],[-593924.36,-1157815.67,220.0],[-593914.72,-1157818.31,220.0],[-593904.98,-1157820.62,220.01],[-593895.18,-1157822.58,220.01],[-593885.31,-1157824.2,220.01],[-593875.4,-1157825.48,220.02],[-593865.44,-1157826.42,220.02],[-593855.46,-1157827.01,220.02],[-593845.46,-1157827.25,220.02],[-593835.46,-1157827.14,220.03],[-593825.47,-1157826.69,220.03],[-593815.5,-1157825.9,220.03],[-593805.57,-1157824.75,220.04],[-593795.68,-1157823.27,220.04],[-593785.85,-1157821.44,220.04],[-593776.09,-1157819.27,220.05],[-593766.41,-1157816.77,220.05],[-593756.82,-1157813.93,220.05],[-593747.34,-1157810.76,220.05],[-593737.97,-1157807.26,220.06],[-593728.72,-1157803.45,220.06],[-593719.61,-1157799.34,220.06],[-593710.63,-1157794.94,220.07],[-593701.8,-1157790.24,220.07],[-593693.13,-1157785.26,220.07],[-593684.63,-1157779.99,220.08],[-593676.31,-1157774.45,220.1],[-593668.17,-1157768.64,220.12],[-593660.23,-1157762.56,220.14],[-593652.49,-1157756.23,220.16],[-593644.97,-1157749.64,220.18],[-593637.66,-1157742.82,220.2],[-593630.58,-1157735.75,220.22],[-593623.74,-1157728.46,220.24],[-593617.14,-1157720.95,220.26],[-593610.79,-1157713.22,220.28],[-593604.7,-1157705.29,220.3],[-593598.87,-1157697.17,220.32],[-593593.31,-1157688.86,220.34],[-593588.03,-1157680.37,220.36],[-593583.03,-1157671.71,220.38],[-593578.31,-1157662.89,220.4],[-593573.89,-1157653.92,220.42],[-593569.76,-1157644.81,220.44],[-593565.93,-1157635.58,220.46],[-593562.41,-1157626.22,220.48],[-593559.16,-1157616.76,220.51],[-593556.16,-1157607.22,220.54],[-593553.37,-1157597.62,220.56],[-593550.75,-1157587.97,220.59],[-593548.26,-1157578.28,220.62],[-593545.88,-1157568.57,220.64],[-593543.56,-1157558.84,220.67],[-593541.26,-1157549.11,220.69],[-593538.94,-1157539.38,220.71],[-593536.57,-1157529.67,220.72],[-593534.11,-1157519.98,220.73],[-593531.52,-1157510.32,220.74],[-593528.75,-1157500.71,220.75],[-593525.78,-1157491.16,220.77],[-593522.56,-1157481.69,220.78],[-593519.06,-1157472.33,220.79],[-593515.25,-1157463.08,220.81],[-593511.15,-1157453.96,220.83],[-593506.75,-1157444.98,220.86],[-593502.06,-1157436.15,220.88],[-593497.08,-1157427.48,220.9],[-593491.82,-1157418.97,220.92],[-593486.29,-1157410.64,220.95],[-593480.49,-1157402.5,220.97],[-593474.42,-1157394.55,220.99],[-593468.1,-1157386.8,221.01],[-593461.52,-1157379.27,221.03],[-593454.71,-1157371.95,221.06],[-593447.66,-1157364.86,221.08],[-593440.38,-1157358.01,221.1],[-593432.88,-1157351.39,221.12],[-593425.16,-1157345.03,221.15],[-593417.25,-1157338.92,221.17],[-593409.14,-1157333.06,221.19],[-593400.89,-1157327.42,221.21],[-593392.51,-1157321.96,221.23],[-593384.04,-1157316.65,221.26],[-593375.5,-1157311.44,221.28],[-593366.93,-1157306.29,221.3],[-593358.35,-1157301.16,221.32],[-593349.76,-1157296.03,221.35],[-593341.18,-1157290.9,221.37],[-593332.61,-1157285.75,221.39],[-593324.07,-1157280.54,221.41],[-593315.6,-1157275.23,221.43],[-593307.21,-1157269.78,221.46],[-593298.94,-1157264.17,221.48],[-593290.81,-1157258.34,221.5],[-593282.86,-1157252.27,221.52],[-593275.13,-1157245.93,221.55],[-593267.64,-1157239.31,221.57],[-593260.4,-1157232.41,221.59],[-593253.43,-1157225.24,221.61],[-593246.74,-1157217.81,221.63],[-593240.33,-1157210.13,221.66],[-593234.22,-1157202.22,221.68],[-593228.41,-1157194.08,221.7],[-593222.91,-1157185.73,221.72],[-593217.73,-1157177.18,221.75],[-593212.87,-1157168.43,221.78],[-593208.35,-1157159.51,221.82],[-593204.17,-1157150.43,221.86],[-593200.34,-1157141.19,221.89],[-593196.86,-1157131.82,221.93],[-593193.73,-1157122.32,221.96],[-593190.97,-1157112.71,222.0],[-593188.57,-1157103.01,222.03],[-593186.54,-1157093.22,222.07],[-593184.88,-1157083.35,222.1],[-593183.59,-1157073.44,222.14],[-593182.68,-1157063.48,222.18],[-593182.14,-1157053.5,222.21],[-593181.98,-1157043.5,222.25],[-593182.2,-1157033.5,222.28],[-593182.8,-1157023.52,222.32],[-593183.78,-1157013.57,222.35],[-593185.13,-1157003.66,222.39],[-593186.85,-1156993.81,222.42],[-593188.94,-1156984.03,222.46],[-593191.4,-1156974.34,222.5],[-593194.2,-1156964.74,222.53],[-593197.32,-1156955.24,222.55],[-593200.75,-1156945.84,222.57],[-593204.48,-1156936.57,222.58],[-593208.51,-1156927.42,222.6],[-593212.85,-1156918.41,222.62],[-593217.48,-1156909.54,222.64],[-593222.39,-1156900.84,222.66],[-593227.59,-1156892.3,222.67],[-593233.07,-1156883.93,222.69],[-593238.82,-1156875.75,222.71],[-593244.8,-1156867.73,222.73],[-593250.98,-1156859.87,222.75],[-593257.31,-1156852.13,222.77],[-593263.77,-1156844.5,222.78],[-593270.32,-1156836.94,222.8],[-593276.92,-1156829.43,222.82],[-593283.55,-1156821.94,222.84],[-593296.81,-1156806.97,222.88],[-593303.44,-1156799.48,222.89],[-593310.04,-1156791.97,222.91],[-593316.59,-1156784.42,222.93],[-593323.07,-1156776.8,222.95],[-593329.44,-1156769.09,222.97],[-593335.69,-1156761.28,222.99],[-593341.78,-1156753.35,223.0],[-593347.68,-1156745.28,223.02],[-593353.37,-1156737.06,223.04],[-593358.82,-1156728.67,223.06],[-593364.03,-1156720.14,223.08],[-593369.0,-1156711.46,223.1],[-593373.71,-1156702.64,223.11],[-593378.18,-1156693.69,223.13],[-593382.38,-1156684.62,223.15],[-593386.33,-1156675.43,223.17],[-593390.01,-1156666.14,223.19],[-593393.43,-1156656.74,223.21],[-593396.58,-1156647.25,223.22],[-593399.46,-1156637.67,223.24],[-593402.06,-1156628.01,223.26],[-593404.39,-1156618.29,223.28],[-593406.43,-1156608.5,223.3],[-593408.21,-1156598.66,223.31],[-593409.69,-1156588.77,223.33],[-593410.9,-1156578.85,223.35],[-593411.83,-1156568.89,223.37],[-593412.47,-1156558.91,223.38],[-593412.82,-1156548.92,223.4],[-593412.89,-1156538.92,223.42],[-593412.68,-1156528.92,223.44],[-593412.18,-1156518.93,223.45],[-593411.4,-1156508.96,223.47],[-593410.33,-1156499.02,223.49],[-593408.99,-1156489.11,223.51],[-593407.36,-1156479.25,223.53],[-593405.45,-1156469.43,223.54],[-593403.26,-1156459.67,223.56],[-593400.79,-1156449.98,223.58],[-593398.05,-1156440.37,223.6],[-593395.04,-1156430.83,223.61],[-593391.76,-1156421.38,223.63],[-593388.21,-1156412.04,223.65],[-593384.39,-1156402.79,223.67],[-593380.32,-1156393.66,223.68],[-593375.98,-1156384.65,223.7],[-593371.39,-1156375.77,223.72],[-593366.55,-1156367.02,223.74],[-593361.46,-1156358.41,223.75],[-593356.13,-1156349.95,223.77],[-593350.56,-1156341.64,223.79],[-593344.77,-1156333.49,223.81],[-593338.78,-1156325.48,223.82],[-593332.61,-1156317.61,223.84],[-593326.25,-1156309.9,223.86],[-593319.71,-1156302.33,223.88],[-593312.99,-1156294.93,223.89],[-593306.1,-1156287.69,223.91],[-593299.03,-1156280.61,223.93],[-593291.8,-1156273.7,223.95],[-593284.41,-1156266.97,223.97],[-593276.86,-1156260.41,223.99],[-593269.15,-1156254.04,224.0],[-593261.3,-1156247.85,224.02],[-593253.29,-1156241.85,224.04],[-593245.15,-1156236.04,224.06],[-593236.88,-1156230.43,224.08],[-593228.47,-1156225.02,224.1],[-593219.94,-1156219.81,224.12],[-593211.28,-1156214.8,224.14],[-593202.51,-1156210.0,224.16],[-593193.62,-1156205.41,224.17],[-593184.63,-1156201.04,224.19],[-593175.54,-1156196.86,224.21],[-593166.38,-1156192.86,224.23],[-593157.16,-1156188.99,224.25],[-593147.9,-1156185.21,224.27],[-593138.61,-1156181.5,224.29],[-593129.32,-1156177.81,224.31],[-593120.03,-1156174.12,224.33],[-593110.73,-1156170.43,224.35],[-593101.44,-1156166.73,224.36],[-593092.16,-1156163.02,224.38],[-593082.88,-1156159.27,224.4],[-593073.62,-1156155.49,224.42],[-593064.38,-1156151.69,224.44],[-593055.14,-1156147.85,224.46],[-593045.92,-1156143.98,224.48],[-593036.72,-1156140.08,224.5],[-593027.52,-1156136.14,224.52],[-593018.34,-1156132.18,224.53],[-593009.17,-1156128.19,224.55],[-593000.02,-1156124.17,224.57],[-592990.87,-1156120.11,224.59],[-592981.76,-1156116.0,224.61],[-592972.69,-1156111.78,224.63],[-592963.69,-1156107.43,224.65],[-592954.78,-1156102.89,224.67],[-592945.98,-1156098.14,224.69],[-592937.32,-1156093.14,224.71],[-592928.81,-1156087.89,224.73],[-592920.45,-1156082.4,224.75],[-592912.26,-1156076.67,224.77],[-592904.23,-1156070.7,224.78],[-592896.38,-1156064.51,224.8],[-592888.72,-1156058.09,224.82],[-592881.24,-1156051.45,224.84],[-592873.95,-1156044.6,224.86],[-592866.87,-1156037.54,224.88],[-592860.0,-1156030.28,224.9],[-592853.33,-1156022.82,224.92],[-592846.89,-1156015.18,224.94],[-592840.67,-1156007.35,224.96],[-592834.67,-1155999.34,224.98],[-592828.92,-1155991.17,225.0],[-592823.39,-1155982.83,225.02],[-592818.09,-1155974.36,225.04],[-592812.99,-1155965.75,225.06],[-592808.1,-1155957.03,225.07],[-592803.43,-1155948.19,225.09],[-592798.97,-1155939.24,225.11],[-592794.73,-1155930.18,225.13],[-592790.72,-1155921.02,225.15],[-592786.93,-1155911.77,225.17],[-592783.36,-1155902.43,225.21],[-592780.03,-1155893.0,225.24],[-592776.92,-1155883.49,225.27],[-592774.05,-1155873.91,225.3],[-592771.41,-1155864.27,225.33],[-592768.97,-1155854.57,225.37],[-592766.71,-1155844.83,225.4],[-592764.61,-1155835.05,225.43],[-592762.65,-1155825.25,225.46],[-592760.83,-1155815.42,225.49],[-592759.14,-1155805.56,225.53],[-592757.59,-1155795.68,225.56],[-592756.18,-1155785.78,225.59],[-592754.9,-1155775.86,225.62],[-592753.76,-1155765.93,225.65],[-592752.76,-1155755.98,225.69],[-592751.92,-1155746.01,225.72],[-592751.27,-1155736.04,225.75],[-592750.85,-1155726.04,225.78],[-592750.67,-1155716.05,225.81],[-592750.75,-1155706.05,225.85],[-592751.07,-1155696.05,225.88],[-592751.65,-1155686.07,225.91],[-592752.47,-1155676.1,225.94],[-592753.54,-1155666.16,225.97],[-592754.86,-1155656.25,226.01],[-592756.42,-1155646.37,226.04],[-592758.23,-1155636.54,226.07],[-592760.29,-1155626.75,226.1],[-592762.59,-1155617.02,226.13],[-592765.13,-1155607.35,226.17],[-592767.91,-1155597.74,226.19],[-592770.93,-1155588.21,226.21],[-592774.18,-1155578.75,226.23],[-592777.67,-1155569.38,226.25],[-592781.4,-1155560.1,226.27],[-592785.35,-1155550.92,226.29],[-592789.53,-1155541.83,226.31],[-592793.94,-1155532.86,226.34],[-592798.57,-1155523.99,226.36],[-592803.42,-1155515.25,226.38],[-592808.48,-1155506.63,226.4],[-592813.76,-1155498.13,226.42],[-592819.25,-1155489.77,226.45],[-592824.92,-1155481.54,226.48],[-592830.72,-1155473.4,226.51],[-592836.62,-1155465.32,226.54],[-592842.57,-1155457.28,226.57],[-592848.52,-1155449.25,226.59],[-592854.44,-1155441.19,226.61],[-592860.3,-1155433.08,226.62],[-592866.04,-1155424.89,226.63],[-592871.64,-1155416.61,226.65],[-592877.05,-1155408.2,226.66],[-592882.23,-1155399.65,226.67],[-592887.14,-1155390.93,226.69],[-592891.73,-1155382.05,226.71],[-592896.0,-1155373.01,226.73],[-592899.94,-1155363.82,226.75],[-592903.55,-1155354.49,226.77],[-592906.88,-1155345.06,226.79],[-592909.96,-1155335.55,226.81],[-592912.83,-1155325.97,226.83],[-592915.54,-1155316.35,226.85],[-592918.13,-1155306.69,226.87],[-592920.63,-1155297.01,226.89],[-592923.1,-1155287.32,226.92],[-592930.51,-1155258.24,226.99],[-592932.97,-1155248.55,227.03],[-592952.71,-1155171.02,227.32],[-592955.14,-1155161.33,227.35],[-592957.53,-1155151.62,227.39],[-592959.87,-1155141.89,227.42],[-592962.17,-1155132.16,227.46],[-592964.41,-1155122.42,227.5],[-592966.61,-1155112.66,227.53],[-592968.76,-1155102.89,227.57],[-592970.88,-1155093.12,227.61],[-592979.33,-1155054.02,227.75],[-592981.44,-1155044.25,227.79],[-592983.56,-1155034.48,227.82],[-592985.67,-1155024.7,227.86],[-592987.75,-1155014.92,227.9],[-592989.75,-1155005.12,227.93],[-592991.65,-1154995.3,227.97],[-592993.4,-1154985.46,228.01],[-592994.95,-1154975.58,228.04],[-592996.26,-1154965.67,228.08],[-592997.31,-1154955.72,228.11],[-592998.03,-1154945.75,228.15],[-592998.44,-1154935.76,228.19],[-592998.52,-1154925.76,228.22],[-592998.31,-1154915.76,228.26],[-592997.84,-1154905.77,228.3],[-592997.15,-1154895.8,228.33],[-592996.29,-1154885.83,228.37],[-592995.3,-1154875.88,228.4],[-592994.21,-1154865.94,228.44],[-592993.07,-1154856.01,228.48],[-592991.92,-1154846.07,228.51],[-592990.77,-1154836.14,228.55],[-592989.62,-1154826.21,228.59],[-592988.46,-1154816.27,228.62],[-592987.31,-1154806.34,228.66],[-592986.16,-1154796.41,228.69],[-592985.01,-1154786.47,228.73],[-592983.86,-1154776.54,228.77],[-592981.55,-1154756.67,228.84],[-592980.4,-1154746.74,228.88],[-592979.25,-1154736.81,228.91],[-592978.1,-1154726.87,228.95],[-592976.95,-1154716.94,228.98],[-592975.79,-1154707.0,229.02],[-592974.64,-1154697.07,229.06],[-592973.49,-1154687.14,229.09],[-592972.34,-1154677.2,229.13],[-592971.19,-1154667.27,229.17],[-592970.03,-1154657.34,229.2],[-592968.88,-1154647.4,229.24],[-592967.73,-1154637.47,229.27],[-592966.58,-1154627.54,229.31],[-592965.46,-1154617.6,229.35],[-592964.4,-1154607.66,229.38],[-592963.42,-1154597.7,229.42],[-592962.55,-1154587.74,229.46],[-592961.83,-1154577.77,229.49],[-592961.28,-1154567.78,229.53],[-592960.89,-1154557.79,229.56],[-592960.68,-1154547.79,229.6],[-592960.63,-1154537.79,229.64],[-592960.75,-1154527.8,229.67],[-592961.05,-1154517.8,229.71],[-592961.51,-1154507.81,229.75],[-592962.14,-1154497.83,229.78],[-592962.94,-1154487.86,229.82],[-592963.91,-1154477.91,229.86],[-592965.05,-1154467.98,229.89],[-592966.35,-1154458.06,229.93],[-592967.79,-1154448.16,229.96],[-592969.33,-1154438.28,230.0],[-592970.92,-1154428.41,230.04],[-592972.55,-1154418.54,230.07],[-592974.21,-1154408.68,230.11],[-592974.69,-1154405.92,230.12]]}},{"type":"Feature","id":"64002050000005759","properties":{"id":"64002050000005759","dmvs_type":"0100000021","track_ref":"","popis_objektu":"","year_surveyed":"1989","position_accuracy_class":"9","height_accuracy_class":"9","source_file":"VS_CZ064_MOMC_551252_20260731_DI.jvf.zip"},"geometry":{"type":"LineString","coordinates":[[-594105.3,-1157730.59,218.21],[-594090.11,-1157737.33,218.33],[-594074.92,-1157744.09,218.45]]}},{"type":"Feature","id":"64002050000005770","properties":{"id":"64002050000005770","dmvs_type":"0100000021","track_ref":"","popis_objektu":"","year_surveyed":"1982","position_accuracy_class":"9","height_accuracy_class":"9","source_file":"VS_CZ064_MOMC_551252_20260731_DI.jvf.zip"},"geometry":{"type":"LineString","coordinates":[[-595271.05,-1159173.26,215.01],[-595263.88,-1159162.88,215.05],[-595255.61,-1159150.89,215.1]]}},{"type":"Feature","id":"64002050000005789","properties":{"id":"64002050000005789","dmvs_type":"0100000021","track_ref":"","popis_objektu":"","year_surveyed":"9999","position_accuracy_class":"9","height_accuracy_class":"9","source_file":"VS_CZ064_MOMC_551252_20260731_DI.jvf.zip"},"geometry":{"type":"LineString","coordinates":[[-595222.76,-1159149.46,214.42],[-595203.67,-1159125.59,214.35],[-595191.06,-1159111.11,214.28],[-595180.14,-1159098.78,214.24],[-595168.07,-1159084.99,214.18],[-595159.98,-1159075.1,214.84],[-595150.12,-1159061.7,214.84],[-595142.45,-1159049.75,214.01],[-595133.36,-1159033.03,214.84],[-595126.11,-1159017.19,214.08],[-595111.08,-1158984.29,214.16],[-595079.74,-1158916.12,214.42],[-595023.29,-1158792.83,214.87],[-594987.11,-1158713.88,214.84],[-594939.33,-1158609.72,215.37],[-594902.45,-1158529.02,215.63],[-594866.45,-1158450.72,215.83],[-594861.03,-1158439.19,215.85],[-594853.13,-1158423.45,215.93],[-594843.19,-1158406.65,215.87]]}},{"type":"Feature","id":"64002050000005790","properties":{"id":"64002050000005790","dmvs_type":"0100000021","track_ref":"","popis_objektu":"","year_surveyed":"9999","position_accuracy_class":"9","height_accuracy_class":"9","source_file":"VS_CZ064_MOMC_551252_20260731_DI.jvf.zip"},"geometry":{"type":"LineString","coordinates":[[-594824.08,-1158660.58,215.32],[-594791.81,-1158589.75,215.44],[-594774.99,-1158552.99,215.41]]}},{"type":"Feature","id":"64002050000005862","properties":{"id":"64002050000005862","dmvs_type":"0100000021","track_ref":"","popis_objektu":"","year_surveyed":"1988","position_accuracy_class":"9","height_accuracy_class":"9","source_file":"VS_CZ064_MOMC_551252_20260731_DI.jvf.zip"},"geometry":{"type":"LineString","coordinates":[[-594735.1,-1158476.67,216.61],[-594733.51,-1158464.15,216.73],[-594733.61,-1158451.52,216.86]]}},{"type":"Feature","id":"64002050000005930","properties":{"id":"64002050000005930","dmvs_type":"0100000021","track_ref":"","popis_objektu":"","year_surveyed":"2008","position_accuracy_class":"9","height_accuracy_class":"9","source_file":"VS_CZ064_MOMC_551252_20260731_DI.jvf.zip"},"geometry":{"type":"LineString","coordinates":[[-594649.0,-1157781.88,221.27],[-594642.98,-1157770.45,219.56],[-594637.12,-1157760.09,221.21],[-594626.79,-1157744.36,219.56],[-594613.29,-1157726.19,219.56],[-594599.18,-1157709.04,220.88],[-594587.64,-1157697.24,219.56],[-594577.06,-1157687.53,219.56],[-594566.78,-1157678.83,220.61],[-594554.46,-1157669.54,219.56],[-594540.56,-1157660.16,220.54],[-594526.7,-1157651.8,219.56],[-594509.89,-1157642.96,219.56],[-594491.48,-1157634.77,220.27],[-594477.21,-1157629.45,219.56],[-594463.39,-1157625.03,219.56],[-594449.81,-1157621.39,219.99],[-594435.06,-1157618.25,219.56],[-594420.44,-1157615.82,219.56],[-594404.69,-1157614.07,219.7],[-594399.49,-1157613.72,219.71],[-594380.41,-1157612.95,219.56],[-594362.32,-1157613.44,219.46],[-594347.48,-1157614.63,219.56],[-594331.11,-1157616.88,219.56],[-594316.5,-1157619.63,219.2],[-594302.1,-1157623.1,219.56],[-594289.52,-1157626.71,219.56],[-594276.86,-1157631.03,218.93],[-594260.27,-1157637.67,219.56],[-594247.59,-1157643.1,218.72],[-594224.44,-1157654.12,218.51],[-594221.73,-1157655.42,218.48],[-594192.15,-1157669.78,218.35],[-594164.62,-1157683.33,218.19],[-594124.41,-1157704.82,218.1]]}},{"type":"Feature","id":"64002050000005977","properties":{"id":"64002050000005977","dmvs_type":"0100000021","track_ref":"","popis_objektu":"","year_surveyed":"9999","position_accuracy_class":"9","height_accuracy_class":"9","source_file":"VS_CZ064_MOMC_551252_20260731_DI.jvf.zip"},"geometry":{"type":"LineString","coordinates":[[-594665.91,-1158095.45,212.94],[-594665.85,-1158085.62,213.0]]}},{"type":"Feature","id":"64002050000006018","properties":{"id":"64002050000006018","dmvs_type":"0100000021","track_ref":"","popis_objektu":"","year_surveyed":"1986","position_accuracy_class":"9","height_accuracy_class":"9","source_file":"VS_CZ064_MOMC_551252_20260731_DI.jvf.zip"},"geometry":{"type":"LineString","coordinates":[[-594768.21,-1158152.26,218.63],[-594762.56,-1158139.75,218.72],[-594756.96,-1158127.33,218.82]]}},{"type":"Feature","id":"64002050000006065","properties":{"id":"64002050000006065","dmvs_type":"0100000021","track_ref":"","popis_objektu":"","year_surveyed":"1989","position_accuracy_class":"9","height_accuracy_class":"9","source_file":"VS_CZ064_MOMC_551252_20260731_DI.jvf.zip"},"geometry":{"type":"LineString","coordinates":[[-594738.61,-1158184.51,218.17],[-594735.64,-1158172.25,218.37],[-594731.08,-1158160.5,218.57]]}},{"type":"Feature","id":"64002050000006081","properties":{"id":"64002050000006081","dmvs_type":"0100000021","track_ref":"","popis_objektu":"","year_surveyed":"9999","position_accuracy_class":"9","height_accuracy_class":"9","source_file":"VS_CZ064_MOMC_551252_20260731_DI.jvf.zip"},"geometry":{"type":"LineString","coordinates":[[-594717.04,-1158051.75,219.44],[-594714.42,-1158046.08,219.51],[-594709.01,-1158033.86,218.13],[-594704.67,-1158023.21,219.63],[-594695.01,-1157995.55,219.84],[-594674.34,-1157934.6,219.9],[-594667.85,-1157915.38,218.13],[-594659.3,-1157893.93,218.13],[-594648.84,-1157871.41,218.13],[-594639.07,-1157853.06,218.13],[-594631.42,-1157840.84,218.13],[-594617.75,-1157822.06,218.13],[-594605.26,-1157805.97,218.56],[-594592.84,-1157793.1,218.13],[-594572.79,-1157773.61,218.11],[-594558.21,-1157761.54,218.13],[-594541.31,-1157749.06,218.13],[-594523.22,-1157736.99,217.49],[-594501.27,-1157723.78,218.13],[-594481.98,-1157713.7,218.13],[-594470.38,-1157708.65,218.13],[-594455.25,-1157703.4,218.13],[-594442.92,-1157700.21,216.56],[-594418.85,-1157695.5,218.13],[-594401.66,-1157693.18,216.22],[-594393.05,-1157692.49,216.2],[-594378.0,-1157691.29,216.21]]}},{"type":"Feature","id":"64002050000006155","properties":{"id":"64002050000006155","dmvs_type":"0100000021","track_ref":"","popis_objektu":"","year_surveyed":"9999","position_accuracy_class":"9","height_accuracy_class":"9","source_file":"VS_CZ064_MOMC_551252_20260731_DI.jvf.zip"},"geometry":{"type":"LineString","coordinates":[[-594711.02,-1158054.61,219.38],[-594684.15,-1158009.19,219.75]]}},{"type":"Feature","id":"64002050000006160","properties":{"id":"64002050000006160","dmvs_type":"0100000021","track_ref":"","popis_objektu":"","year_surveyed":"9999","position_accuracy_class":"9","height_accuracy_class":"9","source_file":"VS_CZ064_MOMC_551252_20260731_DI.jvf.zip"},"geometry":{"type":"LineString","coordinates":[[-595176.5,-1159051.3,215.12],[-595167.88,-1159042.26,215.12],[-595156.94,-1159029.7,215.12],[-595144.45,-1159014.83,215.12]]}},{"type":"Feature","id":"64002050000006308","properties":{"id":"64002050000006308","dmvs_type":"0100000021","track_ref":"","popis_objektu":"","year_surveyed":"9999","position_accuracy_class":"9","height_accuracy_class":"9","source_file":"VS_CZ064_MOMC_551252_20260731_DI.jvf.zip"},"geometry":{"type":"LineString","coordinates":[[-594676.22,-1157842.45,221.35],[-594672.59,-1157827.63,220.07],[-594669.81,-1157817.39,221.58],[-594666.53,-1157806.93,221.54],[-594660.98,-1157792.12,220.07],[-594655.26,-1157778.25,221.35],[-594648.42,-1157764.39,220.07],[-594640.85,-1157750.68,221.14],[-594635.11,-1157741.32,220.07],[-594628.55,-1157731.45,220.07],[-594620.18,-1157720.07,220.07],[-594612.51,-1157710.45,220.66],[-594604.38,-1157700.95,220.07],[-594595.57,-1157691.55,220.07],[-594586.96,-1157683.14,220.07],[-594579.05,-1157676.07,220.13],[-594569.93,-1157668.45,220.07],[-594557.29,-1157658.97,220.07],[-594544.08,-1157650.14,219.83],[-594524.31,-1157638.66,220.07],[-594501.78,-1157627.7,219.37],[-594489.24,-1157622.51,220.07],[-594470.83,-1157615.91,220.07],[-594452.27,-1157610.51,218.91],[-594439.58,-1157607.38,220.07],[-594422.72,-1157604.14,220.07],[-594406.8,-1157602.03,218.41],[-594401.64,-1157601.46,218.42],[-594390.17,-1157600.76,218.26]]}},{"type":"Feature","id":"64002050000006333","properties":{"id":"64002050000006333","dmvs_type":"0100000021","track_ref":"","popis_objektu":"","year_surveyed":"1985","position_accuracy_class":"9","height_accuracy_class":"9","source_file":"VS_CZ064_MOMC_551252_20260731_DI.jvf.zip"},"geometry":{"type":"LineString","coordinates":[[-594687.27,-1157917.98,220.5],[-594683.74,-1157901.69,220.68],[-594682.14,-1157885.11,220.87]]}},{"type":"Feature","id":"64002050000006351","properties":{"id":"64002050000006351","dmvs_type":"0100000021","track_ref":"","popis_objektu":"","year_surveyed":"1979","position_accuracy_class":"9","height_accuracy_class":"9","source_file":"VS_CZ064_MOMC_551252_20260731_DI.jvf.zip"},"geometry":{"type":"LineString","coordinates":[[-594804.28,-1158411.64,215.87],[-594801.58,-1158399.18,216.0],[-594798.92,-1158386.86,216.13]]}},{"type":"Feature","id":"64002050000006375","properties":{"id":"64002050000006375","dmvs_type":"0100000021","track_ref":"","popis_objektu":"","year_surveyed":"9999","position_accuracy_class":"9","height_accuracy_class":"9","source_file":"VS_CZ064_MOMC_551252_20260731_DI.jvf.zip"},"geometry":{"type":"LineString","coordinates":[[-595255.61,-1159150.89,215.1],[-595248.46,-1159140.44,215.04],[-595241.99,-1159131.35,214.99],[-595222.89,-1159106.55,215.04],[-595209.2,-1159091.1,215.0],[-595207.18,-1159088.88,215.0],[-595190.5,-1159072.79,215.06]]}},{"type":"Feature","id":"64002050000006405","properties":{"id":"64002050000006405","dmvs_type":"0100000021","track_ref":"","popis_objektu":"","year_surveyed":"1984","position_accuracy_class":"9","height_accuracy_class":"9","source_file":"VS_CZ064_MOMC_551252_20260731_DI.jvf.zip"},"geometry":{"type":"LineString","coordinates":[[-594763.34,-1158389.96,216.1],[-594763.57,-1158385.83,216.1],[-594764.12,-1158376.3,216.1],[-594764.43,-1158370.26,216.1]]}},{"type":"Feature","id":"64002050000006478","properties":{"id":"64002050000006478","dmvs_type":"0100000021","track_ref":"","popis_objektu":"","year_surveyed":"2022","position_accuracy_class":"9","height_accuracy_class":"9","source_file":"VS_CZ064_MOMC_551252_20260731_DI.jvf.zip"},"geometry":{"type":"LineString","coordinates":[[-594321.63,-1157601.22,218.99],[-594258.1,-1157630.39,218.99]]}},{"type":"Feature","id":"64002050000006504","properties":{"id":"64002050000006504","dmvs_type":"0100000021","track_ref":"","popis_objektu":"","year_surveyed":"9999","position_accuracy_class":"9","height_accuracy_class":"9","source_file":"VS_CZ064_MOMC_551252_20260731_DI.jvf.zip"},"geometry":{"type":"LineString","coordinates":[[-595275.93,-1159218.66,214.79],[-595262.81,-1159204.52,214.76],[-595261.49,-1159203.03,214.75],[-595254.16,-1159193.95,214.48]]}},{"type":"Feature","id":"64002050000006505","properties":{"id":"64002050000006505","dmvs_type":"0100000021","track_ref":"","popis_objektu":"","year_surveyed":"9999","position_accuracy_class":"9","height_accuracy_class":"9","source_file":"VS_CZ064_MOMC_551252_20260731_DI.jvf.zip"},"geometry":{"type":"LineString","coordinates":[[-595088.33,-1159186.16,214.03],[-595075.29,-1159175.19,214.13],[-595059.93,-1159162.8,214.05],[-595052.98,-1159157.15,214.0],[-595041.66,-1159146.82,214.51],[-595033.2,-1159137.79,214.51],[-595025.88,-1159129.12,213.96],[-595017.79,-1159118.52,214.51],[-595011.09,-1159108.1,214.51],[-595004.53,-1159096.15,214.51],[-594997.74,-1159081.72,214.51],[-594975.83,-1159034.24,213.96],[-594956.22,-1158991.7,214.13],[-594918.6,-1158909.94,214.38],[-594878.31,-1158822.75,214.6],[-594842.2,-1158744.31,214.81],[-594807.86,-1158669.88,215.08],[-594803.49,-1158660.48,215.08],[-594799.83,-1158653.1,215.14],[-594796.0,-1158645.72,214.51],[-594787.8,-1158631.54,215.21],[-594786.73,-1158629.86,215.15]]}},{"type":"Feature","id":"64002050000006509","properties":{"id":"64002050000006509","dmvs_type":"0100000021","track_ref":"","popis_objektu":"","year_surveyed":"9999","position_accuracy_class":"9","height_accuracy_class":"9","source_file":"VS_CZ064_MOMC_551252_20260731_DI.jvf.zip"},"geometry":{"type":"LineString","coordinates":[[-595195.22,-1159025.74,215.08],[-595166.06,-1158955.84,215.21],[-595157.43,-1158935.44,215.27],[-595142.48,-1158900.37,215.35],[-595080.63,-1158765.24,215.82],[-595046.92,-1158691.75,215.97],[-595000.31,-1158589.94,216.18],[-594958.65,-1158499.1,216.55],[-594917.04,-1158408.4,216.77],[-594902.23,-1158376.03,216.87],[-594887.62,-1158345.91,217.05],[-594871.1,-1158318.41,217.22],[-594856.51,-1158295.9,217.34]]}},{"type":"Feature","id":"64002050000006621","properties":{"id":"64002050000006621","dmvs_type":"0100000021","track_ref":"","popis_objektu":"","year_surveyed":"1983","position_accuracy_class":"9","height_accuracy_class":"9","source_file":"VS_CZ064_MOMC_551252_20260731_DI.jvf.zip"},"geometry":{"type":"LineString","coordinates":[[-595154.76,-1159220.87,214.22],[-595142.59,-1159217.53,214.18],[-595131.06,-1159212.67,214.15]]}},{"type":"Feature","id":"64002050000000798","properties":{"id":"64002050000000798","dmvs_type":"0100000021","track_ref":"","popis_objektu":"","year_surveyed":"9999","position_accuracy_class":"9","height_accuracy_class":"9","source_file":"VS_CZ064_MOMC_551252_20260731_DI.jvf.zip"},"geometry":{"type":"LineString","coordinates":[[-594719.2,-1158397.78,217.47],[-594719.24,-1158396.08,217.46],[-594718.94,-1158378.17,217.72],[-594718.9,-1158373.63,217.83],[-594717.99,-1158291.56,218.39],[-594717.45,-1158265.78,218.56],[-594716.73,-1158251.12,218.13],[-594715.6,-1158235.56,218.13],[-594714.12,-1158222.47,218.73],[-594711.33,-1158200.28,218.91]]}},{"type":"Feature","id":"64002050000006698","properties":{"id":"64002050000006698","dmvs_type":"0100000021","track_ref":"","popis_objektu":"","year_surveyed":"9999","position_accuracy_class":"9","height_accuracy_class":"9","source_file":"VS_CZ064_MOMC_551252_20260731_DI.jvf.zip"},"geometry":{"type":"LineString","coordinates":[[-595192.66,-1159153.48,214.31],[-595180.65,-1159144.42,214.26],[-595167.4,-1159133.66,214.21],[-595153.17,-1159120.53,214.94],[-595142.23,-1159109.21,214.15],[-595131.77,-1159096.92,214.94],[-595123.42,-1159085.58,213.56],[-595113.04,-1159068.72,214.94],[-595103.85,-1159051.58,214.94],[-595098.51,-1159041.03,213.53],[-595058.35,-1158953.1,213.87],[-595026.88,-1158884.46,214.94],[-594990.67,-1158805.48,214.94],[-594958.31,-1158734.75,214.94],[-594902.84,-1158614.22,215.52],[-594870.1,-1158542.43,215.72],[-594839.84,-1158476.35,215.9],[-594827.41,-1158447.7,215.98],[-594817.69,-1158422.3,216.03],[-594813.3,-1158411.16,216.1],[-594807.6,-1158397.83,216.1]]}},{"type":"Feature","id":"64002050000006718","properties":{"id":"64002050000006718","dmvs_type":"0100000021","track_ref":"","popis_objektu":"","year_surveyed":"9999","position_accuracy_class":"9","height_accuracy_class":"9","source_file":"VS_CZ064_MOMC_551252_20260731_DI.jvf.zip"},"geometry":{"type":"LineString","coordinates":[[-594731.08,-1158160.5,218.57],[-594724.87,-1158144.64,218.72]]}},{"type":"Feature","id":"64002050000006760","properties":{"id":"64002050000006760","dmvs_type":"0100000021","track_ref":"","popis_objektu":"","year_surveyed":"1982","position_accuracy_class":"9","height_accuracy_class":"9","source_file":"VS_CZ064_MOMC_551252_20260731_DI.jvf.zip"},"geometry":{"type":"LineString","coordinates":[[-594714.68,-1158038.81,219.53],[-594708.02,-1158019.12,219.69],[-594701.36,-1157999.42,219.85]]}},{"type":"Feature","id":"64002050000006785","properties":{"id":"64002050000006785","dmvs_type":"0100000021","track_ref":"","popis_objektu":"","year_surveyed":"9999","position_accuracy_class":"9","height_accuracy_class":"9","source_file":"VS_CZ064_MOMC_551252_20260731_DI.jvf.zip"},"geometry":{"type":"LineString","coordinates":[[-595191.76,-1159187.16,214.37],[-595179.47,-1159178.4,214.33],[-595159.17,-1159163.9,214.27],[-595148.06,-1159155.62,214.76],[-595139.37,-1159148.59,214.76],[-595129.49,-1159139.11,214.76],[-595120.77,-1159129.64,214.08],[-595108.55,-1159115.0,214.76],[-595098.25,-1159100.66,213.39],[-595089.72,-1159086.52,214.76],[-595082.6,-1159073.07,214.76],[-595077.09,-1159062.23,213.4],[-595032.67,-1158965.24,213.79],[-594991.95,-1158876.87,214.41],[-594955.14,-1158796.58,214.76],[-594913.33,-1158705.69,215.04],[-594879.67,-1158631.78,215.25],[-594845.23,-1158556.5,215.57],[-594818.94,-1158499.07,215.77],[-594811.0,-1158481.89,214.76],[-594806.33,-1158469.95,214.76],[-594802.75,-1158459.72,215.88],[-594798.17,-1158442.19,214.76],[-594795.37,-1158426.88,215.97],[-594792.49,-1158407.14,216.0]]}},{"type":"Feature","id":"64002050000006815","properties":{"id":"64002050000006815","dmvs_type":"0100000021","track_ref":"","popis_objektu":"","year_surveyed":"1990","position_accuracy_class":"9","height_accuracy_class":"9","source_file":"VS_CZ064_MOMC_551252_20260731_DI.jvf.zip"},"geometry":{"type":"LineString","coordinates":[[-594258.1,-1157630.39,218.99],[-594243.19,-1157637.79,218.93],[-594233.77,-1157642.48,218.88]]}},{"type":"Feature","id":"64002050000006874","properties":{"id":"64002050000006874","dmvs_type":"0100000021","track_ref":"","popis_objektu":"","year_surveyed":"9999","position_accuracy_class":"9","height_accuracy_class":"9","source_file":"VS_CZ064_MOMC_551252_20260731_DI.jvf.zip"},"geometry":{"type":"LineString","coordinates":[[-594790.53,-1158381.97,216.14],[-594790.3,-1158376.03,216.18]]}},{"type":"Feature","id":"64002050000006987","properties":{"id":"64002050000006987","dmvs_type":"0100000021","track_ref":"","popis_objektu":"","year_surveyed":"9999","position_accuracy_class":"9","height_accuracy_class":"9","source_file":"VS_CZ064_MOMC_551252_20260731_DI.jvf.zip"},"geometry":{"type":"LineString","coordinates":[[-595931.84,-1159764.15,210.25],[-595924.49,-1159745.84,210.37],[-595917.04,-1159729.45,210.48],[-595915.8,-1159726.97,210.26],[-595907.35,-1159711.64,212.52],[-595898.71,-1159697.45,210.53],[-595874.96,-1159662.51,211.02],[-595872.94,-1159659.56,211.05],[-595859.83,-1159640.46,211.23],[-595853.9,-1159631.81,211.31],[-595846.61,-1159621.47,211.39],[-595839.75,-1159612.24,211.47],[-595832.56,-1159603.05,211.55],[-595825.17,-1159594.05,211.6],[-595817.63,-1159585.31,211.71],[-595809.91,-1159576.78,211.8],[-595801.84,-1159568.3,211.89],[-595793.72,-1159560.16,211.97],[-595785.23,-1159552.06,212.06],[-595776.72,-1159544.33,212.14],[-595767.84,-1159536.64,212.23],[-595758.97,-1159529.32,212.31],[-595749.71,-1159522.06,212.4],[-595742.1,-1159516.36,212.47],[-595740.49,-1159515.19,212.48],[-595730.88,-1159508.35,212.57],[-595721.35,-1159501.92,212.65],[-595711.16,-1159495.35,212.74],[-595701.35,-1159489.34,212.81],[-595698.17,-1159487.47,212.84],[-595690.5,-1159483.03,212.87],[-595690.07,-1159482.79,212.87],[-595669.19,-1159471.0,212.96],[-595667.09,-1159469.81,212.96],[-595653.47,-1159462.06,213.02],[-595647.57,-1159458.68,213.04],[-595625.88,-1159446.23,213.16],[-595604.19,-1159433.79,213.28],[-595582.49,-1159421.36,213.46],[-595563.38,-1159410.4,213.63],[-595560.8,-1159408.92,213.66],[-595539.08,-1159396.46,213.87],[-595517.16,-1159383.89,214.09],[-595515.94,-1159383.19,214.1],[-595494.94,-1159371.41,214.3],[-595484.93,-1159365.86,214.25],[-595382.12,-1159309.82,214.72],[-595306.72,-1159268.73,214.82],[-595290.56,-1159260.9,212.52],[-595274.36,-1159253.66,214.54],[-595257.5,-1159247.58,212.52],[-595238.25,-1159241.79,212.52],[-595221.15,-1159237.22,214.16]]}},{"type":"Feature","id":"64002050000006989","properties":{"id":"64002050000006989","dmvs_type":"0100000021","track_ref":"","popis_objektu":"","year_surveyed":"9999","position_accuracy_class":"9","height_accuracy_class":"9","source_file":"VS_CZ064_MOMC_551252_20260731_DI.jvf.zip"},"geometry":{"type":"LineString","coordinates":[[-595258.04,-1159273.88,209.2],[-595235.28,-1159272.21,209.41],[-595222.92,-1159270.69,209.4],[-595211.64,-1159268.82,209.4],[-595157.16,-1159258.71,209.6]]}},{"type":"Feature","id":"64002050000006999","properties":{"id":"64002050000006999","dmvs_type":"0100000021","track_ref":"","popis_objektu":"","year_surveyed":"1987","position_accuracy_class":"9","height_accuracy_class":"9","source_file":"VS_CZ064_MOMC_551252_20260731_DI.jvf.zip"},"geometry":{"type":"LineString","coordinates":[[-594647.53,-1157782.79,221.24],[-594637.91,-1157768.7,221.38],[-594630.57,-1157759.22,221.39],[-594622.47,-1157749.89,221.38],[-594615.27,-1157742.35,221.51]]}},{"type":"Feature","id":"64002050000007044","properties":{"id":"64002050000007044","dmvs_type":"0100000021","track_ref":"","popis_objektu":"","year_surveyed":"9999","position_accuracy_class":"9","height_accuracy_class":"9","source_file":"VS_CZ064_MOMC_551252_20260731_DI.jvf.zip"},"geometry":{"type":"LineString","coordinates":[[-595271.41,-1159242.61,214.59],[-595268.43,-1159240.92,214.6]]}},{"type":"Feature","id":"64002050000007047","properties":{"id":"64002050000007047","dmvs_type":"0100000021","track_ref":"","popis_objektu":"","year_surveyed":"9999","position_accuracy_class":"9","height_accuracy_class":"9","source_file":"VS_CZ064_MOMC_551252_20260731_DI.jvf.zip"},"geometry":{"type":"LineString","coordinates":[[-595177.64,-1159049.79,215.02],[-595162.02,-1159030.25,215.15],[-595147.97,-1159010.54,215.16],[-595136.76,-1158993.03,216.14],[-595128.62,-1158979.33,215.24],[-595118.0,-1158959.78,215.3],[-595117.39,-1158958.58,215.26],[-595104.82,-1158932.34,215.36],[-595037.24,-1158784.76,215.79],[-595003.24,-1158710.56,215.96],[-594953.63,-1158602.41,216.16],[-594918.01,-1158524.37,216.36],[-594876.02,-1158432.76,216.6],[-594853.21,-1158383.0,216.76],[-594836.83,-1158345.34,217.03],[-594830.26,-1158328.54,216.14],[-594825.4,-1158314.64,217.25],[-594822.72,-1158305.73,217.35],[-594822.3,-1158304.23,217.34],[-594818.74,-1158289.09,217.53]]}},{"type":"Feature","id":"64002050000007102","properties":{"id":"64002050000007102","dmvs_type":"0100000021","track_ref":"","popis_objektu":"","year_surveyed":"9999","position_accuracy_class":"9","height_accuracy_class":"9","source_file":"VS_CZ064_MOMC_551252_20260731_DI.jvf.zip"},"geometry":{"type":"LineString","coordinates":[[-594729.35,-1158423.52,217.19],[-594728.79,-1158398.58,218.23],[-594728.5,-1158378.07,217.75],[-594727.25,-1158277.94,218.38],[-594726.81,-1158264.22,218.23],[-594726.14,-1158252.96,218.57],[-594724.98,-1158242.12,218.23],[-594723.52,-1158231.96,218.73],[-594722.68,-1158226.65,218.77]]}},{"type":"Feature","id":"64002050000007107","properties":{"id":"64002050000007107","dmvs_type":"0100000021","track_ref":"","popis_objektu":"","year_surveyed":"9999","position_accuracy_class":"9","height_accuracy_class":"9","source_file":"VS_CZ064_MOMC_551252_20260731_DI.jvf.zip"},"geometry":{"type":"LineString","coordinates":[[-594703.7,-1158150.32,219.44],[-594703.1,-1158147.32,219.47]]}},{"type":"Feature","id":"64002050000007192","properties":{"id":"64002050000007192","dmvs_type":"0100000021","track_ref":"","popis_objektu":"","year_surveyed":"1989","position_accuracy_class":"9","height_accuracy_class":"9","source_file":"VS_CZ064_MOMC_551252_20260731_DI.jvf.zip"},"geometry":{"type":"LineString","coordinates":[[-594762.02,-1158336.03,216.32],[-594762.94,-1158323.54,216.4],[-594762.22,-1158310.95,216.48]]}},{"type":"Feature","id":"64002050000007244","properties":{"id":"64002050000007244","dmvs_type":"0100000021","track_ref":"","popis_objektu":"","year_surveyed":"1983","position_accuracy_class":"9","height_accuracy_class":"9","source_file":"VS_CZ064_MOMC_551252_20260731_DI.jvf.zip"},"geometry":{"type":"LineString","coordinates":[[-595221.15,-1159237.22,214.16],[-595210.92,-1159234.73,214.16],[-595200.36,-1159233.29,214.16]]}},{"type":"Feature","id":"64002050000007389","properties":{"id":"64002050000007389","dmvs_type":"0100000021","track_ref":"559","popis_objektu":"kolej č. 559","year_surveyed":"0","position_accuracy_class":"9","height_accuracy_class":"9","source_file":"VS_CZ064_MOMC_551252_20260731_DI.jvf.zip"},"geometry":{"type":"LineString","coordinates":[[-594830.67,-1159002.44,0.0],[-594830.55,-1159002.23,0.0],[-594830.55,-1159002.23,0.0],[-594819.06,-1158981.31,0.0],[-594813.33,-1158967.97,0.0],[-594804.72,-1158941.82,0.0],[-594804.72,-1158941.82,0.0],[-594795.57,-1158920.3,0.0],[-594786.39,-1158900.14,0.0]]}},{"type":"Feature","id":"64002050000007390","properties":{"id":"64002050000007390","dmvs_type":"0100000021","track_ref":"559","popis_objektu":"kolej č. 559","year_surveyed":"0","position_accuracy_class":"9","height_accuracy_class":"9","source_file":"VS_CZ064_MOMC_551252_20260731_DI.jvf.zip"},"geometry":{"type":"LineString","coordinates":[[-594941.89,-1159127.45,0.0],[-594926.53,-1159108.27,0.0],[-594910.63,-1159088.38,0.0],[-594910.63,-1159088.38,0.0],[-594865.23,-1159044.01,0.0],[-594844.53,-1159021.5,0.0],[-594830.67,-1159002.44,0.0]]}},{"type":"Feature","id":"64002050000000853","properties":{"id":"64002050000000853","dmvs_type":"0100000021","track_ref":"","popis_objektu":"","year_surveyed":"9999","position_accuracy_class":"9","height_accuracy_class":"9","source_file":"VS_CZ064_MOMC_551252_20260731_DI.jvf.zip"},"geometry":{"type":"LineString","coordinates":[[-595250.37,-1159202.59,214.61],[-595242.38,-1159197.47,214.61]]}},{"type":"Feature","id":"64002050000007392","properties":{"id":"64002050000007392","dmvs_type":"0100000021","track_ref":"557","popis_objektu":"kolej č. 557","year_surveyed":"0","position_accuracy_class":"9","height_accuracy_class":"9","source_file":"VS_CZ064_MOMC_551252_20260731_DI.jvf.zip"},"geometry":{"type":"LineString","coordinates":[[-594910.63,-1159088.38,0.0],[-594872.77,-1159039.26,0.0],[-594863.48,-1159026.6,0.0],[-594854.74,-1159011.7,0.0],[-594846.75,-1158993.82,0.0]]}},{"type":"Feature","id":"64002050000007396","properties":{"id":"64002050000007396","dmvs_type":"0100000021","track_ref":"536","popis_objektu":"kolej č. 536","year_surveyed":"0","position_accuracy_class":"9","height_accuracy_class":"9","source_file":"VS_CZ064_MOMC_551252_20260731_DI.jvf.zip"},"geometry":{"type":"LineString","coordinates":[[-594845.95,-1159033.71,0.0],[-594817.48,-1159012.52,0.0],[-594817.48,-1159012.52,0.0],[-594800.42,-1158999.76,0.0],[-594792.94,-1158993.48,0.0],[-594781.41,-1158983.18,0.0],[-594764.89,-1158964.8,0.0],[-594679.42,-1158852.32,0.0],[-594662.69,-1158823.63,0.0],[-594657.72,-1158814.19,0.0],[-594646.33,-1158783.04,0.0],[-594640.15,-1158762.36,0.0],[-594629.63,-1158724.35,0.0],[-594621.55,-1158696.25,0.0],[-594621.55,-1158696.25,0.0],[-594608.52,-1158665.61,0.0],[-594599.49,-1158641.6,0.0],[-594594.51,-1158623.32,0.0],[-594590.79,-1158603.77,0.0],[-594588.28,-1158563.26,0.0],[-594590.24,-1158538.37,0.0],[-594591.75,-1158525.61,0.0]]}},{"type":"Feature","id":"64002050000007400","properties":{"id":"64002050000007400","dmvs_type":"0100000021","track_ref":"526","popis_objektu":"kolej č. 526","year_surveyed":"0","position_accuracy_class":"9","height_accuracy_class":"9","source_file":"VS_CZ064_MOMC_551252_20260731_DI.jvf.zip"},"geometry":{"type":"LineString","coordinates":[[-594786.39,-1158900.14,0.0],[-594775.43,-1158882.8,0.0],[-594775.43,-1158882.8,0.0],[-594752.73,-1158842.9,0.0],[-594723.58,-1158783.06,0.0],[-594696.65,-1158723.97,0.0]]}},{"type":"Feature","id":"64002050000007403","properties":{"id":"64002050000007403","dmvs_type":"0100000021","track_ref":"523","popis_objektu":"kolej č. 523","year_surveyed":"0","position_accuracy_class":"9","height_accuracy_class":"9","source_file":"VS_CZ064_MOMC_551252_20260731_DI.jvf.zip"},"geometry":{"type":"LineString","coordinates":[[-594804.72,-1158941.82,0.0],[-594791.47,-1158900.18,0.0],[-594791.47,-1158900.18,0.0],[-594784.59,-1158878.58,0.0],[-594784.59,-1158878.58,0.0],[-594771.7,-1158836.87,0.0],[-594764.76,-1158819.01,0.0],[-594744.11,-1158775.22,0.0],[-594716.64,-1158714.76,0.0]]}},{"type":"Feature","id":"64002050000007411","properties":{"id":"64002050000007411","dmvs_type":"0100000021","track_ref":"511","popis_objektu":"kolej č. 511","year_surveyed":"0","position_accuracy_class":"9","height_accuracy_class":"9","source_file":"VS_CZ064_MOMC_551252_20260731_DI.jvf.zip"},"geometry":{"type":"LineString","coordinates":[[-594713.63,-1158682.8,0.0],[-594688.03,-1158626.02,0.0],[-594677.76,-1158600.38,0.0],[-594671.88,-1158585.33,0.0],[-594667.79,-1158571.37,0.0],[-594665.68,-1158561.53,0.0],[-594661.39,-1158541.49,0.0],[-594652.85,-1158512.22,0.0]]}},{"type":"Feature","id":"64002050000007415","properties":{"id":"64002050000007415","dmvs_type":"0100000021","track_ref":"515","popis_objektu":"kolej č. 515","year_surveyed":"0","position_accuracy_class":"9","height_accuracy_class":"9","source_file":"VS_CZ064_MOMC_551252_20260731_DI.jvf.zip"},"geometry":{"type":"LineString","coordinates":[[-594689.86,-1158693.33,0.0],[-594664.94,-1158636.09,0.0],[-594653.28,-1158605.18,0.0],[-594648.48,-1158588.24,0.0],[-594642.08,-1158557.56,0.0],[-594639.25,-1158510.33,0.0]]}},{"type":"Feature","id":"64002050000007422","properties":{"id":"64002050000007422","dmvs_type":"0100000021","track_ref":"537","popis_objektu":"kolej č. 537","year_surveyed":"0","position_accuracy_class":"9","height_accuracy_class":"9","source_file":"VS_CZ064_MOMC_551252_20260731_DI.jvf.zip"},"geometry":{"type":"LineString","coordinates":[[-594638.67,-1158782.81,0.0],[-594621.19,-1158720.86,0.0],[-594617.31,-1158707.42,0.0],[-594606.86,-1158677.29,0.0],[-594593.02,-1158644.91,0.0]]}},{"type":"Feature","id":"64002050000007425","properties":{"id":"64002050000007425","dmvs_type":"0100000021","track_ref":"545","popis_objektu":"kolej č. 545","year_surveyed":"0","position_accuracy_class":"9","height_accuracy_class":"9","source_file":"VS_CZ064_MOMC_551252_20260731_DI.jvf.zip"},"geometry":{"type":"LineString","coordinates":[[-594653.78,-1158324.69,0.0],[-594646.46,-1158355.66,0.0],[-594646.46,-1158355.66,0.0],[-594644.28,-1158371.19,0.0],[-594643.62,-1158379.38,0.0],[-594643.15,-1158389.6,0.0],[-594642.96,-1158401.38,0.0],[-594642.58,-1158411.04,0.0],[-594641.02,-1158428.21,0.0],[-594640.06,-1158440.04,0.0],[-594638.85,-1158450.98,0.0],[-594634.4,-1158476.19,0.0],[-594623.75,-1158528.66,0.0]]}},{"type":"Feature","id":"64002050000007426","properties":{"id":"64002050000007426","dmvs_type":"0100000021","track_ref":"542","popis_objektu":"kolej č. 542","year_surveyed":"0","position_accuracy_class":"9","height_accuracy_class":"9","source_file":"VS_CZ064_MOMC_551252_20260731_DI.jvf.zip"},"geometry":{"type":"LineString","coordinates":[[-594666.76,-1158261.45,0.0],[-594666.72,-1158278.51,0.0],[-594667.11,-1158288.97,0.0],[-594667.36,-1158301.66,0.0],[-594666.85,-1158310.37,0.0],[-594661.11,-1158389.15,0.0]]}},{"type":"Feature","id":"64002050000000860","properties":{"id":"64002050000000860","dmvs_type":"0100000021","track_ref":"","popis_objektu":"","year_surveyed":"2007","position_accuracy_class":"9","height_accuracy_class":"9","source_file":"VS_CZ064_MOMC_551252_20260731_DI.jvf.zip"},"geometry":{"type":"LineString","coordinates":[[-594787.82,-1158350.97,216.31],[-594785.85,-1158338.5,216.38],[-594782.25,-1158326.42,216.45]]}},{"type":"Feature","id":"64002050000007430","properties":{"id":"64002050000007430","dmvs_type":"0100000021","track_ref":"563","popis_objektu":"kolej č. 563","year_surveyed":"0","position_accuracy_class":"9","height_accuracy_class":"9","source_file":"VS_CZ064_MOMC_551252_20260731_DI.jvf.zip"},"geometry":{"type":"LineString","coordinates":[[-595274.81,-1159275.75,0.0],[-595258.3,-1159271.97,0.0],[-595247.69,-1159270.12,0.0],[-595231.63,-1159267.32,0.0],[-595139.64,-1159251.1,0.0],[-595103.57,-1159244.74,0.0],[-595088.26,-1159241.65,0.0],[-595079.24,-1159239.55,0.0],[-595069.67,-1159236.55,0.0],[-595060.84,-1159233.37,0.0],[-595052.64,-1159229.64,0.0],[-595037.24,-1159222.09,0.0],[-595022.12,-1159213.09,0.0],[-595010.36,-1159204.72,0.0],[-595007.36,-1159202.01,0.0],[-595002.65,-1159198.04,0.0],[-594998.88,-1159194.68,0.0],[-594994.54,-1159190.55,0.0],[-594990.43,-1159186.39,0.0],[-594986.79,-1159182.49,0.0],[-594982.93,-1159178.16,0.0],[-594979.54,-1159174.19,0.0],[-594975.76,-1159169.69,0.0],[-594971.97,-1159165.09,0.0],[-594968.24,-1159160.47,0.0],[-594965.21,-1159156.66,0.0],[-594961.85,-1159152.43,0.0],[-594958.58,-1159148.34,0.0],[-594955.23,-1159144.15,0.0],[-594953.79,-1159142.33,0.0],[-594951.06,-1159138.92,0.0],[-594948.24,-1159135.38,0.0],[-594944.58,-1159130.8,0.0],[-594941.89,-1159127.45,0.0]]}},{"type":"Feature","id":"64002050000007434","properties":{"id":"64002050000007434","dmvs_type":"0100000021","track_ref":"546","popis_objektu":"kolej č. 546","year_surveyed":"0","position_accuracy_class":"9","height_accuracy_class":"9","source_file":"VS_CZ064_MOMC_551252_20260731_DI.jvf.zip"},"geometry":{"type":"LineString","coordinates":[[-594614.3,-1158436.81,0.0],[-594646.11,-1158311.51,0.0],[-594653.24,-1158285.18,0.0],[-594664.89,-1158202.61,0.0],[-594669.2,-1158172.15,0.0],[-594669.2,-1158172.15,0.0],[-594669.26,-1158142.68,0.0]]}},{"type":"Feature","id":"64002050000007435","properties":{"id":"64002050000007435","dmvs_type":"0100000021","track_ref":"544","popis_objektu":"kolej č. 544","year_surveyed":"0","position_accuracy_class":"9","height_accuracy_class":"9","source_file":"VS_CZ064_MOMC_551252_20260731_DI.jvf.zip"},"geometry":{"type":"LineString","coordinates":[[-594669.2,-1158172.15,0.0],[-594669.11,-1158184.84,0.0],[-594668.1,-1158208.02,0.0],[-594664.91,-1158235.54,0.0],[-594656.61,-1158296.37,0.0],[-594655.03,-1158309.59,0.0],[-594653.78,-1158324.69,0.0],[-594653.78,-1158324.69,0.0],[-594650.87,-1158360.31,0.0],[-594645.65,-1158429.35,0.0],[-594645.65,-1158429.35,0.0],[-594647.28,-1158457.53,0.0],[-594647.28,-1158457.53,0.0],[-594650.89,-1158482.71,0.0],[-594654.89,-1158494.52,0.0],[-594659.04,-1158507.39,0.0],[-594665.07,-1158524.19,0.0],[-594672.1,-1158541.12,0.0],[-594683.04,-1158569.2,0.0],[-594699.24,-1158604.64,0.0],[-594775.89,-1158771.0,0.0],[-594797.65,-1158824.34,0.0]]}},{"type":"Feature","id":"64002050000007436","properties":{"id":"64002050000007436","dmvs_type":"0100000021","track_ref":"543","popis_objektu":"kolej č. 543","year_surveyed":"0","position_accuracy_class":"9","height_accuracy_class":"9","source_file":"VS_CZ064_MOMC_551252_20260731_DI.jvf.zip"},"geometry":{"type":"LineString","coordinates":[[-594673.43,-1158206.39,0.0],[-594669.15,-1158241.91,0.0],[-594666.76,-1158261.45,0.0],[-594666.76,-1158261.45,0.0],[-594663.23,-1158286.4,0.0],[-594661.87,-1158299.29,0.0],[-594653.0,-1158417.3,0.0],[-594652.06,-1158434.8,0.0],[-594652.39,-1158445.91,0.0],[-594652.94,-1158451.36,0.0],[-594653.37,-1158456.59,0.0],[-594654.14,-1158463.0,0.0],[-594655.67,-1158471.54,0.0],[-594657.2,-1158479.02,0.0],[-594660.16,-1158491.52,0.0],[-594662.46,-1158499.53,0.0],[-594666.62,-1158512.03,0.0],[-594671.76,-1158525.59,0.0],[-594675.04,-1158533.18,0.0],[-594680.08,-1158543.75,0.0],[-594685.55,-1158553.58,0.0],[-594688.07,-1158558.44,0.0],[-594688.07,-1158558.44,0.0],[-594698.27,-1158577.82,0.0],[-594702.33,-1158585.11,0.0],[-594709.9,-1158601.7,0.0],[-594785.7,-1158767.26,0.0],[-594795.08,-1158787.12,0.0]]}},{"type":"Feature","id":"64002050000007443","properties":{"id":"64002050000007443","dmvs_type":"0100000021","track_ref":"542a","popis_objektu":"kolej č. 542a","year_surveyed":"0","position_accuracy_class":"9","height_accuracy_class":"9","source_file":"VS_CZ064_MOMC_551252_20260731_DI.jvf.zip"},"geometry":{"type":"LineString","coordinates":[[-594661.11,-1158389.15,0.0],[-594661.67,-1158401.41,0.0],[-594662.31,-1158410.12,0.0],[-594663.16,-1158417.48,0.0],[-594664.76,-1158426.29,0.0],[-594666.88,-1158435.73,0.0],[-594670.07,-1158446.93,0.0],[-594685.58,-1158496.81,0.0],[-594696.62,-1158531.86,0.0]]}},{"type":"Feature","id":"64002050000000872","properties":{"id":"64002050000000872","dmvs_type":"0100000021","track_ref":"","popis_objektu":"","year_surveyed":"1983","position_accuracy_class":"9","height_accuracy_class":"9","source_file":"VS_CZ064_MOMC_551252_20260731_DI.jvf.zip"},"geometry":{"type":"LineString","coordinates":[[-595108.77,-1159200.88,214.06],[-595098.06,-1159194.21,214.02],[-595087.31,-1159187.51,213.98]]}},{"type":"Feature","id":"64002050000000876","properties":{"id":"64002050000000876","dmvs_type":"0100000021","track_ref":"","popis_objektu":"","year_surveyed":"1986","position_accuracy_class":"9","height_accuracy_class":"9","source_file":"VS_CZ064_MOMC_551252_20260731_DI.jvf.zip"},"geometry":{"type":"LineString","coordinates":[[-594734.84,-1158090.69,219.18],[-594730.94,-1158082.1,219.18]]}},{"type":"Feature","id":"64002050000000931","properties":{"id":"64002050000000931","dmvs_type":"0100000021","track_ref":"","popis_objektu":"","year_surveyed":"9999","position_accuracy_class":"9","height_accuracy_class":"9","source_file":"VS_CZ064_MOMC_551252_20260731_DI.jvf.zip"},"geometry":{"type":"LineString","coordinates":[[-595347.68,-1159245.95,215.18],[-595343.24,-1159241.09,214.86],[-595316.45,-1159211.6,215.01]]}},{"type":"Feature","id":"64002050000005377","properties":{"id":"64002050000005377","dmvs_type":"0100000021","track_ref":"","popis_objektu":"","year_surveyed":"1982","position_accuracy_class":"9","height_accuracy_class":"9","source_file":"VS_CZ064_MOMC_551252_20260731_DI.jvf.zip"},"geometry":{"type":"LineString","coordinates":[[-595156.9,-1159037.55,215.04],[-595150.15,-1159026.82,215.03],[-595143.44,-1159016.15,215.03]]}},{"type":"Feature","id":"64002050000005439","properties":{"id":"64002050000005439","dmvs_type":"0100000021","track_ref":"","popis_objektu":"","year_surveyed":"9999","position_accuracy_class":"9","height_accuracy_class":"9","source_file":"VS_CZ064_MOMC_551252_20260731_DI.jvf.zip"},"geometry":{"type":"LineString","coordinates":[[-594799.56,-1158202.12,218.21],[-594794.56,-1158193.77,218.27]]}},{"type":"Feature","id":"64002050000001033","properties":{"id":"64002050000001033","dmvs_type":"0100000021","track_ref":"","popis_objektu":"","year_surveyed":"2005","position_accuracy_class":"9","height_accuracy_class":"9","source_file":"VS_CZ064_MOMC_551252_20260731_DI.jvf.zip"},"geometry":{"type":"LineString","coordinates":[[-594683.73,-1158039.01,219.92],[-594676.72,-1158019.41,219.95],[-594667.48,-1158000.79,219.98]]}},{"type":"Feature","id":"64002050000001050","properties":{"id":"64002050000001050","dmvs_type":"0100000021","track_ref":"","popis_objektu":"","year_surveyed":"1986","position_accuracy_class":"9","height_accuracy_class":"9","source_file":"VS_CZ064_MOMC_551252_20260731_DI.jvf.zip"},"geometry":{"type":"LineString","coordinates":[[-594730.94,-1158082.1,219.18],[-594723.9,-1158066.75,219.31],[-594717.04,-1158051.75,219.44]]}},{"type":"Feature","id":"64002050000001049","properties":{"id":"64002050000001049","dmvs_type":"0100000021","track_ref":"","popis_objektu":"","year_surveyed":"1983","position_accuracy_class":"9","height_accuracy_class":"9","source_file":"VS_CZ064_MOMC_551252_20260731_DI.jvf.zip"},"geometry":{"type":"LineString","coordinates":[[-595301.53,-1159256.44,214.72],[-595298.24,-1159255.15,214.86],[-595286.0,-1159250.54,214.72],[-595285.65,-1159250.35,214.72],[-595271.41,-1159242.61,214.59]]}},{"type":"Feature","id":"64002050000001079","properties":{"id":"64002050000001079","dmvs_type":"0100000021","track_ref":"","popis_objektu":"","year_surveyed":"1982","position_accuracy_class":"9","height_accuracy_class":"9","source_file":"VS_CZ064_MOMC_551252_20260731_DI.jvf.zip"},"geometry":{"type":"LineString","coordinates":[[-594716.27,-1158038.26,219.55],[-594708.02,-1158019.12,219.7],[-594701.36,-1157999.42,219.85]]}},{"type":"Feature","id":"64002050000001157","properties":{"id":"64002050000001157","dmvs_type":"0100000021","track_ref":"","popis_objektu":"","year_surveyed":"9999","position_accuracy_class":"9","height_accuracy_class":"9","source_file":"VS_CZ064_MOMC_551252_20260731_DI.jvf.zip"},"geometry":{"type":"LineString","coordinates":[[-594809.78,-1158353.74,216.07],[-594806.68,-1158348.68,216.09],[-594800.17,-1158338.09,216.18]]}},{"type":"Feature","id":"64002050000001165","properties":{"id":"64002050000001165","dmvs_type":"0100000021","track_ref":"","popis_objektu":"","year_surveyed":"9999","position_accuracy_class":"9","height_accuracy_class":"9","source_file":"VS_CZ064_MOMC_551252_20260731_DI.jvf.zip"},"geometry":{"type":"LineString","coordinates":[[-595298.53,-1159191.13,215.04],[-595291.82,-1159183.16,215.13]]}},{"type":"Feature","id":"64002050000001167","properties":{"id":"64002050000001167","dmvs_type":"0100000021","track_ref":"","popis_objektu":"","year_surveyed":"9999","position_accuracy_class":"9","height_accuracy_class":"9","source_file":"VS_CZ064_MOMC_551252_20260731_DI.jvf.zip"},"geometry":{"type":"LineString","coordinates":[[-594721.67,-1158425.89,217.16],[-594721.4,-1158423.06,217.16]]}},{"type":"Feature","id":"64002050000001172","properties":{"id":"64002050000001172","dmvs_type":"0100000021","track_ref":"","popis_objektu":"","year_surveyed":"1986","position_accuracy_class":"9","height_accuracy_class":"9","source_file":"VS_CZ064_MOMC_551252_20260731_DI.jvf.zip"},"geometry":{"type":"LineString","coordinates":[[-594820.38,-1158288.67,217.45],[-594816.34,-1158276.59,217.54],[-594812.34,-1158264.63,217.64]]}},{"type":"Feature","id":"64002050000001222","properties":{"id":"64002050000001222","dmvs_type":"0100000021","track_ref":"","popis_objektu":"","year_surveyed":"9999","position_accuracy_class":"9","height_accuracy_class":"9","source_file":"VS_CZ064_MOMC_551252_20260731_DI.jvf.zip"},"geometry":{"type":"LineString","coordinates":[[-594747.65,-1158522.25,216.25],[-594745.97,-1158508.96,216.08],[-594745.19,-1158497.47,216.27],[-594745.19,-1158489.73,216.07],[-594745.63,-1158480.74,216.08],[-594746.48,-1158472.03,216.08],[-594747.71,-1158465.51,215.98],[-594750.49,-1158454.0,216.08],[-594754.2,-1158441.54,215.85]]}},{"type":"Feature","id":"64002050000001268","properties":{"id":"64002050000001268","dmvs_type":"0100000021","track_ref":"","popis_objektu":"","year_surveyed":"1986","position_accuracy_class":"9","height_accuracy_class":"9","source_file":"VS_CZ064_MOMC_551252_20260731_DI.jvf.zip"},"geometry":{"type":"LineString","coordinates":[[-594772.7,-1158150.18,218.72],[-594768.24,-1158140.4,218.72],[-594763.88,-1158130.83,218.73]]}},{"type":"Feature","id":"64002050000001310","properties":{"id":"64002050000001310","dmvs_type":"0100000021","track_ref":"","popis_objektu":"","year_surveyed":"1983","position_accuracy_class":"9","height_accuracy_class":"9","source_file":"VS_CZ064_MOMC_551252_20260731_DI.jvf.zip"},"geometry":{"type":"LineString","coordinates":[[-595179.12,-1159230.54,214.11],[-595168.55,-1159229.21,214.11],[-595158.03,-1159229.04,214.11]]}},{"type":"Feature","id":"64002050000001321","properties":{"id":"64002050000001321","dmvs_type":"0100000021","track_ref":"","popis_objektu":"","year_surveyed":"9999","position_accuracy_class":"9","height_accuracy_class":"9","source_file":"VS_CZ064_MOMC_551252_20260731_DI.jvf.zip"},"geometry":{"type":"LineString","coordinates":[[-594829.7,-1158385.22,216.02],[-594827.45,-1158381.78,216.0]]}},{"type":"Feature","id":"64002050000001325","properties":{"id":"64002050000001325","dmvs_type":"0100000021","track_ref":"","popis_objektu":"","year_surveyed":"9999","position_accuracy_class":"9","height_accuracy_class":"9","source_file":"VS_CZ064_MOMC_551252_20260731_DI.jvf.zip"},"geometry":{"type":"LineString","coordinates":[[-595247.4,-1159234.63,214.37],[-595244.66,-1159233.42,214.42]]}},{"type":"Feature","id":"64002050000001326","properties":{"id":"64002050000001326","dmvs_type":"0100000021","track_ref":"","popis_objektu":"","year_surveyed":"9999","position_accuracy_class":"9","height_accuracy_class":"9","source_file":"VS_CZ064_MOMC_551252_20260731_DI.jvf.zip"},"geometry":{"type":"LineString","coordinates":[[-595305.58,-1159224.92,214.99],[-595303.21,-1159222.01,215.02],[-595295.88,-1159212.55,215.02],[-595287.53,-1159201.75,215.0],[-595277.72,-1159189.39,214.99],[-595269.29,-1159178.8,214.96],[-595232.58,-1159134.09,214.98],[-595209.94,-1159106.74,214.99],[-595188.79,-1159081.6,214.97],[-595172.24,-1159060.96,215.01],[-595156.9,-1159037.55,215.04]]}},{"type":"Feature","id":"64002050000001327","properties":{"id":"64002050000001327","dmvs_type":"0100000021","track_ref":"","popis_objektu":"","year_surveyed":"9999","position_accuracy_class":"9","height_accuracy_class":"9","source_file":"VS_CZ064_MOMC_551252_20260731_DI.jvf.zip"},"geometry":{"type":"LineString","coordinates":[[-594356.94,-1157602.45,218.39],[-594344.63,-1157604.34,218.85],[-594330.09,-1157607.34,218.85],[-594315.09,-1157611.66,218.92],[-594301.29,-1157616.31,218.85],[-594287.89,-1157621.24,219.0],[-594276.31,-1157625.56,219.01],[-594258.75,-1157632.12,218.93]]}},{"type":"Feature","id":"64002050000001331","properties":{"id":"64002050000001331","dmvs_type":"0100000021","track_ref":"","popis_objektu":"","year_surveyed":"9999","position_accuracy_class":"9","height_accuracy_class":"9","source_file":"VS_CZ064_MOMC_551252_20260731_DI.jvf.zip"},"geometry":{"type":"LineString","coordinates":[[-594775.92,-1158191.68,218.07],[-594755.47,-1158147.1,218.59],[-594744.42,-1158122.89,218.96]]}},{"type":"Feature","id":"64002050000001380","properties":{"id":"64002050000001380","dmvs_type":"0100000021","track_ref":"","popis_objektu":"","year_surveyed":"1983","position_accuracy_class":"9","height_accuracy_class":"9","source_file":"VS_CZ064_MOMC_551252_20260731_DI.jvf.zip"},"geometry":{"type":"LineString","coordinates":[[-595268.43,-1159240.92,214.6],[-595257.35,-1159234.88,214.55],[-595247.17,-1159227.3,214.51]]}},{"type":"Feature","id":"64002050000000113","properties":{"id":"64002050000000113","dmvs_type":"0100000021","track_ref":"","popis_objektu":"","year_surveyed":"1982","position_accuracy_class":"9","height_accuracy_class":"9","source_file":"VS_CZ064_MOMC_551252_20260731_DI.jvf.zip"},"geometry":{"type":"LineString","coordinates":[[-594674.37,-1157786.16,222.0],[-594670.55,-1157770.03,222.32],[-594666.75,-1157753.81,222.64]]}},{"type":"Feature","id":"64002050000000127","properties":{"id":"64002050000000127","dmvs_type":"0100000021","track_ref":"","popis_objektu":"","year_surveyed":"1982","position_accuracy_class":"9","height_accuracy_class":"9","source_file":"VS_CZ064_MOMC_551252_20260731_DI.jvf.zip"},"geometry":{"type":"LineString","coordinates":[[-594693.17,-1157899.39,221.07],[-594691.24,-1157890.64,221.16],[-594689.87,-1157884.17,221.23]]}},{"type":"Feature","id":"64002050000000182","properties":{"id":"64002050000000182","dmvs_type":"0100000021","track_ref":"","popis_objektu":"","year_surveyed":"1982","position_accuracy_class":"9","height_accuracy_class":"9","source_file":"VS_CZ064_MOMC_551252_20260731_DI.jvf.zip"},"geometry":{"type":"LineString","coordinates":[[-594701.44,-1157940.23,220.32],[-594697.19,-1157919.73,220.69],[-594693.17,-1157899.39,221.07]]}},{"type":"Feature","id":"64002050000000218","properties":{"id":"64002050000000218","dmvs_type":"0100000021","track_ref":"","popis_objektu":"","year_surveyed":"2008","position_accuracy_class":"9","height_accuracy_class":"9","source_file":"VS_CZ064_MOMC_551252_20260731_DI.jvf.zip"},"geometry":{"type":"LineString","coordinates":[[-594678.93,-1157832.19,221.8],[-594675.5,-1157815.94,221.98],[-594673.89,-1157799.4,222.15]]}},{"type":"Feature","id":"64002050000000272","properties":{"id":"64002050000000272","dmvs_type":"0100000021","track_ref":"","popis_objektu":"","year_surveyed":"1991","position_accuracy_class":"9","height_accuracy_class":"9","source_file":"VS_CZ064_MOMC_551252_20260731_DI.jvf.zip"},"geometry":{"type":"LineString","coordinates":[[-594645.36,-1157682.1,223.43],[-594644.99,-1157680.96,223.45],[-594641.91,-1157671.45,223.56],[-594638.84,-1157661.93,223.67],[-594635.76,-1157652.42,223.79],[-594634.27,-1157647.81,223.84]]}},{"type":"Feature","id":"64002050000000302","properties":{"id":"64002050000000302","dmvs_type":"0100000021","track_ref":"","popis_objektu":"","year_surveyed":"1985","position_accuracy_class":"9","height_accuracy_class":"9","source_file":"VS_CZ064_MOMC_551252_20260731_DI.jvf.zip"},"geometry":{"type":"LineString","coordinates":[[-594681.3,-1157843.46,221.68],[-594680.93,-1157841.72,221.7],[-594678.93,-1157832.19,221.8]]}},{"type":"Feature","id":"64002050000000364","properties":{"id":"64002050000000364","dmvs_type":"0100000021","track_ref":"","popis_objektu":"","year_surveyed":"2008","position_accuracy_class":"9","height_accuracy_class":"9","source_file":"VS_CZ064_MOMC_551252_20260731_DI.jvf.zip"},"geometry":{"type":"LineString","coordinates":[[-594677.11,-1157832.47,221.8],[-594675.5,-1157815.94,221.98],[-594672.08,-1157799.68,222.15]]}},{"type":"Feature","id":"64002050000000450","properties":{"id":"64002050000000450","dmvs_type":"0100000021","track_ref":"","popis_objektu":"","year_surveyed":"1985","position_accuracy_class":"9","height_accuracy_class":"9","source_file":"VS_CZ064_MOMC_551252_20260731_DI.jvf.zip"},"geometry":{"type":"LineString","coordinates":[[-594642.42,-1157680.04,223.47],[-594635.59,-1157664.89,223.65],[-594630.48,-1157649.08,223.82]]}},{"type":"Feature","id":"64002050000000458","properties":{"id":"64002050000000458","dmvs_type":"0100000021","track_ref":"","popis_objektu":"","year_surveyed":"1985","position_accuracy_class":"9","height_accuracy_class":"9","source_file":"VS_CZ064_MOMC_551252_20260731_DI.jvf.zip"},"geometry":{"type":"LineString","coordinates":[[-594672.08,-1157799.68,222.15],[-594670.63,-1157792.79,222.23],[-594668.57,-1157783.01,222.33],[-594666.45,-1157773.23,222.44],[-594664.23,-1157763.48,222.55],[-594661.89,-1157753.76,222.65],[-594659.45,-1157744.06,222.76],[-594656.91,-1157734.39,222.87],[-594654.25,-1157724.75,222.97],[-594651.49,-1157715.14,223.08],[-594648.62,-1157705.56,223.19],[-594645.65,-1157696.01,223.29],[-594642.58,-1157686.5,223.4],[-594640.71,-1157680.7,223.47]]}},{"type":"Feature","id":"64002050000000678","properties":{"id":"64002050000000678","dmvs_type":"0100000021","track_ref":"","popis_objektu":"","year_surveyed":"9999","position_accuracy_class":"9","height_accuracy_class":"9","source_file":"VS_CZ064_MOMC_551252_20260731_DI.jvf.zip"},"geometry":{"type":"LineString","coordinates":[[-594643.65,-1157682.77,223.43],[-594642.42,-1157680.04,223.47]]}},{"type":"Feature","id":"64002050000000812","properties":{"id":"64002050000000812","dmvs_type":"0100000021","track_ref":"","popis_objektu":"","year_surveyed":"1984","position_accuracy_class":"9","height_accuracy_class":"9","source_file":"VS_CZ064_MOMC_551252_20260731_DI.jvf.zip"},"geometry":{"type":"LineString","coordinates":[[-594760.23,-1158417.08,215.89],[-594762.59,-1158403.57,215.89],[-594763.34,-1158389.96,215.89]]}},{"type":"Feature","id":"64002050000001423","properties":{"id":"64002050000001423","dmvs_type":"0100000021","track_ref":"","popis_objektu":"","year_surveyed":"1986","position_accuracy_class":"9","height_accuracy_class":"9","source_file":"VS_CZ064_MOMC_551252_20260731_DI.jvf.zip"},"geometry":{"type":"LineString","coordinates":[[-594729.32,-1158082.78,219.22],[-594723.9,-1158066.75,219.33],[-594717.04,-1158051.75,219.44]]}},{"type":"Feature","id":"64002050000000889","properties":{"id":"64002050000000889","dmvs_type":"0100000021","track_ref":"","popis_objektu":"","year_surveyed":"1987","position_accuracy_class":"9","height_accuracy_class":"9","source_file":"VS_CZ064_MOMC_551252_20260731_DI.jvf.zip"},"geometry":{"type":"LineString","coordinates":[[-594794.42,-1158264.77,217.15],[-594792.38,-1158252.42,217.28],[-594790.33,-1158239.98,217.42]]}},{"type":"Feature","id":"64002050000000935","properties":{"id":"64002050000000935","dmvs_type":"0100000021","track_ref":"","popis_objektu":"","year_surveyed":"9999","position_accuracy_class":"9","height_accuracy_class":"9","source_file":"VS_CZ064_MOMC_551252_20260731_DI.jvf.zip"},"geometry":{"type":"LineString","coordinates":[[-595087.31,-1159187.51,213.98],[-595072.73,-1159178.03,214.06],[-595064.96,-1159172.96,214.0],[-595056.13,-1159166.62,214.34],[-595047.18,-1159159.25,214.34],[-595040.59,-1159153.2,214.0],[-595030.49,-1159142.85,214.34],[-595022.46,-1159133.35,214.0],[-595014.59,-1159122.76,214.34],[-595007.57,-1159111.71,213.96],[-594999.85,-1159097.47,214.34],[-594993.54,-1159084.29,213.94],[-594971.53,-1159036.44,213.92],[-594951.73,-1158993.45,214.09],[-594914.01,-1158911.71,214.39],[-594874.35,-1158825.58,214.62],[-594837.98,-1158746.64,214.83],[-594803.25,-1158671.19,215.09],[-594795.68,-1158654.42,215.15],[-594785.24,-1158630.63,215.19]]}},{"type":"Feature","id":"64002050000000938","properties":{"id":"64002050000000938","dmvs_type":"0100000021","track_ref":"","popis_objektu":"","year_surveyed":"9999","position_accuracy_class":"9","height_accuracy_class":"9","source_file":"VS_CZ064_MOMC_551252_20260731_DI.jvf.zip"},"geometry":{"type":"LineString","coordinates":[[-594672.85,-1158131.84,212.81],[-594671.75,-1158121.9,212.93]]}},{"type":"Feature","id":"64002050000000945","properties":{"id":"64002050000000945","dmvs_type":"0100000021","track_ref":"","popis_objektu":"","year_surveyed":"9999","position_accuracy_class":"9","height_accuracy_class":"9","source_file":"VS_CZ064_MOMC_551252_20260731_DI.jvf.zip"},"geometry":{"type":"LineString","coordinates":[[-594774.06,-1158385.06,216.13],[-594773.82,-1158377.43,216.14]]}},{"type":"Feature","id":"64002050000000977","properties":{"id":"64002050000000977","dmvs_type":"0100000021","track_ref":"","popis_objektu":"","year_surveyed":"1979","position_accuracy_class":"9","height_accuracy_class":"9","source_file":"VS_CZ064_MOMC_551252_20260731_DI.jvf.zip"},"geometry":{"type":"LineString","coordinates":[[-594798.18,-1158417.81,215.95],[-594796.45,-1158405.35,215.95],[-594794.73,-1158392.86,215.96]]}},{"type":"Feature","id":"64002050000000978","properties":{"id":"64002050000000978","dmvs_type":"0100000021","track_ref":"","popis_objektu":"","year_surveyed":"1983","position_accuracy_class":"9","height_accuracy_class":"9","source_file":"VS_CZ064_MOMC_551252_20260731_DI.jvf.zip"},"geometry":{"type":"LineString","coordinates":[[-595208.02,-1159204.98,214.39],[-595204.58,-1159202.47,214.4],[-595197.83,-1159197.55,214.39],[-595186.91,-1159191.13,214.38]]}},{"type":"Feature","id":"64002050000000989","properties":{"id":"64002050000000989","dmvs_type":"0100000021","track_ref":"","popis_objektu":"","year_surveyed":"1992","position_accuracy_class":"9","height_accuracy_class":"9","source_file":"VS_CZ064_MOMC_551252_20260731_DI.jvf.zip"},"geometry":{"type":"LineString","coordinates":[[-595327.36,-1159250.03,214.87],[-595316.42,-1159237.52,214.92],[-595310.36,-1159227.97,214.97],[-595307.25,-1159223.66,214.92]]}},{"type":"Feature","id":"64002050000000994","properties":{"id":"64002050000000994","dmvs_type":"0100000021","track_ref":"","popis_objektu":"","year_surveyed":"9999","position_accuracy_class":"9","height_accuracy_class":"9","source_file":"VS_CZ064_MOMC_551252_20260731_DI.jvf.zip"},"geometry":{"type":"LineString","coordinates":[[-595189.85,-1159199.93,214.43],[-595174.36,-1159193.4,214.96],[-595159.12,-1159185.86,214.96],[-595147.56,-1159179.23,214.37],[-595136.85,-1159171.73,214.96],[-595128.38,-1159164.85,214.38],[-595115.4,-1159153.08,214.96],[-595106.06,-1159143.67,214.33],[-595098.29,-1159135.1,214.96],[-595090.59,-1159125.8,214.96],[-595084.32,-1159117.36,213.7],[-595075.74,-1159104.02,214.96],[-595066.17,-1159086.7,214.96],[-595057.92,-1159070.57,213.62],[-595012.28,-1158970.93,214.75],[-594980.34,-1158900.79,214.96],[-594955.44,-1158846.65,214.96],[-594909.4,-1158746.46,214.99],[-594859.56,-1158637.56,215.35],[-594826.9,-1158566.19,215.71],[-594801.43,-1158510.6,215.86],[-594785.05,-1158469.9,215.99],[-594780.69,-1158455.11,214.96],[-594778.32,-1158444.25,214.96],[-594777.07,-1158434.96,216.07],[-594774.92,-1158410.3,216.01]]}},{"type":"Feature","id":"64002050000001006","properties":{"id":"64002050000001006","dmvs_type":"0100000021","track_ref":"","popis_objektu":"","year_surveyed":"9999","position_accuracy_class":"9","height_accuracy_class":"9","source_file":"VS_CZ064_MOMC_551252_20260731_DI.jvf.zip"},"geometry":{"type":"LineString","coordinates":[[-594750.59,-1158210.37,218.1],[-594743.42,-1158192.21,218.05],[-594740.21,-1158184.02,218.16]]}},{"type":"Feature","id":"64002050000001057","properties":{"id":"64002050000001057","dmvs_type":"0100000021","track_ref":"","popis_objektu":"","year_surveyed":"9999","position_accuracy_class":"9","height_accuracy_class":"9","source_file":"VS_CZ064_MOMC_551252_20260731_DI.jvf.zip"},"geometry":{"type":"LineString","coordinates":[[-594491.56,-1157736.27,216.3],[-594430.46,-1157706.99,216.29]]}},{"type":"Feature","id":"64002050000001062","properties":{"id":"64002050000001062","dmvs_type":"0100000021","track_ref":"","popis_objektu":"","year_surveyed":"9999","position_accuracy_class":"9","height_accuracy_class":"9","source_file":"VS_CZ064_MOMC_551252_20260731_DI.jvf.zip"},"geometry":{"type":"LineString","coordinates":[[-595947.89,-1159799.9,210.05],[-595945.89,-1159792.51,210.07],[-595943.82,-1159784.93,210.14],[-595943.54,-1159783.92,210.15],[-595937.12,-1159761.03,210.35],[-595936.49,-1159758.9,210.36],[-595933.75,-1159750.13,210.44],[-595930.29,-1159739.78,210.52],[-595929.54,-1159737.64,210.54],[-595925.62,-1159726.93,210.62],[-595920.85,-1159714.88,210.68],[-595916.41,-1159704.38,210.75],[-595911.15,-1159692.77,210.82],[-595906.19,-1159682.5,210.89],[-595900.4,-1159671.21,210.97],[-595894.95,-1159661.2,211.04],[-595888.6,-1159650.21,211.13],[-595882.66,-1159640.48,211.19],[-595875.78,-1159629.81,211.27],[-595869.37,-1159620.38,211.34],[-595861.96,-1159610.07,211.41],[-595855.09,-1159600.97,211.48],[-595847.18,-1159591.03,211.56],[-595839.86,-1159582.28,211.62],[-595839.19,-1159581.49,211.6],[-595831.47,-1159572.73,211.71],[-595823.73,-1159564.36,211.78],[-595814.86,-1159555.23,211.85],[-595806.72,-1159547.25,211.93],[-595798.88,-1159539.9,211.99],[-595797.42,-1159538.57,212.0],[-595788.89,-1159530.99,212.09],[-595779.17,-1159522.77,212.18],[-595770.28,-1159515.64,212.29],[-595760.15,-1159507.92,212.37],[-595750.92,-1159501.23,212.47],[-595740.42,-1159494.0,212.56],[-595739.54,-1159493.42,212.57],[-595730.87,-1159487.78,212.65],[-595719.89,-1159481.01,212.77],[-595718.77,-1159480.33,212.76],[-595710.04,-1159475.27,212.85],[-595709.25,-1159474.82,212.83],[-595698.56,-1159468.91,212.92],[-595696.12,-1159467.58,212.93],[-595676.86,-1159457.07,213.06],[-595654.57,-1159444.91,213.21],[-595572.8,-1159400.31,213.42],[-595554.44,-1159390.33,213.54]]}},{"type":"Feature","id":"64002050000001072","properties":{"id":"64002050000001072","dmvs_type":"0100000021","track_ref":"","popis_objektu":"","year_surveyed":"9999","position_accuracy_class":"9","height_accuracy_class":"9","source_file":"VS_CZ064_MOMC_551252_20260731_DI.jvf.zip"},"geometry":{"type":"LineString","coordinates":[[-595207.9,-1159056.73,215.04],[-595197.2,-1159041.41,215.07],[-595180.14,-1159014.98,216.09],[-595167.75,-1158994.75,215.07],[-595159.27,-1158980.02,216.09],[-595151.86,-1158965.49,215.2],[-595141.7,-1158944.21,216.09],[-595133.39,-1158926.41,215.27],[-595121.47,-1158900.28,215.35],[-595063.35,-1158773.36,215.84],[-595029.53,-1158699.61,216.03],[-594979.79,-1158590.92,216.22],[-594941.37,-1158507.09,216.51],[-594899.99,-1158416.77,216.83],[-594854.95,-1158318.5,217.33],[-594830.68,-1158265.42,217.63],[-594815.09,-1158231.53,217.9]]}},{"type":"Feature","id":"64002050000001085","properties":{"id":"64002050000001085","dmvs_type":"0100000021","track_ref":"","popis_objektu":"","year_surveyed":"2008","position_accuracy_class":"9","height_accuracy_class":"9","source_file":"VS_CZ064_MOMC_551252_20260731_DI.jvf.zip"},"geometry":{"type":"LineString","coordinates":[[-595363.02,-1159284.07,214.75],[-595347.78,-1159271.38,214.77],[-595337.11,-1159260.82,214.79],[-595327.36,-1159250.03,214.87]]}},{"type":"Feature","id":"64002050000001179","properties":{"id":"64002050000001179","dmvs_type":"0100000021","track_ref":"","popis_objektu":"","year_surveyed":"1984","position_accuracy_class":"9","height_accuracy_class":"9","source_file":"VS_CZ064_MOMC_551252_20260731_DI.jvf.zip"},"geometry":{"type":"LineString","coordinates":[[-594768.47,-1158417.46,215.96],[-594767.63,-1158403.85,215.96],[-594766.8,-1158390.24,215.96]]}},{"type":"Feature","id":"64002050000001198","properties":{"id":"64002050000001198","dmvs_type":"0100000021","track_ref":"","popis_objektu":"","year_surveyed":"1988","position_accuracy_class":"9","height_accuracy_class":"9","source_file":"VS_CZ064_MOMC_551252_20260731_DI.jvf.zip"},"geometry":{"type":"LineString","coordinates":[[-594769.05,-1158597.49,215.5],[-594765.25,-1158584.38,215.5],[-594759.84,-1158571.87,215.5]]}},{"type":"Feature","id":"64002050000001270","properties":{"id":"64002050000001270","dmvs_type":"0100000021","track_ref":"","popis_objektu":"","year_surveyed":"1987","position_accuracy_class":"9","height_accuracy_class":"9","source_file":"VS_CZ064_MOMC_551252_20260731_DI.jvf.zip"},"geometry":{"type":"LineString","coordinates":[[-595256.16,-1159136.76,215.14],[-595251.02,-1159130.68,215.14],[-595242.61,-1159121.16,215.14]]}},{"type":"Feature","id":"64002050000001277","properties":{"id":"64002050000001277","dmvs_type":"0100000021","track_ref":"","popis_objektu":"","year_surveyed":"1982","position_accuracy_class":"9","height_accuracy_class":"9","source_file":"VS_CZ064_MOMC_551252_20260731_DI.jvf.zip"},"geometry":{"type":"LineString","coordinates":[[-595200.0,-1159074.25,215.06],[-595188.11,-1159062.63,215.04],[-595177.64,-1159049.79,215.02]]}},{"type":"Feature","id":"64002050000001288","properties":{"id":"64002050000001288","dmvs_type":"0100000021","track_ref":"","popis_objektu":"","year_surveyed":"9999","position_accuracy_class":"9","height_accuracy_class":"9","source_file":"VS_CZ064_MOMC_551252_20260731_DI.jvf.zip"},"geometry":{"type":"LineString","coordinates":[[-595197.23,-1159165.89,214.39],[-595180.52,-1159155.16,214.84],[-595165.33,-1159144.18,214.27],[-595153.74,-1159134.48,214.84],[-595143.15,-1159124.45,214.84],[-595135.03,-1159115.7,214.11],[-595124.27,-1159102.96,214.84],[-595115.52,-1159091.03,213.51],[-595105.0,-1159073.89,214.84],[-595096.78,-1159058.64,214.84],[-595089.96,-1159045.18,213.49],[-595050.05,-1158957.79,213.74],[-595016.9,-1158885.67,214.84],[-594982.69,-1158810.86,214.84],[-594948.26,-1158735.67,214.84],[-594894.34,-1158618.24,215.5],[-594861.62,-1158546.59,215.6],[-594829.37,-1158476.0,215.84],[-594819.19,-1158452.5,215.89],[-594810.07,-1158424.8,215.91],[-594805.85,-1158411.2,215.93]]}},{"type":"Feature","id":"64002050000001301","properties":{"id":"64002050000001301","dmvs_type":"0100000021","track_ref":"","popis_objektu":"","year_surveyed":"1988","position_accuracy_class":"9","height_accuracy_class":"9","source_file":"VS_CZ064_MOMC_551252_20260731_DI.jvf.zip"},"geometry":{"type":"LineString","coordinates":[[-594752.61,-1158549.17,216.07],[-594749.87,-1158535.82,216.07],[-594745.83,-1158522.8,216.07]]}},{"type":"Feature","id":"64002050000001349","properties":{"id":"64002050000001349","dmvs_type":"0100000021","track_ref":"","popis_objektu":"","year_surveyed":"1985","position_accuracy_class":"9","height_accuracy_class":"9","source_file":"VS_CZ064_MOMC_551252_20260731_DI.jvf.zip"},"geometry":{"type":"LineString","coordinates":[[-594541.24,-1157690.44,221.03],[-594535.46,-1157687.37,221.07],[-594528.49,-1157683.99,221.0]]}},{"type":"Feature","id":"64002050000001393","properties":{"id":"64002050000001393","dmvs_type":"0100000021","track_ref":"","popis_objektu":"","year_surveyed":"9999","position_accuracy_class":"9","height_accuracy_class":"9","source_file":"VS_CZ064_MOMC_551252_20260731_DI.jvf.zip"},"geometry":{"type":"LineString","coordinates":[[-595197.75,-1159214.54,214.35],[-595181.6,-1159208.05,214.35],[-595157.83,-1159198.18,214.31],[-595144.04,-1159192.1,214.83],[-595131.79,-1159185.76,214.83],[-595122.31,-1159179.74,214.21],[-595112.76,-1159172.55,214.83],[-595102.3,-1159163.71,214.83],[-595094.38,-1159156.29,214.83],[-595085.99,-1159147.39,214.83],[-595076.93,-1159136.24,214.83],[-595069.62,-1159125.89,213.58],[-595062.67,-1159114.32,214.83],[-595051.04,-1159089.67,213.51],[-595000.5,-1158979.53,214.31],[-594967.15,-1158906.68,214.45],[-594936.49,-1158839.64,214.72],[-594895.06,-1158749.29,214.83],[-594848.61,-1158647.84,215.41],[-594815.23,-1158575.46,215.62],[-594787.19,-1158513.74,215.83],[-594780.96,-1158499.24,214.83],[-594774.96,-1158482.61,214.83],[-594770.87,-1158466.51,215.91],[-594768.65,-1158454.3,214.83],[-594767.4,-1158443.7,215.94],[-594766.84,-1158429.93,214.83],[-594766.72,-1158417.47,216.0]]}},{"type":"Feature","id":"64002050000001428","properties":{"id":"64002050000001428","dmvs_type":"0100000021","track_ref":"","popis_objektu":"","year_surveyed":"1984","position_accuracy_class":"9","height_accuracy_class":"9","source_file":"VS_CZ064_MOMC_551252_20260731_DI.jvf.zip"},"geometry":{"type":"LineString","coordinates":[[-594773.87,-1158274.61,216.82],[-594770.28,-1158264.71,216.82],[-594766.61,-1158254.6,216.82]]}},{"type":"Feature","id":"64002050000001483","properties":{"id":"64002050000001483","dmvs_type":"0100000021","track_ref":"","popis_objektu":"","year_surveyed":"1970","position_accuracy_class":"9","height_accuracy_class":"9","source_file":"VS_CZ064_MOMC_551252_20260731_DI.jvf.zip"},"geometry":{"type":"LineString","coordinates":[[-595267.4,-1159159.61,215.03],[-595265.2,-1159156.26,215.03]]}},{"type":"Feature","id":"64002050000001488","properties":{"id":"64002050000001488","dmvs_type":"0100000021","track_ref":"","popis_objektu":"","year_surveyed":"1985","position_accuracy_class":"9","height_accuracy_class":"9","source_file":"VS_CZ064_MOMC_551252_20260731_DI.jvf.zip"},"geometry":{"type":"LineString","coordinates":[[-594516.17,-1157747.95,216.18],[-594501.06,-1157740.78,216.24],[-594491.56,-1157736.27,216.3]]}},{"type":"Feature","id":"64002050000001515","properties":{"id":"64002050000001515","dmvs_type":"0100000021","track_ref":"","popis_objektu":"","year_surveyed":"1984","position_accuracy_class":"9","height_accuracy_class":"9","source_file":"VS_CZ064_MOMC_551252_20260731_DI.jvf.zip"},"geometry":{"type":"LineString","coordinates":[[-594760.23,-1158417.08,215.89],[-594762.59,-1158403.57,215.89],[-594764.74,-1158390.11,215.89]]}},{"type":"Feature","id":"64002050000001601","properties":{"id":"64002050000001601","dmvs_type":"0100000021","track_ref":"","popis_objektu":"","year_surveyed":"1981","position_accuracy_class":"9","height_accuracy_class":"9","source_file":"VS_CZ064_MOMC_551252_20260731_DI.jvf.zip"},"geometry":{"type":"LineString","coordinates":[[-594699.44,-1158202.47,218.91],[-594700.42,-1158189.93,219.01],[-594701.41,-1158177.36,219.11]]}},{"type":"Feature","id":"64002050000001602","properties":{"id":"64002050000001602","dmvs_type":"0100000021","track_ref":"","popis_objektu":"","year_surveyed":"1980","position_accuracy_class":"9","height_accuracy_class":"9","source_file":"VS_CZ064_MOMC_551252_20260731_DI.jvf.zip"},"geometry":{"type":"LineString","coordinates":[[-595272.56,-1159218.22,214.72],[-595264.38,-1159211.59,214.65],[-595251.51,-1159201.17,214.58]]}},{"type":"Feature","id":"64002050000001657","properties":{"id":"64002050000001657","dmvs_type":"0100000021","track_ref":"","popis_objektu":"","year_surveyed":"1984","position_accuracy_class":"9","height_accuracy_class":"9","source_file":"VS_CZ064_MOMC_551252_20260731_DI.jvf.zip"},"geometry":{"type":"LineString","coordinates":[[-594755.82,-1158441.97,215.94],[-594758.03,-1158429.49,215.91],[-594760.23,-1158417.08,215.89]]}},{"type":"Feature","id":"64002050000001676","properties":{"id":"64002050000001676","dmvs_type":"0100000021","track_ref":"","popis_objektu":"","year_surveyed":"1985","position_accuracy_class":"9","height_accuracy_class":"9","source_file":"VS_CZ064_MOMC_551252_20260731_DI.jvf.zip"},"geometry":{"type":"LineString","coordinates":[[-594667.0,-1158122.59,212.86],[-594665.84,-1158112.13,212.93],[-594664.01,-1158095.54,213.01]]}},{"type":"Feature","id":"64002050000001746","properties":{"id":"64002050000001746","dmvs_type":"0100000021","track_ref":"","popis_objektu":"","year_surveyed":"1989","position_accuracy_class":"9","height_accuracy_class":"9","source_file":"VS_CZ064_MOMC_551252_20260731_DI.jvf.zip"},"geometry":{"type":"LineString","coordinates":[[-594124.41,-1157704.82,218.1],[-594100.59,-1157717.76,218.25],[-594077.77,-1157732.35,218.4]]}},{"type":"Feature","id":"64002050000001773","properties":{"id":"64002050000001773","dmvs_type":"0100000021","track_ref":"","popis_objektu":"","year_surveyed":"2008","position_accuracy_class":"9","height_accuracy_class":"9","source_file":"VS_CZ064_MOMC_551252_20260731_DI.jvf.zip"},"geometry":{"type":"LineString","coordinates":[[-595340.81,-1159272.07,214.71],[-595321.33,-1159257.5,214.8],[-595300.45,-1159241.1,214.89]]}},{"type":"Feature","id":"64002050000001810","properties":{"id":"64002050000001810","dmvs_type":"0100000021","track_ref":"","popis_objektu":"","year_surveyed":"1988","position_accuracy_class":"9","height_accuracy_class":"9","source_file":"VS_CZ064_MOMC_551252_20260731_DI.jvf.zip"},"geometry":{"type":"LineString","coordinates":[[-594750.18,-1158549.95,215.89],[-594745.93,-1158540.07,215.89],[-594741.77,-1158530.41,215.89]]}},{"type":"Feature","id":"64002050000001817","properties":{"id":"64002050000001817","dmvs_type":"0100000021","track_ref":"","popis_objektu":"","year_surveyed":"2007","position_accuracy_class":"9","height_accuracy_class":"9","source_file":"VS_CZ064_MOMC_551252_20260731_DI.jvf.zip"},"geometry":{"type":"LineString","coordinates":[[-594798.72,-1158338.8,216.24],[-594794.16,-1158327.16,216.24],[-594789.56,-1158315.42,216.24]]}},{"type":"Feature","id":"64002050000001833","properties":{"id":"64002050000001833","dmvs_type":"0100000021","track_ref":"","popis_objektu":"","year_surveyed":"1987","position_accuracy_class":"9","height_accuracy_class":"9","source_file":"VS_CZ064_MOMC_551252_20260731_DI.jvf.zip"},"geometry":{"type":"LineString","coordinates":[[-594792.79,-1158264.97,217.22],[-594792.38,-1158252.42,217.32],[-594790.33,-1158239.98,217.42]]}},{"type":"Feature","id":"64002050000001863","properties":{"id":"64002050000001863","dmvs_type":"0100000021","track_ref":"","popis_objektu":"","year_surveyed":"1985","position_accuracy_class":"9","height_accuracy_class":"9","source_file":"VS_CZ064_MOMC_551252_20260731_DI.jvf.zip"},"geometry":{"type":"LineString","coordinates":[[-594673.95,-1158159.0,212.68],[-594673.99,-1158142.3,212.74],[-594672.85,-1158131.84,212.81]]}},{"type":"Feature","id":"64002050000001957","properties":{"id":"64002050000001957","dmvs_type":"0100000021","track_ref":"","popis_objektu":"","year_surveyed":"1985","position_accuracy_class":"9","height_accuracy_class":"9","source_file":"VS_CZ064_MOMC_551252_20260731_DI.jvf.zip"},"geometry":{"type":"LineString","coordinates":[[-594667.73,-1158085.55,212.99],[-594665.92,-1158069.11,212.96],[-594664.78,-1158058.65,212.94]]}},{"type":"Feature","id":"64002050000007408","properties":{"id":"64002050000007408","dmvs_type":"0100000021","track_ref":"503","popis_objektu":"kolej č. 503","year_surveyed":"0","position_accuracy_class":"9","height_accuracy_class":"9","source_file":"VS_CZ064_MOMC_551252_20260731_DI.jvf.zip"},"geometry":{"type":"LineString","coordinates":[[-594951.14,-1159100.45,0.0],[-594947.85,-1159095.58,0.0],[-594944.18,-1159090.38,0.0],[-594941.18,-1159086.4,0.0],[-594939.86,-1159084.65,0.0],[-594937.61,-1159081.64,0.0],[-594935.34,-1159078.55,0.0],[-594932.83,-1159075.07,0.0],[-594927.23,-1159066.74,0.0],[-594923.81,-1159061.19,0.0],[-594920.47,-1159055.44,0.0],[-594917.43,-1159049.87,0.0],[-594914.67,-1159044.52,0.0],[-594911.76,-1159038.57,0.0],[-594908.69,-1159032.0,0.0],[-594907.78,-1159030.31,0.0],[-594882.88,-1158975.35,0.0],[-594882.88,-1158975.35,0.0],[-594815.88,-1158829.98,0.0],[-594795.08,-1158787.12,0.0]]}},{"type":"Feature","id":"64002050000001993","properties":{"id":"64002050000001993","dmvs_type":"0100000021","track_ref":"","popis_objektu":"","year_surveyed":"9999","position_accuracy_class":"9","height_accuracy_class":"9","source_file":"VS_CZ064_MOMC_551252_20260731_DI.jvf.zip"},"geometry":{"type":"LineString","coordinates":[[-595220.78,-1159184.19,214.54],[-595191.46,-1159167.38,214.33],[-595179.1,-1159159.67,214.72],[-595168.66,-1159152.41,214.24],[-595155.11,-1159141.99,214.72],[-595142.33,-1159130.37,214.72],[-595131.79,-1159119.37,214.13],[-595120.33,-1159106.05,214.72],[-595111.42,-1159093.86,213.53],[-595100.83,-1159076.5,214.72],[-595091.78,-1159059.57,214.72],[-595085.38,-1159046.73,213.49],[-595045.53,-1158959.41,213.81],[-595011.71,-1158886.02,214.72],[-594952.11,-1158756.08,214.72],[-594892.74,-1158626.17,215.34],[-594857.47,-1158549.04,215.64],[-594824.79,-1158477.94,215.86],[-594815.1,-1158454.23,215.92],[-594810.49,-1158439.05,214.72],[-594806.61,-1158422.92,214.72],[-594804.28,-1158411.64,215.87]]}},{"type":"Feature","id":"64002050000007423","properties":{"id":"64002050000007423","dmvs_type":"0100000021","track_ref":"538","popis_objektu":"kolej č. 538","year_surveyed":"0","position_accuracy_class":"9","height_accuracy_class":"9","source_file":"VS_CZ064_MOMC_551252_20260731_DI.jvf.zip"},"geometry":{"type":"LineString","coordinates":[[-594648.34,-1158837.93,0.0],[-594593.02,-1158644.91,0.0]]}},{"type":"Feature","id":"64002050000002174","properties":{"id":"64002050000002174","dmvs_type":"0100000021","track_ref":"","popis_objektu":"","year_surveyed":"1986","position_accuracy_class":"9","height_accuracy_class":"9","source_file":"VS_CZ064_MOMC_551252_20260731_DI.jvf.zip"},"geometry":{"type":"LineString","coordinates":[[-594748.75,-1158120.89,218.97],[-594741.55,-1158105.26,219.07],[-594733.27,-1158091.44,219.17]]}},{"type":"Feature","id":"64002050000007437","properties":{"id":"64002050000007437","dmvs_type":"0100000021","track_ref":"508a","popis_objektu":"kolej č. 508a","year_surveyed":"0","position_accuracy_class":"9","height_accuracy_class":"9","source_file":"VS_CZ064_MOMC_551252_20260731_DI.jvf.zip"},"geometry":{"type":"LineString","coordinates":[[-594812.28,-1158890.47,0.0],[-594837.35,-1158969.38,0.0]]}},{"type":"Feature","id":"64002050000002243","properties":{"id":"64002050000002243","dmvs_type":"0100000021","track_ref":"","popis_objektu":"","year_surveyed":"1988","position_accuracy_class":"9","height_accuracy_class":"9","source_file":"VS_CZ064_MOMC_551252_20260731_DI.jvf.zip"},"geometry":{"type":"LineString","coordinates":[[-594502.01,-1157754.74,215.16],[-594483.92,-1157744.46,215.24],[-594465.02,-1157735.76,215.33]]}},{"type":"Feature","id":"64002050000002395","properties":{"id":"64002050000002395","dmvs_type":"0100000021","track_ref":"","popis_objektu":"","year_surveyed":"1985","position_accuracy_class":"9","height_accuracy_class":"9","source_file":"VS_CZ064_MOMC_551252_20260731_DI.jvf.zip"},"geometry":{"type":"LineString","coordinates":[[-594681.31,-1157875.33,221.0],[-594679.69,-1157858.69,221.17],[-594676.22,-1157842.45,221.35]]}},{"type":"Feature","id":"64002050000002408","properties":{"id":"64002050000002408","dmvs_type":"0100000021","track_ref":"","popis_objektu":"","year_surveyed":"9999","position_accuracy_class":"9","height_accuracy_class":"9","source_file":"VS_CZ064_MOMC_551252_20260731_DI.jvf.zip"},"geometry":{"type":"LineString","coordinates":[[-594715.75,-1158121.33,219.02],[-594708.87,-1158103.74,219.2],[-594693.79,-1158065.02,219.78],[-594683.73,-1158039.01,219.92]]}},{"type":"Feature","id":"64002050000002413","properties":{"id":"64002050000002413","dmvs_type":"0100000021","track_ref":"","popis_objektu":"","year_surveyed":"1980","position_accuracy_class":"9","height_accuracy_class":"9","source_file":"VS_CZ064_MOMC_551252_20260731_DI.jvf.zip"},"geometry":{"type":"LineString","coordinates":[[-595237.33,-1159170.02,214.52],[-595230.03,-1159159.73,214.44],[-595224.16,-1159148.49,214.37]]}},{"type":"Feature","id":"64002050000002416","properties":{"id":"64002050000002416","dmvs_type":"0100000021","track_ref":"","popis_objektu":"","year_surveyed":"2008","position_accuracy_class":"9","height_accuracy_class":"9","source_file":"VS_CZ064_MOMC_551252_20260731_DI.jvf.zip"},"geometry":{"type":"LineString","coordinates":[[-595362.16,-1159285.47,214.71],[-595351.05,-1159279.48,214.71],[-595340.81,-1159272.07,214.71]]}},{"type":"Feature","id":"64002050000002433","properties":{"id":"64002050000002433","dmvs_type":"0100000021","track_ref":"","popis_objektu":"","year_surveyed":"1985","position_accuracy_class":"9","height_accuracy_class":"9","source_file":"VS_CZ064_MOMC_551252_20260731_DI.jvf.zip"},"geometry":{"type":"LineString","coordinates":[[-594665.85,-1158085.62,213.0],[-594665.92,-1158069.11,212.97],[-594664.78,-1158058.65,212.94]]}},{"type":"Feature","id":"64002050000002457","properties":{"id":"64002050000002457","dmvs_type":"0100000021","track_ref":"","popis_objektu":"","year_surveyed":"1983","position_accuracy_class":"9","height_accuracy_class":"9","source_file":"VS_CZ064_MOMC_551252_20260731_DI.jvf.zip"},"geometry":{"type":"LineString","coordinates":[[-595244.66,-1159233.42,214.42],[-595233.01,-1159228.59,214.39],[-595221.17,-1159223.68,214.36]]}},{"type":"Feature","id":"64002050000002472","properties":{"id":"64002050000002472","dmvs_type":"0100000021","track_ref":"","popis_objektu":"","year_surveyed":"1983","position_accuracy_class":"9","height_accuracy_class":"9","source_file":"VS_CZ064_MOMC_551252_20260731_DI.jvf.zip"},"geometry":{"type":"LineString","coordinates":[[-595208.02,-1159204.98,214.38],[-595204.58,-1159202.47,214.4],[-595197.83,-1159197.55,214.38],[-595187.65,-1159190.12,214.37]]}},{"type":"Feature","id":"64002050000002535","properties":{"id":"64002050000002535","dmvs_type":"0100000021","track_ref":"","popis_objektu":"","year_surveyed":"1985","position_accuracy_class":"9","height_accuracy_class":"9","source_file":"VS_CZ064_MOMC_551252_20260731_DI.jvf.zip"},"geometry":{"type":"LineString","coordinates":[[-594683.21,-1157875.1,221.04],[-594679.69,-1157858.69,221.17],[-594678.03,-1157842.25,221.31]]}},{"type":"Feature","id":"64002050000002553","properties":{"id":"64002050000002553","dmvs_type":"0100000021","track_ref":"","popis_objektu":"","year_surveyed":"9999","position_accuracy_class":"9","height_accuracy_class":"9","source_file":"VS_CZ064_MOMC_551252_20260731_DI.jvf.zip"},"geometry":{"type":"LineString","coordinates":[[-595222.41,-1159154.68,214.36],[-595206.83,-1159135.14,214.33],[-595191.92,-1159118.03,214.78],[-595176.71,-1159101.75,214.22],[-595164.92,-1159088.44,214.17],[-595154.59,-1159075.97,214.78],[-595146.16,-1159064.33,214.78],[-595138.48,-1159052.5,214.01],[-595131.71,-1159040.42,214.78],[-595126.23,-1159029.46,214.78],[-595121.91,-1159019.65,214.03],[-595106.89,-1158986.76,214.15],[-595073.2,-1158912.9,214.42],[-595018.59,-1158794.06,214.88],[-594984.75,-1158720.24,214.67],[-594934.87,-1158611.35,215.31],[-594898.12,-1158531.17,215.6],[-594857.4,-1158442.34,215.82],[-594849.31,-1158425.34,215.91],[-594843.49,-1158414.71,214.78],[-594837.72,-1158405.21,215.93]]}},{"type":"Feature","id":"64002050000002581","properties":{"id":"64002050000002581","dmvs_type":"0100000021","track_ref":"","popis_objektu":"","year_surveyed":"1983","position_accuracy_class":"9","height_accuracy_class":"9","source_file":"VS_CZ064_MOMC_551252_20260731_DI.jvf.zip"},"geometry":{"type":"LineString","coordinates":[[-595244.66,-1159233.42,214.42],[-595233.01,-1159228.59,214.39],[-595221.87,-1159222.27,214.37]]}},{"type":"Feature","id":"64002050000002614","properties":{"id":"64002050000002614","dmvs_type":"0100000021","track_ref":"","popis_objektu":"","year_surveyed":"1992","position_accuracy_class":"9","height_accuracy_class":"9","source_file":"VS_CZ064_MOMC_551252_20260731_DI.jvf.zip"},"geometry":{"type":"LineString","coordinates":[[-595327.36,-1159250.03,214.87],[-595307.92,-1159227.79,214.99],[-595305.58,-1159224.92,214.93]]}},{"type":"Feature","id":"64002050000002621","properties":{"id":"64002050000002621","dmvs_type":"0100000021","track_ref":"","popis_objektu":"","year_surveyed":"1981","position_accuracy_class":"9","height_accuracy_class":"9","source_file":"VS_CZ064_MOMC_551252_20260731_DI.jvf.zip"},"geometry":{"type":"LineString","coordinates":[[-594722.68,-1158226.65,218.77],[-594720.91,-1158214.13,218.81],[-594717.48,-1158202.0,218.86]]}},{"type":"Feature","id":"64002050000002656","properties":{"id":"64002050000002656","dmvs_type":"0100000021","track_ref":"","popis_objektu":"","year_surveyed":"1986","position_accuracy_class":"9","height_accuracy_class":"9","source_file":"VS_CZ064_MOMC_551252_20260731_DI.jvf.zip"},"geometry":{"type":"LineString","coordinates":[[-594771.35,-1158150.75,218.68],[-594768.24,-1158140.4,218.7],[-594763.88,-1158130.83,218.73]]}},{"type":"Feature","id":"64002050000001587","properties":{"id":"64002050000001587","dmvs_type":"0100000021","track_ref":"","popis_objektu":"","year_surveyed":"1980","position_accuracy_class":"9","height_accuracy_class":"9","source_file":"VS_CZ064_MOMC_551252_20260731_DI.jvf.zip"},"geometry":{"type":"LineString","coordinates":[[-594844.54,-1158405.75,215.97],[-594836.41,-1158395.89,215.99],[-594829.7,-1158385.22,216.02]]}},{"type":"Feature","id":"64002050000001624","properties":{"id":"64002050000001624","dmvs_type":"0100000021","track_ref":"","popis_objektu":"","year_surveyed":"1984","position_accuracy_class":"9","height_accuracy_class":"9","source_file":"VS_CZ064_MOMC_551252_20260731_DI.jvf.zip"},"geometry":{"type":"LineString","coordinates":[[-594763.73,-1158470.28,215.82],[-594762.77,-1158457.7,215.85],[-594761.81,-1158445.13,215.89]]}},{"type":"Feature","id":"64002050000003033","properties":{"id":"64002050000003033","dmvs_type":"0100000021","track_ref":"","popis_objektu":"","year_surveyed":"1985","position_accuracy_class":"9","height_accuracy_class":"9","source_file":"VS_CZ064_MOMC_551252_20260731_DI.jvf.zip"},"geometry":{"type":"LineString","coordinates":[[-594683.21,-1157875.1,221.04],[-594679.69,-1157858.69,221.19],[-594676.22,-1157842.45,221.35]]}},{"type":"Feature","id":"64002050000003462","properties":{"id":"64002050000003462","dmvs_type":"0100000021","track_ref":"","popis_objektu":"","year_surveyed":"1987","position_accuracy_class":"9","height_accuracy_class":"9","source_file":"VS_CZ064_MOMC_551252_20260731_DI.jvf.zip"},"geometry":{"type":"LineString","coordinates":[[-595448.23,-1159339.28,214.56],[-595437.19,-1159333.18,214.55],[-595426.13,-1159327.07,214.54]]}},{"type":"Feature","id":"64002050000004126","properties":{"id":"64002050000004126","dmvs_type":"0100000021","track_ref":"","popis_objektu":"","year_surveyed":"1988","position_accuracy_class":"9","height_accuracy_class":"9","source_file":"VS_CZ064_MOMC_551252_20260731_DI.jvf.zip"},"geometry":{"type":"LineString","coordinates":[[-594761.0,-1158571.43,215.82],[-594758.77,-1158564.63,215.78],[-594755.98,-1158555.48,215.86],[-594753.91,-1158548.84,215.82]]}},{"type":"Feature","id":"64002050000004563","properties":{"id":"64002050000004563","dmvs_type":"0100000021","track_ref":"","popis_objektu":"","year_surveyed":"1985","position_accuracy_class":"9","height_accuracy_class":"9","source_file":"VS_CZ064_MOMC_551252_20260731_DI.jvf.zip"},"geometry":{"type":"LineString","coordinates":[[-594675.81,-1158158.84,212.7],[-594673.99,-1158142.3,212.75],[-594672.85,-1158131.84,212.81]]}},{"type":"Feature","id":"64002050000004899","properties":{"id":"64002050000004899","dmvs_type":"0100000021","track_ref":"","popis_objektu":"","year_surveyed":"1987","position_accuracy_class":"9","height_accuracy_class":"9","source_file":"VS_CZ064_MOMC_551252_20260731_DI.jvf.zip"},"geometry":{"type":"LineString","coordinates":[[-595193.57,-1159026.52,215.01],[-595187.6,-1159015.41,215.05],[-595181.62,-1159004.27,215.09]]}},{"type":"Feature","id":"64002050000004996","properties":{"id":"64002050000004996","dmvs_type":"0100000021","track_ref":"","popis_objektu":"","year_surveyed":"2007","position_accuracy_class":"9","height_accuracy_class":"9","source_file":"VS_CZ064_MOMC_551252_20260731_DI.jvf.zip"},"geometry":{"type":"LineString","coordinates":[[-594770.23,-1158349.47,216.15],[-594771.04,-1158336.84,216.27],[-594770.23,-1158324.26,216.39]]}},{"type":"Feature","id":"64002050000005022","properties":{"id":"64002050000005022","dmvs_type":"0100000021","track_ref":"","popis_objektu":"","year_surveyed":"2003","position_accuracy_class":"9","height_accuracy_class":"9","source_file":"VS_CZ064_MOMC_551252_20260731_DI.jvf.zip"},"geometry":{"type":"LineString","coordinates":[[-595556.73,-1159386.13,213.69],[-595538.45,-1159376.2,213.8],[-595520.21,-1159366.3,213.92]]}},{"type":"Feature","id":"64002050000002723","properties":{"id":"64002050000002723","dmvs_type":"0100000021","track_ref":"","popis_objektu":"","year_surveyed":"1989","position_accuracy_class":"9","height_accuracy_class":"9","source_file":"VS_CZ064_MOMC_551252_20260731_DI.jvf.zip"},"geometry":{"type":"LineString","coordinates":[[-594074.92,-1157744.09,218.45],[-594067.12,-1157747.47,218.56]]}},{"type":"Feature","id":"64002050000002734","properties":{"id":"64002050000002734","dmvs_type":"0100000021","track_ref":"","popis_objektu":"","year_surveyed":"1983","position_accuracy_class":"9","height_accuracy_class":"9","source_file":"VS_CZ064_MOMC_551252_20260731_DI.jvf.zip"},"geometry":{"type":"LineString","coordinates":[[-595212.16,-1159201.9,214.34],[-595201.93,-1159194.51,214.35],[-595192.82,-1159185.88,214.37]]}},{"type":"Feature","id":"64002050000002791","properties":{"id":"64002050000002791","dmvs_type":"0100000021","track_ref":"","popis_objektu":"","year_surveyed":"1986","position_accuracy_class":"9","height_accuracy_class":"9","source_file":"VS_CZ064_MOMC_551252_20260731_DI.jvf.zip"},"geometry":{"type":"LineString","coordinates":[[-594726.58,-1158084.09,219.22],[-594719.65,-1158068.99,219.31],[-594712.63,-1158053.75,219.4]]}},{"type":"Feature","id":"64002050000002894","properties":{"id":"64002050000002894","dmvs_type":"0100000021","track_ref":"","popis_objektu":"","year_surveyed":"1983","position_accuracy_class":"9","height_accuracy_class":"9","source_file":"VS_CZ064_MOMC_551252_20260731_DI.jvf.zip"},"geometry":{"type":"LineString","coordinates":[[-595200.47,-1159232.19,214.32],[-595194.78,-1159230.81,214.34],[-595185.45,-1159228.41,214.3],[-595181.27,-1159227.42,214.32]]}},{"type":"Feature","id":"64002050000002899","properties":{"id":"64002050000002899","dmvs_type":"0100000021","track_ref":"","popis_objektu":"","year_surveyed":"1979","position_accuracy_class":"9","height_accuracy_class":"9","source_file":"VS_CZ064_MOMC_551252_20260731_DI.jvf.zip"},"geometry":{"type":"LineString","coordinates":[[-594792.49,-1158407.14,216.0],[-594790.67,-1158394.58,216.07],[-594790.53,-1158381.97,216.14]]}},{"type":"Feature","id":"64002050000002909","properties":{"id":"64002050000002909","dmvs_type":"0100000021","track_ref":"","popis_objektu":"","year_surveyed":"1987","position_accuracy_class":"9","height_accuracy_class":"9","source_file":"VS_CZ064_MOMC_551252_20260731_DI.jvf.zip"},"geometry":{"type":"LineString","coordinates":[[-595269.02,-1159153.55,215.01],[-595268.0,-1159152.04,215.01],[-595263.04,-1159144.9,215.01],[-595256.16,-1159136.76,215.01]]}},{"type":"Feature","id":"64002050000003034","properties":{"id":"64002050000003034","dmvs_type":"0100000021","track_ref":"","popis_objektu":"","year_surveyed":"1983","position_accuracy_class":"9","height_accuracy_class":"9","source_file":"VS_CZ064_MOMC_551252_20260731_DI.jvf.zip"},"geometry":{"type":"LineString","coordinates":[[-595154.76,-1159220.87,214.22],[-595142.59,-1159217.53,214.18],[-595130.41,-1159214.19,214.15]]}},{"type":"Feature","id":"64002050000003094","properties":{"id":"64002050000003094","dmvs_type":"0100000021","track_ref":"","popis_objektu":"","year_surveyed":"1988","position_accuracy_class":"9","height_accuracy_class":"9","source_file":"VS_CZ064_MOMC_551252_20260731_DI.jvf.zip"},"geometry":{"type":"LineString","coordinates":[[-594786.73,-1158629.86,215.15],[-594780.25,-1158619.04,215.29],[-594775.27,-1158607.46,215.44]]}},{"type":"Feature","id":"64002050000003154","properties":{"id":"64002050000003154","dmvs_type":"0100000021","track_ref":"","popis_objektu":"","year_surveyed":"1990","position_accuracy_class":"9","height_accuracy_class":"9","source_file":"VS_CZ064_MOMC_551252_20260731_DI.jvf.zip"},"geometry":{"type":"LineString","coordinates":[[-595285.13,-1159276.91,208.88],[-595274.78,-1159275.0,209.04],[-595258.3,-1159271.98,209.21]]}},{"type":"Feature","id":"64002050000003188","properties":{"id":"64002050000003188","dmvs_type":"0100000021","track_ref":"","popis_objektu":"","year_surveyed":"2014","position_accuracy_class":"9","height_accuracy_class":"9","source_file":"VS_CZ064_MOMC_551252_20260731_DI.jvf.zip"},"geometry":{"type":"LineString","coordinates":[[-594815.09,-1158231.53,217.9],[-594808.18,-1158216.41,218.05],[-594799.56,-1158202.12,218.21]]}},{"type":"Feature","id":"64002050000003205","properties":{"id":"64002050000003205","dmvs_type":"0100000021","track_ref":"","popis_objektu":"","year_surveyed":"1988","position_accuracy_class":"9","height_accuracy_class":"9","source_file":"VS_CZ064_MOMC_551252_20260731_DI.jvf.zip"},"geometry":{"type":"LineString","coordinates":[[-594733.61,-1158451.52,216.86],[-594733.47,-1158438.91,217.01],[-594735.05,-1158426.33,217.17]]}},{"type":"Feature","id":"64002050000003226","properties":{"id":"64002050000003226","dmvs_type":"0100000021","track_ref":"","popis_objektu":"","year_surveyed":"1987","position_accuracy_class":"9","height_accuracy_class":"9","source_file":"VS_CZ064_MOMC_551252_20260731_DI.jvf.zip"},"geometry":{"type":"LineString","coordinates":[[-595253.96,-1159138.34,215.15],[-595250.06,-1159131.42,215.15],[-595244.01,-1159120.25,215.15]]}},{"type":"Feature","id":"64002050000003230","properties":{"id":"64002050000003230","dmvs_type":"0100000021","track_ref":"","popis_objektu":"","year_surveyed":"1986","position_accuracy_class":"9","height_accuracy_class":"9","source_file":"VS_CZ064_MOMC_551252_20260731_DI.jvf.zip"},"geometry":{"type":"LineString","coordinates":[[-594763.88,-1158130.83,218.73],[-594762.95,-1158128.93,218.71],[-594738.49,-1158075.76,219.18],[-594728.74,-1158053.67,219.61],[-594718.95,-1158031.07,219.61],[-594712.11,-1158013.99,219.72],[-594707.02,-1157999.16,219.61],[-594702.26,-1157983.35,219.61],[-594698.29,-1157968.28,220.13],[-594694.6,-1157953.18,219.61],[-594691.82,-1157940.63,220.35],[-594687.27,-1157917.98,220.5]]}},{"type":"Feature","id":"64002050000003346","properties":{"id":"64002050000003346","dmvs_type":"0100000021","track_ref":"","popis_objektu":"","year_surveyed":"1981","position_accuracy_class":"9","height_accuracy_class":"9","source_file":"VS_CZ064_MOMC_551252_20260731_DI.jvf.zip"},"geometry":{"type":"LineString","coordinates":[[-594724.33,-1158226.2,218.68],[-594720.91,-1158214.13,218.77],[-594717.48,-1158202.0,218.86]]}},{"type":"Feature","id":"64002050000003442","properties":{"id":"64002050000003442","dmvs_type":"0100000021","track_ref":"","popis_objektu":"","year_surveyed":"1983","position_accuracy_class":"9","height_accuracy_class":"9","source_file":"VS_CZ064_MOMC_551252_20260731_DI.jvf.zip"},"geometry":{"type":"LineString","coordinates":[[-595212.73,-1159210.39,214.44],[-595201.64,-1159204.37,214.43],[-595189.85,-1159199.93,214.43]]}},{"type":"Feature","id":"64002050000003477","properties":{"id":"64002050000003477","dmvs_type":"0100000021","track_ref":"","popis_objektu":"","year_surveyed":"1987","position_accuracy_class":"9","height_accuracy_class":"9","source_file":"VS_CZ064_MOMC_551252_20260731_DI.jvf.zip"},"geometry":{"type":"LineString","coordinates":[[-595316.45,-1159211.6,215.01],[-595309.51,-1159203.68,215.02],[-595298.53,-1159191.13,215.04]]}},{"type":"Feature","id":"64002050000003549","properties":{"id":"64002050000003549","dmvs_type":"0100000021","track_ref":"","popis_objektu":"","year_surveyed":"1981","position_accuracy_class":"9","height_accuracy_class":"9","source_file":"VS_CZ064_MOMC_551252_20260731_DI.jvf.zip"},"geometry":{"type":"LineString","coordinates":[[-594703.41,-1158223.13,218.81],[-594703.82,-1158210.58,218.87],[-594704.24,-1158197.98,218.93]]}},{"type":"Feature","id":"64002050000003555","properties":{"id":"64002050000003555","dmvs_type":"0100000021","track_ref":"","popis_objektu":"","year_surveyed":"1988","position_accuracy_class":"9","height_accuracy_class":"9","source_file":"VS_CZ064_MOMC_551252_20260731_DI.jvf.zip"},"geometry":{"type":"LineString","coordinates":[[-594770.67,-1158596.9,215.49],[-594765.25,-1158584.38,215.49],[-594759.84,-1158571.87,215.49]]}},{"type":"Feature","id":"64002050000003638","properties":{"id":"64002050000003638","dmvs_type":"0100000021","track_ref":"","popis_objektu":"","year_surveyed":"1984","position_accuracy_class":"9","height_accuracy_class":"9","source_file":"VS_CZ064_MOMC_551252_20260731_DI.jvf.zip"},"geometry":{"type":"LineString","coordinates":[[-594772.17,-1158442.47,215.96],[-594769.57,-1158430.02,215.96],[-594768.47,-1158417.46,215.96]]}},{"type":"Feature","id":"64002050000003658","properties":{"id":"64002050000003658","dmvs_type":"0100000021","track_ref":"","popis_objektu":"","year_surveyed":"1982","position_accuracy_class":"9","height_accuracy_class":"9","source_file":"VS_CZ064_MOMC_551252_20260731_DI.jvf.zip"},"geometry":{"type":"LineString","coordinates":[[-595158.23,-1159036.58,215.06],[-595150.15,-1159026.82,215.04],[-595143.44,-1159016.15,215.03]]}},{"type":"Feature","id":"64002050000003666","properties":{"id":"64002050000003666","dmvs_type":"0100000021","track_ref":"","popis_objektu":"","year_surveyed":"1997","position_accuracy_class":"9","height_accuracy_class":"9","source_file":"VS_CZ064_MOMC_551252_20260731_DI.jvf.zip"},"geometry":{"type":"LineString","coordinates":[[-594767.54,-1158280.76,216.77],[-594765.47,-1158264.97,216.77],[-594763.14,-1158255.21,216.77]]}},{"type":"Feature","id":"64002050000003749","properties":{"id":"64002050000003749","dmvs_type":"0100000021","track_ref":"","popis_objektu":"","year_surveyed":"1986","position_accuracy_class":"9","height_accuracy_class":"9","source_file":"VS_CZ064_MOMC_551252_20260731_DI.jvf.zip"},"geometry":{"type":"LineString","coordinates":[[-594768.21,-1158152.26,218.63],[-594762.56,-1158139.75,218.69],[-594755.35,-1158128.27,218.76]]}},{"type":"Feature","id":"64002050000003773","properties":{"id":"64002050000003773","dmvs_type":"0100000021","track_ref":"","popis_objektu":"","year_surveyed":"1985","position_accuracy_class":"9","height_accuracy_class":"9","source_file":"VS_CZ064_MOMC_551252_20260731_DI.jvf.zip"},"geometry":{"type":"LineString","coordinates":[[-594593.68,-1157723.33,221.22],[-594583.58,-1157715.12,221.22],[-594574.23,-1157707.52,221.22],[-594571.35,-1157705.07,221.22]]}},{"type":"Feature","id":"64002050000003783","properties":{"id":"64002050000003783","dmvs_type":"0100000021","track_ref":"","popis_objektu":"","year_surveyed":"2014","position_accuracy_class":"9","height_accuracy_class":"9","source_file":"VS_CZ064_MOMC_551252_20260731_DI.jvf.zip"},"geometry":{"type":"LineString","coordinates":[[-594837.16,-1158268.56,217.6],[-594830.32,-1158253.32,217.71],[-594821.74,-1158239.0,217.82]]}},{"type":"Feature","id":"64002050000003803","properties":{"id":"64002050000003803","dmvs_type":"0100000021","track_ref":"","popis_objektu":"","year_surveyed":"1980","position_accuracy_class":"9","height_accuracy_class":"9","source_file":"VS_CZ064_MOMC_551252_20260731_DI.jvf.zip"},"geometry":{"type":"LineString","coordinates":[[-594843.19,-1158406.65,215.87],[-594836.41,-1158395.89,215.94],[-594829.7,-1158385.22,216.02]]}},{"type":"Feature","id":"64002050000003813","properties":{"id":"64002050000003813","dmvs_type":"0100000021","track_ref":"","popis_objektu":"","year_surveyed":"1982","position_accuracy_class":"9","height_accuracy_class":"9","source_file":"VS_CZ064_MOMC_551252_20260731_DI.jvf.zip"},"geometry":{"type":"LineString","coordinates":[[-595302.19,-1159216.64,214.92],[-595296.02,-1159208.11,214.93],[-595287.86,-1159193.53,214.95]]}},{"type":"Feature","id":"64002050000003848","properties":{"id":"64002050000003848","dmvs_type":"0100000021","track_ref":"","popis_objektu":"","year_surveyed":"1983","position_accuracy_class":"9","height_accuracy_class":"9","source_file":"VS_CZ064_MOMC_551252_20260731_DI.jvf.zip"},"geometry":{"type":"LineString","coordinates":[[-595181.27,-1159227.42,214.22],[-595168.0,-1159224.28,214.22],[-595154.76,-1159220.87,214.22]]}},{"type":"Feature","id":"64002050000004052","properties":{"id":"64002050000004052","dmvs_type":"0100000021","track_ref":"","popis_objektu":"","year_surveyed":"1983","position_accuracy_class":"9","height_accuracy_class":"9","source_file":"VS_CZ064_MOMC_551252_20260731_DI.jvf.zip"},"geometry":{"type":"LineString","coordinates":[[-595221.15,-1159237.22,214.16],[-595210.92,-1159234.73,214.16],[-595200.47,-1159232.19,214.16]]}},{"type":"Feature","id":"64002050000004113","properties":{"id":"64002050000004113","dmvs_type":"0100000021","track_ref":"","popis_objektu":"","year_surveyed":"1980","position_accuracy_class":"9","height_accuracy_class":"9","source_file":"VS_CZ064_MOMC_551252_20260731_DI.jvf.zip"},"geometry":{"type":"LineString","coordinates":[[-595272.56,-1159218.22,214.72],[-595264.38,-1159211.59,214.66],[-595250.37,-1159202.59,214.61]]}},{"type":"Feature","id":"64002050000004169","properties":{"id":"64002050000004169","dmvs_type":"0100000021","track_ref":"","popis_objektu":"","year_surveyed":"1982","position_accuracy_class":"9","height_accuracy_class":"9","source_file":"VS_CZ064_MOMC_551252_20260731_DI.jvf.zip"},"geometry":{"type":"LineString","coordinates":[[-594701.36,-1157999.42,219.85],[-594696.05,-1157983.67,219.95],[-594690.74,-1157967.88,220.05]]}},{"type":"Feature","id":"64002050000004214","properties":{"id":"64002050000004214","dmvs_type":"0100000021","track_ref":"","popis_objektu":"","year_surveyed":"2004","position_accuracy_class":"9","height_accuracy_class":"9","source_file":"VS_CZ064_MOMC_551252_20260731_DI.jvf.zip"},"geometry":{"type":"LineString","coordinates":[[-595467.69,-1159343.15,214.27],[-595449.39,-1159333.26,214.36],[-595431.03,-1159323.34,214.45]]}},{"type":"Feature","id":"64002050000004228","properties":{"id":"64002050000004228","dmvs_type":"0100000021","track_ref":"","popis_objektu":"","year_surveyed":"1986","position_accuracy_class":"9","height_accuracy_class":"9","source_file":"VS_CZ064_MOMC_551252_20260731_DI.jvf.zip"},"geometry":{"type":"LineString","coordinates":[[-594769.36,-1158151.65,218.63],[-594762.56,-1158139.75,218.72],[-594756.96,-1158127.33,218.82]]}},{"type":"Feature","id":"64002050000004265","properties":{"id":"64002050000004265","dmvs_type":"0100000021","track_ref":"","popis_objektu":"","year_surveyed":"1983","position_accuracy_class":"9","height_accuracy_class":"9","source_file":"VS_CZ064_MOMC_551252_20260731_DI.jvf.zip"},"geometry":{"type":"LineString","coordinates":[[-595244.72,-1159225.66,214.42],[-595234.51,-1159218.24,214.42],[-595225.28,-1159209.65,214.42]]}},{"type":"Feature","id":"64002050000004301","properties":{"id":"64002050000004301","dmvs_type":"0100000021","track_ref":"","popis_objektu":"","year_surveyed":"1988","position_accuracy_class":"9","height_accuracy_class":"9","source_file":"VS_CZ064_MOMC_551252_20260731_DI.jvf.zip"},"geometry":{"type":"LineString","coordinates":[[-594731.51,-1158448.63,216.9],[-594729.62,-1158436.16,217.04],[-594729.35,-1158423.52,217.19]]}},{"type":"Feature","id":"64002050000004329","properties":{"id":"64002050000004329","dmvs_type":"0100000021","track_ref":"","popis_objektu":"","year_surveyed":"2007","position_accuracy_class":"9","height_accuracy_class":"9","source_file":"VS_CZ064_MOMC_551252_20260731_DI.jvf.zip"},"geometry":{"type":"LineString","coordinates":[[-594789.43,-1158350.51,216.28],[-594785.85,-1158338.5,216.36],[-594782.25,-1158326.42,216.45]]}},{"type":"Feature","id":"64002050000004514","properties":{"id":"64002050000004514","dmvs_type":"0100000021","track_ref":"","popis_objektu":"","year_surveyed":"1982","position_accuracy_class":"9","height_accuracy_class":"9","source_file":"VS_CZ064_MOMC_551252_20260731_DI.jvf.zip"},"geometry":{"type":"LineString","coordinates":[[-595200.0,-1159074.25,215.06],[-595188.11,-1159062.63,215.06],[-595176.5,-1159051.3,215.06]]}},{"type":"Feature","id":"64002050000004553","properties":{"id":"64002050000004553","dmvs_type":"0100000021","track_ref":"","popis_objektu":"","year_surveyed":"1986","position_accuracy_class":"9","height_accuracy_class":"9","source_file":"VS_CZ064_MOMC_551252_20260731_DI.jvf.zip"},"geometry":{"type":"LineString","coordinates":[[-594856.51,-1158295.9,217.34],[-594847.65,-1158281.68,217.48],[-594838.87,-1158267.58,217.63]]}},{"type":"Feature","id":"64002050000004559","properties":{"id":"64002050000004559","dmvs_type":"0100000021","track_ref":"","popis_objektu":"","year_surveyed":"1988","position_accuracy_class":"9","height_accuracy_class":"9","source_file":"VS_CZ064_MOMC_551252_20260731_DI.jvf.zip"},"geometry":{"type":"LineString","coordinates":[[-594769.05,-1158597.49,215.5],[-594765.25,-1158584.38,215.5],[-594761.0,-1158571.43,215.5]]}},{"type":"Feature","id":"64002050000004604","properties":{"id":"64002050000004604","dmvs_type":"0100000021","track_ref":"","popis_objektu":"","year_surveyed":"1984","position_accuracy_class":"9","height_accuracy_class":"9","source_file":"VS_CZ064_MOMC_551252_20260731_DI.jvf.zip"},"geometry":{"type":"LineString","coordinates":[[-594768.47,-1158417.46,215.96],[-594767.63,-1158403.85,215.96],[-594768.16,-1158390.22,215.96]]}},{"type":"Feature","id":"64002050000004694","properties":{"id":"64002050000004694","dmvs_type":"0100000021","track_ref":"","popis_objektu":"","year_surveyed":"1985","position_accuracy_class":"9","height_accuracy_class":"9","source_file":"VS_CZ064_MOMC_551252_20260731_DI.jvf.zip"},"geometry":{"type":"LineString","coordinates":[[-594390.03,-1157598.9,218.29],[-594373.46,-1157600.67,218.34],[-594356.94,-1157602.45,218.39]]}},{"type":"Feature","id":"64002050000005341","properties":{"id":"64002050000005341","dmvs_type":"0100000021","track_ref":"","popis_objektu":"","year_surveyed":"9999","position_accuracy_class":"9","height_accuracy_class":"9","source_file":"VS_CZ064_MOMC_551252_20260731_DI.jvf.zip"},"geometry":{"type":"LineString","coordinates":[[-594358.17,-1157688.83,216.14],[-594301.9,-1157679.17,216.59]]}},{"type":"Feature","id":"64002050000005363","properties":{"id":"64002050000005363","dmvs_type":"0100000021","track_ref":"","popis_objektu":"","year_surveyed":"1983","position_accuracy_class":"9","height_accuracy_class":"9","source_file":"VS_CZ064_MOMC_551252_20260731_DI.jvf.zip"},"geometry":{"type":"LineString","coordinates":[[-595221.17,-1159223.68,214.36],[-595209.42,-1159219.09,214.35],[-595197.75,-1159214.54,214.35]]}},{"type":"Feature","id":"64002050000005847","properties":{"id":"64002050000005847","dmvs_type":"0100000021","track_ref":"","popis_objektu":"","year_surveyed":"1979","position_accuracy_class":"9","height_accuracy_class":"9","source_file":"VS_CZ064_MOMC_551252_20260731_DI.jvf.zip"},"geometry":{"type":"LineString","coordinates":[[-594797.72,-1158374.43,216.26],[-594792.72,-1158362.68,216.27],[-594789.43,-1158350.51,216.28]]}},{"type":"Feature","id":"64002050000006097","properties":{"id":"64002050000006097","dmvs_type":"0100000021","track_ref":"","popis_objektu":"","year_surveyed":"1981","position_accuracy_class":"9","height_accuracy_class":"9","source_file":"VS_CZ064_MOMC_551252_20260731_DI.jvf.zip"},"geometry":{"type":"LineString","coordinates":[[-594712.99,-1158199.96,218.92],[-594709.73,-1158187.59,219.08],[-594708.17,-1158175.08,219.24]]}},{"type":"Feature","id":"64002050000004733","properties":{"id":"64002050000004733","dmvs_type":"0100000021","track_ref":"","popis_objektu":"","year_surveyed":"1988","position_accuracy_class":"9","height_accuracy_class":"9","source_file":"VS_CZ064_MOMC_551252_20260731_DI.jvf.zip"},"geometry":{"type":"LineString","coordinates":[[-594720.12,-1158426.17,217.13],[-594716.46,-1158414.1,217.31],[-594712.8,-1158402.0,217.5]]}},{"type":"Feature","id":"64002050000004748","properties":{"id":"64002050000004748","dmvs_type":"0100000021","track_ref":"","popis_objektu":"","year_surveyed":"1979","position_accuracy_class":"9","height_accuracy_class":"9","source_file":"VS_CZ064_MOMC_551252_20260731_DI.jvf.zip"},"geometry":{"type":"LineString","coordinates":[[-594790.82,-1158407.26,216.06],[-594790.67,-1158394.58,216.1],[-594790.53,-1158381.97,216.14]]}},{"type":"Feature","id":"64002050000004780","properties":{"id":"64002050000004780","dmvs_type":"0100000021","track_ref":"","popis_objektu":"","year_surveyed":"1984","position_accuracy_class":"9","height_accuracy_class":"9","source_file":"VS_CZ064_MOMC_551252_20260731_DI.jvf.zip"},"geometry":{"type":"LineString","coordinates":[[-594761.84,-1158417.19,215.96],[-594762.59,-1158403.57,215.96],[-594763.34,-1158389.96,215.96]]}},{"type":"Feature","id":"64002050000004834","properties":{"id":"64002050000004834","dmvs_type":"0100000021","track_ref":"","popis_objektu":"","year_surveyed":"1981","position_accuracy_class":"9","height_accuracy_class":"9","source_file":"VS_CZ064_MOMC_551252_20260731_DI.jvf.zip"},"geometry":{"type":"LineString","coordinates":[[-594717.48,-1158202.0,218.86],[-594714.01,-1158189.82,219.01],[-594710.57,-1158177.69,219.16]]}},{"type":"Feature","id":"64002050000004837","properties":{"id":"64002050000004837","dmvs_type":"0100000021","track_ref":"","popis_objektu":"","year_surveyed":"1988","position_accuracy_class":"9","height_accuracy_class":"9","source_file":"VS_CZ064_MOMC_551252_20260731_DI.jvf.zip"},"geometry":{"type":"LineString","coordinates":[[-594785.24,-1158630.63,215.19],[-594780.25,-1158619.04,215.31],[-594775.27,-1158607.46,215.44]]}},{"type":"Feature","id":"64002050000004877","properties":{"id":"64002050000004877","dmvs_type":"0100000021","track_ref":"","popis_objektu":"","year_surveyed":"1985","position_accuracy_class":"9","height_accuracy_class":"9","source_file":"VS_CZ064_MOMC_551252_20260731_DI.jvf.zip"},"geometry":{"type":"LineString","coordinates":[[-594615.27,-1157742.35,221.51],[-594606.17,-1157733.05,221.31],[-594596.44,-1157723.12,221.12],[-594595.07,-1157721.77,221.31]]}},{"type":"Feature","id":"64002050000004880","properties":{"id":"64002050000004880","dmvs_type":"0100000021","track_ref":"","popis_objektu":"","year_surveyed":"1980","position_accuracy_class":"9","height_accuracy_class":"9","source_file":"VS_CZ064_MOMC_551252_20260731_DI.jvf.zip"},"geometry":{"type":"LineString","coordinates":[[-595251.51,-1159201.17,214.58],[-595241.74,-1159193.19,214.55],[-595231.91,-1159185.16,214.53]]}},{"type":"Feature","id":"64002050000005158","properties":{"id":"64002050000005158","dmvs_type":"0100000021","track_ref":"","popis_objektu":"","year_surveyed":"2003","position_accuracy_class":"9","height_accuracy_class":"9","source_file":"VS_CZ064_MOMC_551252_20260731_DI.jvf.zip"},"geometry":{"type":"LineString","coordinates":[[-595244.01,-1159120.25,215.11],[-595242.61,-1159117.66,215.11],[-595237.54,-1159108.22,215.11],[-595232.6,-1159098.74,215.12],[-595231.18,-1159096.14,215.11]]}},{"type":"Feature","id":"64002050000005162","properties":{"id":"64002050000005162","dmvs_type":"0100000021","track_ref":"","popis_objektu":"","year_surveyed":"1988","position_accuracy_class":"9","height_accuracy_class":"9","source_file":"VS_CZ064_MOMC_551252_20260731_DI.jvf.zip"},"geometry":{"type":"LineString","coordinates":[[-594502.01,-1157754.74,215.16],[-594483.92,-1157744.46,215.27],[-594465.78,-1157734.15,215.39]]}},{"type":"Feature","id":"64002050000005219","properties":{"id":"64002050000005219","dmvs_type":"0100000021","track_ref":"","popis_objektu":"","year_surveyed":"1984","position_accuracy_class":"9","height_accuracy_class":"9","source_file":"VS_CZ064_MOMC_551252_20260731_DI.jvf.zip"},"geometry":{"type":"LineString","coordinates":[[-594766.72,-1158417.47,216.0],[-594767.63,-1158403.85,216.0],[-594766.8,-1158390.24,216.0]]}},{"type":"Feature","id":"64002050000005278","properties":{"id":"64002050000005278","dmvs_type":"0100000021","track_ref":"","popis_objektu":"","year_surveyed":"9999","position_accuracy_class":"9","height_accuracy_class":"9","source_file":"VS_CZ064_MOMC_551252_20260731_DI.jvf.zip"},"geometry":{"type":"LineString","coordinates":[[-595231.18,-1159096.14,214.99],[-595225.17,-1159085.08,214.99]]}},{"type":"Feature","id":"64002050000005322","properties":{"id":"64002050000005322","dmvs_type":"0100000021","track_ref":"","popis_objektu":"","year_surveyed":"1982","position_accuracy_class":"9","height_accuracy_class":"9","source_file":"VS_CZ064_MOMC_551252_20260731_DI.jvf.zip"},"geometry":{"type":"LineString","coordinates":[[-595190.5,-1159072.79,215.06],[-595181.14,-1159064.11,215.03],[-595173.04,-1159054.45,215.01]]}},{"type":"Feature","id":"64002050000005371","properties":{"id":"64002050000005371","dmvs_type":"0100000021","track_ref":"","popis_objektu":"","year_surveyed":"1990","position_accuracy_class":"9","height_accuracy_class":"9","source_file":"VS_CZ064_MOMC_551252_20260731_DI.jvf.zip"},"geometry":{"type":"LineString","coordinates":[[-595385.16,-1159324.16,207.89],[-595374.77,-1159317.0,207.89],[-595364.35,-1159309.81,207.89]]}},{"type":"Feature","id":"64002050000005380","properties":{"id":"64002050000005380","dmvs_type":"0100000021","track_ref":"","popis_objektu":"","year_surveyed":"1980","position_accuracy_class":"9","height_accuracy_class":"9","source_file":"VS_CZ064_MOMC_551252_20260731_DI.jvf.zip"},"geometry":{"type":"LineString","coordinates":[[-594807.01,-1158362.64,216.17],[-594803.63,-1158350.41,216.2],[-594798.72,-1158338.8,216.24]]}},{"type":"Feature","id":"64002050000005432","properties":{"id":"64002050000005432","dmvs_type":"0100000021","track_ref":"","popis_objektu":"","year_surveyed":"1981","position_accuracy_class":"9","height_accuracy_class":"9","source_file":"VS_CZ064_MOMC_551252_20260731_DI.jvf.zip"},"geometry":{"type":"LineString","coordinates":[[-594705.03,-1158223.06,218.81],[-594703.82,-1158210.58,218.87],[-594704.24,-1158197.98,218.93]]}},{"type":"Feature","id":"64002050000005450","properties":{"id":"64002050000005450","dmvs_type":"0100000021","track_ref":"","popis_objektu":"","year_surveyed":"9999","position_accuracy_class":"9","height_accuracy_class":"9","source_file":"VS_CZ064_MOMC_551252_20260731_DI.jvf.zip"},"geometry":{"type":"LineString","coordinates":[[-594789.45,-1158206.8,218.2],[-594786.93,-1158197.21,218.28]]}},{"type":"Feature","id":"64002050000005476","properties":{"id":"64002050000005476","dmvs_type":"0100000021","track_ref":"","popis_objektu":"","year_surveyed":"1983","position_accuracy_class":"9","height_accuracy_class":"9","source_file":"VS_CZ064_MOMC_551252_20260731_DI.jvf.zip"},"geometry":{"type":"LineString","coordinates":[[-595200.92,-1159228.57,214.34],[-595195.16,-1159227.83,214.36],[-595185.71,-1159226.6,214.32],[-595181.52,-1159226.05,214.34]]}},{"type":"Feature","id":"64002050000005586","properties":{"id":"64002050000005586","dmvs_type":"0100000021","track_ref":"","popis_objektu":"","year_surveyed":"2011","position_accuracy_class":"9","height_accuracy_class":"9","source_file":"VS_CZ064_MOMC_551252_20260731_DI.jvf.zip"},"geometry":{"type":"LineString","coordinates":[[-594682.64,-1158010.02,219.79],[-594673.61,-1157991.29,219.81],[-594663.06,-1157973.37,219.83]]}},{"type":"Feature","id":"64002050000005615","properties":{"id":"64002050000005615","dmvs_type":"0100000021","track_ref":"","popis_objektu":"","year_surveyed":"1981","position_accuracy_class":"9","height_accuracy_class":"9","source_file":"VS_CZ064_MOMC_551252_20260731_DI.jvf.zip"},"geometry":{"type":"LineString","coordinates":[[-594705.85,-1158197.83,218.92],[-594704.62,-1158185.18,219.02],[-594703.41,-1158172.63,219.13]]}},{"type":"Feature","id":"64002050000005684","properties":{"id":"64002050000005684","dmvs_type":"0100000021","track_ref":"","popis_objektu":"","year_surveyed":"1988","position_accuracy_class":"9","height_accuracy_class":"9","source_file":"VS_CZ064_MOMC_551252_20260731_DI.jvf.zip"},"geometry":{"type":"LineString","coordinates":[[-594762.01,-1158593.24,215.41],[-594759.02,-1158583.15,215.41],[-594757.16,-1158572.65,215.41]]}},{"type":"Feature","id":"64002050000005707","properties":{"id":"64002050000005707","dmvs_type":"0100000021","track_ref":"","popis_objektu":"","year_surveyed":"1984","position_accuracy_class":"9","height_accuracy_class":"9","source_file":"VS_CZ064_MOMC_551252_20260731_DI.jvf.zip"},"geometry":{"type":"LineString","coordinates":[[-594762.81,-1158233.42,217.74],[-594760.36,-1158223.05,217.74],[-594759.09,-1158212.61,217.74]]}},{"type":"Feature","id":"64002050000005736","properties":{"id":"64002050000005736","dmvs_type":"0100000021","track_ref":"","popis_objektu":"","year_surveyed":"1980","position_accuracy_class":"9","height_accuracy_class":"9","source_file":"VS_CZ064_MOMC_551252_20260731_DI.jvf.zip"},"geometry":{"type":"LineString","coordinates":[[-595242.38,-1159197.47,214.61],[-595231.63,-1159190.86,214.57],[-595221.66,-1159182.86,214.54]]}},{"type":"Feature","id":"64002050000005746","properties":{"id":"64002050000005746","dmvs_type":"0100000021","track_ref":"","popis_objektu":"","year_surveyed":"1986","position_accuracy_class":"9","height_accuracy_class":"9","source_file":"VS_CZ064_MOMC_551252_20260731_DI.jvf.zip"},"geometry":{"type":"LineString","coordinates":[[-594818.74,-1158289.09,217.53],[-594816.34,-1158276.59,217.58],[-594812.34,-1158264.63,217.64]]}},{"type":"Feature","id":"64002050000005785","properties":{"id":"64002050000005785","dmvs_type":"0100000021","track_ref":"","popis_objektu":"","year_surveyed":"1984","position_accuracy_class":"9","height_accuracy_class":"9","source_file":"VS_CZ064_MOMC_551252_20260731_DI.jvf.zip"},"geometry":{"type":"LineString","coordinates":[[-594753.51,-1158466.96,215.83],[-594753.83,-1158454.42,215.88],[-594755.82,-1158441.97,215.94]]}},{"type":"Feature","id":"64002050000005806","properties":{"id":"64002050000005806","dmvs_type":"0100000021","track_ref":"","popis_objektu":"","year_surveyed":"9999","position_accuracy_class":"9","height_accuracy_class":"9","source_file":"VS_CZ064_MOMC_551252_20260731_DI.jvf.zip"},"geometry":{"type":"LineString","coordinates":[[-595239.55,-1159173.39,214.47],[-595237.33,-1159170.02,214.52]]}},{"type":"Feature","id":"64002050000005839","properties":{"id":"64002050000005839","dmvs_type":"0100000021","track_ref":"","popis_objektu":"","year_surveyed":"1990","position_accuracy_class":"9","height_accuracy_class":"9","source_file":"VS_CZ064_MOMC_551252_20260731_DI.jvf.zip"},"geometry":{"type":"LineString","coordinates":[[-594566.07,-1157704.73,221.06],[-594552.51,-1157696.92,221.06],[-594541.24,-1157690.44,221.06]]}},{"type":"Feature","id":"64002050000006086","properties":{"id":"64002050000006086","dmvs_type":"0100000021","track_ref":"","popis_objektu":"","year_surveyed":"1988","position_accuracy_class":"9","height_accuracy_class":"9","source_file":"VS_CZ064_MOMC_551252_20260731_DI.jvf.zip"},"geometry":{"type":"LineString","coordinates":[[-595229.79,-1159097.0,216.24],[-595193.16,-1159043.83,215.06],[-595186.15,-1159033.48,215.02],[-595173.97,-1159013.94,216.24],[-595163.17,-1158996.45,215.12],[-595154.56,-1158980.92,216.24],[-595147.55,-1158967.48,215.22],[-595131.66,-1158934.18,215.2],[-595117.14,-1158902.35,215.35],[-595058.89,-1158775.21,215.84],[-595025.2,-1158701.55,216.01],[-594976.98,-1158596.1,216.19],[-594937.17,-1158509.5,216.52],[-594895.52,-1158418.67,216.84],[-594850.61,-1158320.51,217.33],[-594826.63,-1158268.15,217.66],[-594802.56,-1158215.66,218.03],[-594792.89,-1158194.63,218.26]]}},{"type":"Feature","id":"64002050000006114","properties":{"id":"64002050000006114","dmvs_type":"0100000021","track_ref":"","popis_objektu":"","year_surveyed":"2003","position_accuracy_class":"9","height_accuracy_class":"9","source_file":"VS_CZ064_MOMC_551252_20260731_DI.jvf.zip"},"geometry":{"type":"LineString","coordinates":[[-595226.7,-1159084.12,215.04],[-595217.29,-1159070.42,215.03],[-595209.45,-1159055.74,215.02]]}},{"type":"Feature","id":"64002050000006146","properties":{"id":"64002050000006146","dmvs_type":"0100000021","track_ref":"","popis_objektu":"","year_surveyed":"1983","position_accuracy_class":"9","height_accuracy_class":"9","source_file":"VS_CZ064_MOMC_551252_20260731_DI.jvf.zip"},"geometry":{"type":"LineString","coordinates":[[-595246.75,-1159236.14,214.41],[-595234.55,-1159232.91,214.36],[-595222.03,-1159231.31,214.31]]}},{"type":"Feature","id":"64002050000006178","properties":{"id":"64002050000006178","dmvs_type":"0100000021","track_ref":"","popis_objektu":"","year_surveyed":"1983","position_accuracy_class":"9","height_accuracy_class":"9","source_file":"VS_CZ064_MOMC_551252_20260731_DI.jvf.zip"},"geometry":{"type":"LineString","coordinates":[[-595131.06,-1159212.67,214.15],[-595119.54,-1159207.53,214.1],[-595108.77,-1159200.88,214.06]]}},{"type":"Feature","id":"64002050000006240","properties":{"id":"64002050000006240","dmvs_type":"0100000021","track_ref":"","popis_objektu":"","year_surveyed":"9999","position_accuracy_class":"9","height_accuracy_class":"9","source_file":"VS_CZ064_MOMC_551252_20260731_DI.jvf.zip"},"geometry":{"type":"LineString","coordinates":[[-595072.14,-1159200.4,214.24],[-595059.81,-1159195.8,214.34],[-595052.06,-1159192.7,214.14],[-595048.18,-1159191.23,214.37],[-595038.58,-1159186.35,214.39],[-595028.78,-1159179.93,214.39],[-595019.62,-1159172.18,214.39],[-595012.83,-1159165.17,214.89],[-595001.85,-1159151.66,214.39],[-594992.25,-1159137.72,214.39],[-594980.14,-1159116.91,214.39],[-594971.08,-1159099.33,214.39]]}},{"type":"Feature","id":"64002050000006261","properties":{"id":"64002050000006261","dmvs_type":"0100000021","track_ref":"","popis_objektu":"","year_surveyed":"1980","position_accuracy_class":"9","height_accuracy_class":"9","source_file":"VS_CZ064_MOMC_551252_20260731_DI.jvf.zip"},"geometry":{"type":"LineString","coordinates":[[-594821.91,-1158394.58,215.9],[-594818.02,-1158382.61,215.98],[-594812.57,-1158371.24,216.07]]}},{"type":"Feature","id":"64002050000006301","properties":{"id":"64002050000006301","dmvs_type":"0100000021","track_ref":"","popis_objektu":"","year_surveyed":"9999","position_accuracy_class":"9","height_accuracy_class":"9","source_file":"VS_CZ064_MOMC_551252_20260731_DI.jvf.zip"},"geometry":{"type":"LineString","coordinates":[[-595204.76,-1159151.74,214.33],[-595199.54,-1159146.22,214.32],[-595194.39,-1159140.78,214.25],[-595177.62,-1159123.35,214.18],[-595163.76,-1159108.87,214.66],[-595154.13,-1159098.15,214.16],[-595142.61,-1159083.65,214.66],[-595133.45,-1159070.62,214.66],[-595125.33,-1159057.69,213.52],[-595115.61,-1159039.74,214.66],[-595107.98,-1159022.99,213.55],[-595094.27,-1158993.17,213.65],[-595060.47,-1158919.66,214.66],[-595003.1,-1158794.45,214.66],[-594971.08,-1158724.55,214.69],[-594917.63,-1158607.79,215.4],[-594884.94,-1158536.65,215.58],[-594841.37,-1158441.59,215.89],[-594831.48,-1158419.34,215.91],[-594821.91,-1158394.58,215.9]]}},{"type":"Feature","id":"64002050000006337","properties":{"id":"64002050000006337","dmvs_type":"0100000021","track_ref":"","popis_objektu":"","year_surveyed":"1988","position_accuracy_class":"9","height_accuracy_class":"9","source_file":"VS_CZ064_MOMC_551252_20260731_DI.jvf.zip"},"geometry":{"type":"LineString","coordinates":[[-594759.84,-1158571.87,215.8],[-594756.94,-1158565.16,215.79],[-594753.01,-1158556.51,215.81],[-594750.18,-1158549.95,215.8]]}},{"type":"Feature","id":"64002050000006361","properties":{"id":"64002050000006361","dmvs_type":"0100000021","track_ref":"","popis_objektu":"","year_surveyed":"9999","position_accuracy_class":"9","height_accuracy_class":"9","source_file":"VS_CZ064_MOMC_551252_20260731_DI.jvf.zip"},"geometry":{"type":"LineString","coordinates":[[-595224.16,-1159148.49,214.37],[-595215.86,-1159135.37,214.8],[-595207.24,-1159123.22,214.32],[-595194.8,-1159108.08,214.28],[-595178.42,-1159089.69,214.2],[-595171.54,-1159081.92,214.17],[-595162.49,-1159070.53,214.8],[-595153.95,-1159058.64,214.8],[-595147.05,-1159047.89,214.02],[-595137.17,-1159029.9,214.8],[-595130.2,-1159015.02,214.09],[-595115.48,-1158982.78,214.19],[-595081.51,-1158908.57,214.46],[-595027.3,-1158790.12,214.91],[-594993.02,-1158715.34,215.08],[-594943.48,-1158607.21,215.44],[-594907.11,-1158527.57,215.68],[-594875.88,-1158459.58,215.8],[-594865.02,-1158437.86,214.8],[-594858.78,-1158426.5,214.8],[-594853.07,-1158417.45,215.95],[-594844.54,-1158405.75,215.97]]}},{"type":"Feature","id":"64002050000006394","properties":{"id":"64002050000006394","dmvs_type":"0100000021","track_ref":"","popis_objektu":"","year_surveyed":"1981","position_accuracy_class":"9","height_accuracy_class":"9","source_file":"VS_CZ064_MOMC_551252_20260731_DI.jvf.zip"},"geometry":{"type":"LineString","coordinates":[[-594701.77,-1158172.71,219.22],[-594702.44,-1158160.11,219.33],[-594701.47,-1158147.54,219.44]]}},{"type":"Feature","id":"64002050000006422","properties":{"id":"64002050000006422","dmvs_type":"0100000021","track_ref":"","popis_objektu":"","year_surveyed":"9999","position_accuracy_class":"9","height_accuracy_class":"9","source_file":"VS_CZ064_MOMC_551252_20260731_DI.jvf.zip"},"geometry":{"type":"LineString","coordinates":[[-594811.46,-1158352.79,216.07],[-594806.83,-1158341.82,216.79],[-594802.84,-1158331.04,216.13],[-594798.39,-1158316.13,216.79],[-594796.02,-1158305.16,216.79],[-594794.49,-1158294.82,216.79],[-594793.84,-1158287.59,217.04],[-594793.44,-1158281.64,217.13],[-594792.77,-1158266.76,217.2],[-594792.79,-1158264.97,217.22]]}},{"type":"Feature","id":"64002050000006432","properties":{"id":"64002050000006432","dmvs_type":"0100000021","track_ref":"","popis_objektu":"","year_surveyed":"9999","position_accuracy_class":"9","height_accuracy_class":"9","source_file":"VS_CZ064_MOMC_551252_20260731_DI.jvf.zip"},"geometry":{"type":"LineString","coordinates":[[-594782.25,-1158326.42,216.45],[-594780.96,-1158321.77,216.49],[-594772.15,-1158291.8,216.7],[-594769.13,-1158280.35,216.77]]}},{"type":"Feature","id":"64002050000006485","properties":{"id":"64002050000006485","dmvs_type":"0100000021","track_ref":"","popis_objektu":"","year_surveyed":"9999","position_accuracy_class":"9","height_accuracy_class":"9","source_file":"VS_CZ064_MOMC_551252_20260731_DI.jvf.zip"},"geometry":{"type":"LineString","coordinates":[[-595181.62,-1159004.27,215.09],[-595152.17,-1158943.13,215.19],[-595142.84,-1158923.53,215.26],[-595133.19,-1158902.72,215.29],[-595072.03,-1158769.47,215.83],[-595039.12,-1158697.42,215.99],[-594992.12,-1158594.9,216.16],[-594949.82,-1158502.89,216.5],[-594908.52,-1158412.69,216.79],[-594866.47,-1158320.93,217.2],[-594860.65,-1158308.67,217.35],[-594854.9,-1158296.63,217.35]]}},{"type":"Feature","id":"64002050000006497","properties":{"id":"64002050000006497","dmvs_type":"0100000021","track_ref":"","popis_objektu":"","year_surveyed":"1986","position_accuracy_class":"9","height_accuracy_class":"9","source_file":"VS_CZ064_MOMC_551252_20260731_DI.jvf.zip"},"geometry":{"type":"LineString","coordinates":[[-594728.2,-1158083.24,219.21],[-594719.65,-1158068.99,219.3],[-594712.63,-1158053.75,219.4]]}},{"type":"Feature","id":"64002050000006560","properties":{"id":"64002050000006560","dmvs_type":"0100000021","track_ref":"","popis_objektu":"","year_surveyed":"9999","position_accuracy_class":"9","height_accuracy_class":"9","source_file":"VS_CZ064_MOMC_551252_20260731_DI.jvf.zip"},"geometry":{"type":"LineString","coordinates":[[-595117.98,-1158972.52,215.23],[-595113.38,-1158962.14,215.29],[-595112.8,-1158960.78,215.32],[-595033.19,-1158787.34,215.72],[-594998.95,-1158712.54,215.89],[-594949.35,-1158604.18,216.07],[-594913.44,-1158525.81,216.3],[-594865.97,-1158422.27,216.57],[-594865.12,-1158420.51,216.57]]}},{"type":"Feature","id":"64002050000006578","properties":{"id":"64002050000006578","dmvs_type":"0100000021","track_ref":"","popis_objektu":"","year_surveyed":"1989","position_accuracy_class":"9","height_accuracy_class":"9","source_file":"VS_CZ064_MOMC_551252_20260731_DI.jvf.zip"},"geometry":{"type":"LineString","coordinates":[[-594105.3,-1157730.59,218.21],[-594090.11,-1157737.33,218.32],[-594075.7,-1157745.71,218.44]]}},{"type":"Feature","id":"64002050000006616","properties":{"id":"64002050000006616","dmvs_type":"0100000021","track_ref":"","popis_objektu":"","year_surveyed":"1988","position_accuracy_class":"9","height_accuracy_class":"9","source_file":"VS_CZ064_MOMC_551252_20260731_DI.jvf.zip"},"geometry":{"type":"LineString","coordinates":[[-594726.6,-1158450.57,216.84],[-594723.36,-1158438.38,216.98],[-594720.12,-1158426.17,217.13]]}},{"type":"Feature","id":"64002050000006694","properties":{"id":"64002050000006694","dmvs_type":"0100000021","track_ref":"","popis_objektu":"","year_surveyed":"1983","position_accuracy_class":"9","height_accuracy_class":"9","source_file":"VS_CZ064_MOMC_551252_20260731_DI.jvf.zip"},"geometry":{"type":"LineString","coordinates":[[-595179.3,-1159229.39,214.11],[-595168.55,-1159229.21,214.11],[-595158.03,-1159229.04,214.11]]}},{"type":"Feature","id":"64002050000006929","properties":{"id":"64002050000006929","dmvs_type":"0100000021","track_ref":"","popis_objektu":"","year_surveyed":"9999","position_accuracy_class":"9","height_accuracy_class":"9","source_file":"VS_CZ064_MOMC_551252_20260731_DI.jvf.zip"},"geometry":{"type":"LineString","coordinates":[[-595274.73,-1159220.1,214.8],[-595272.56,-1159218.22,214.72]]}},{"type":"Feature","id":"64002050000006934","properties":{"id":"64002050000006934","dmvs_type":"0100000021","track_ref":"","popis_objektu":"","year_surveyed":"9999","position_accuracy_class":"9","height_accuracy_class":"9","source_file":"VS_CZ064_MOMC_551252_20260731_DI.jvf.zip"},"geometry":{"type":"LineString","coordinates":[[-594714.97,-1158430.14,217.15],[-594714.15,-1158428.5,217.24],[-594706.61,-1158412.51,218.1],[-594701.96,-1158399.91,217.59],[-594699.16,-1158389.51,217.72],[-594696.58,-1158375.55,218.1],[-594694.84,-1158357.6,218.1],[-594693.87,-1158341.35,218.14],[-594693.12,-1158257.88,218.67],[-594693.25,-1158237.58,218.72],[-594693.88,-1158227.59,218.81],[-594695.52,-1158214.88,218.1],[-594697.86,-1158202.3,218.89]]}},{"type":"Feature","id":"64002050000006938","properties":{"id":"64002050000006938","dmvs_type":"0100000021","track_ref":"","popis_objektu":"","year_surveyed":"1980","position_accuracy_class":"9","height_accuracy_class":"9","source_file":"VS_CZ064_MOMC_551252_20260731_DI.jvf.zip"},"geometry":{"type":"LineString","coordinates":[[-594837.72,-1158405.21,215.93],[-594831.02,-1158394.32,215.91],[-594825.79,-1158382.85,215.9]]}},{"type":"Feature","id":"64002050000006950","properties":{"id":"64002050000006950","dmvs_type":"0100000021","track_ref":"","popis_objektu":"","year_surveyed":"1990","position_accuracy_class":"9","height_accuracy_class":"9","source_file":"VS_CZ064_MOMC_551252_20260731_DI.jvf.zip"},"geometry":{"type":"LineString","coordinates":[[-595285.13,-1159276.91,208.88],[-595274.78,-1159275.0,209.04],[-595258.04,-1159273.88,209.2]]}},{"type":"Feature","id":"64002050000006963","properties":{"id":"64002050000006963","dmvs_type":"0100000021","track_ref":"","popis_objektu":"","year_surveyed":"1984","position_accuracy_class":"9","height_accuracy_class":"9","source_file":"VS_CZ064_MOMC_551252_20260731_DI.jvf.zip"},"geometry":{"type":"LineString","coordinates":[[-594761.81,-1158445.13,215.89],[-594761.09,-1158429.77,215.94],[-594761.76,-1158419.84,215.97],[-594761.84,-1158417.19,215.96]]}},{"type":"Feature","id":"64002050000006972","properties":{"id":"64002050000006972","dmvs_type":"0100000021","track_ref":"","popis_objektu":"","year_surveyed":"9999","position_accuracy_class":"9","height_accuracy_class":"9","source_file":"VS_CZ064_MOMC_551252_20260731_DI.jvf.zip"},"geometry":{"type":"LineString","coordinates":[[-594821.74,-1158239.0,217.82],[-594816.72,-1158230.6,217.87]]}},{"type":"Feature","id":"64002050000007018","properties":{"id":"64002050000007018","dmvs_type":"0100000021","track_ref":"","popis_objektu":"","year_surveyed":"1990","position_accuracy_class":"9","height_accuracy_class":"9","source_file":"VS_CZ064_MOMC_551252_20260731_DI.jvf.zip"},"geometry":{"type":"LineString","coordinates":[[-594564.77,-1157706.2,220.93],[-594552.51,-1157696.92,220.93],[-594541.24,-1157690.44,220.93]]}},{"type":"Feature","id":"64002050000007046","properties":{"id":"64002050000007046","dmvs_type":"0100000021","track_ref":"","popis_objektu":"","year_surveyed":"9999","position_accuracy_class":"9","height_accuracy_class":"9","source_file":"VS_CZ064_MOMC_551252_20260731_DI.jvf.zip"},"geometry":{"type":"LineString","coordinates":[[-594787.72,-1158207.51,218.16],[-594776.39,-1158181.43,218.39],[-594759.09,-1158143.52,218.73],[-594748.75,-1158120.89,218.97]]}},{"type":"Feature","id":"64002050000007049","properties":{"id":"64002050000007049","dmvs_type":"0100000021","track_ref":"","popis_objektu":"","year_surveyed":"9999","position_accuracy_class":"9","height_accuracy_class":"9","source_file":"VS_CZ064_MOMC_551252_20260731_DI.jvf.zip"},"geometry":{"type":"LineString","coordinates":[[-595154.49,-1159222.51,214.24],[-595135.2,-1159219.52,214.24],[-595124.84,-1159217.41,214.23],[-595115.64,-1159215.14,214.25],[-595103.57,-1159211.66,214.22]]}},{"type":"Feature","id":"64002050000007063","properties":{"id":"64002050000007063","dmvs_type":"0100000021","track_ref":"","popis_objektu":"","year_surveyed":"1980","position_accuracy_class":"9","height_accuracy_class":"9","source_file":"VS_CZ064_MOMC_551252_20260731_DI.jvf.zip"},"geometry":{"type":"LineString","coordinates":[[-595238.14,-1159174.23,214.54],[-595230.23,-1159164.4,214.47],[-595221.13,-1159155.82,214.41]]}},{"type":"Feature","id":"64002050000007099","properties":{"id":"64002050000007099","dmvs_type":"0100000021","track_ref":"","popis_objektu":"","year_surveyed":"9999","position_accuracy_class":"9","height_accuracy_class":"9","source_file":"VS_CZ064_MOMC_551252_20260731_DI.jvf.zip"},"geometry":{"type":"LineString","coordinates":[[-595158.03,-1159229.04,214.11],[-595147.98,-1159228.9,214.04]]}},{"type":"Feature","id":"64002050000007160","properties":{"id":"64002050000007160","dmvs_type":"0100000021","track_ref":"","popis_objektu":"","year_surveyed":"1980","position_accuracy_class":"9","height_accuracy_class":"9","source_file":"VS_CZ064_MOMC_551252_20260731_DI.jvf.zip"},"geometry":{"type":"LineString","coordinates":[[-595242.38,-1159197.47,214.61],[-595231.63,-1159190.86,214.57],[-595220.78,-1159184.19,214.54]]}},{"type":"Feature","id":"64002050000007177","properties":{"id":"64002050000007177","dmvs_type":"0100000021","track_ref":"","popis_objektu":"","year_surveyed":"9999","position_accuracy_class":"9","height_accuracy_class":"9","source_file":"VS_CZ064_MOMC_551252_20260731_DI.jvf.zip"},"geometry":{"type":"LineString","coordinates":[[-595173.04,-1159054.45,215.01],[-595158.23,-1159036.58,215.06]]}},{"type":"Feature","id":"64002050000007187","properties":{"id":"64002050000007187","dmvs_type":"0100000021","track_ref":"","popis_objektu":"","year_surveyed":"1988","position_accuracy_class":"9","height_accuracy_class":"9","source_file":"VS_CZ064_MOMC_551252_20260731_DI.jvf.zip"},"geometry":{"type":"LineString","coordinates":[[-594752.61,-1158549.17,216.25],[-594749.87,-1158535.82,216.25],[-594747.65,-1158522.25,216.25]]}},{"type":"Feature","id":"64002050000007393","properties":{"id":"64002050000007393","dmvs_type":"0100000021","track_ref":"556","popis_objektu":"kolej č. 556","year_surveyed":"0","position_accuracy_class":"9","height_accuracy_class":"9","source_file":"VS_CZ064_MOMC_551252_20260731_DI.jvf.zip"},"geometry":{"type":"LineString","coordinates":[[-594897.13,-1159049.69,0.0],[-594878.78,-1159022.56,0.0],[-594878.78,-1159022.56,0.0],[-594869.39,-1159010.44,0.0],[-594860.69,-1158999.78,0.0],[-594851.39,-1158991.03,0.0]]}},{"type":"Feature","id":"64002050000007394","properties":{"id":"64002050000007394","dmvs_type":"0100000021","track_ref":"506","popis_objektu":"kolej č. 506","year_surveyed":"0","position_accuracy_class":"9","height_accuracy_class":"9","source_file":"VS_CZ064_MOMC_551252_20260731_DI.jvf.zip"},"geometry":{"type":"LineString","coordinates":[[-594882.38,-1159021.79,0.0],[-594871.54,-1158988.6,0.0],[-594860.57,-1158963.01,0.0],[-594844.93,-1158928.96,0.0],[-594809.64,-1158851.76,0.0],[-594797.65,-1158824.34,0.0]]}},{"type":"Feature","id":"64002050000007398","properties":{"id":"64002050000007398","dmvs_type":"0100000021","track_ref":"534","popis_objektu":"kolej č. 534","year_surveyed":"0","position_accuracy_class":"9","height_accuracy_class":"9","source_file":"VS_CZ064_MOMC_551252_20260731_DI.jvf.zip"},"geometry":{"type":"LineString","coordinates":[[-594941.89,-1159127.45,0.0],[-594939.81,-1159125.36,0.0],[-594934.33,-1159119.88,0.0],[-594931.47,-1159117.08,0.0],[-594929.91,-1159115.56,0.0],[-594929.63,-1159115.29,0.0],[-594927.41,-1159113.13,0.0],[-594922.92,-1159108.76,0.0],[-594917.22,-1159103.2,0.0],[-594912.07,-1159098.18,0.0],[-594901.72,-1159088.07,0.0],[-594896.06,-1159082.54,0.0],[-594890.11,-1159076.72,0.0],[-594885.25,-1159071.98,0.0],[-594880.83,-1159067.69,0.0],[-594876.06,-1159063.03,0.0],[-594871.25,-1159058.34,0.0],[-594871.09,-1159058.19,0.0],[-594870.99,-1159058.09,0.0],[-594846.33,-1159034.08,0.0],[-594845.95,-1159033.71,0.0],[-594845.95,-1159033.71,0.0],[-594818.8,-1159007.36,0.0],[-594818.8,-1159007.36,0.0],[-594801.31,-1158989.71,0.0],[-594785.79,-1158971.84,0.0],[-594759.54,-1158935.02,0.0],[-594718.12,-1158873.53,0.0]]}},{"type":"Feature","id":"64002050000007410","properties":{"id":"64002050000007410","dmvs_type":"0100000021","track_ref":"508","popis_objektu":"kolej č. 508","year_surveyed":"0","position_accuracy_class":"9","height_accuracy_class":"9","source_file":"VS_CZ064_MOMC_551252_20260731_DI.jvf.zip"},"geometry":{"type":"LineString","coordinates":[[-594782.71,-1158800.13,0.0],[-594795.85,-1158839.78,0.0],[-594808.05,-1158876.93,0.0],[-594812.28,-1158890.47,0.0],[-594812.28,-1158890.47,0.0],[-594818.75,-1158904.93,0.0],[-594831.97,-1158932.47,0.0],[-594853.16,-1158969.64,0.0],[-594857.62,-1158978.96,0.0],[-594862.39,-1158990.61,0.0],[-594866.94,-1159000.59,0.0],[-594878.78,-1159022.56,0.0]]}},{"type":"Feature","id":"64002050000007412","properties":{"id":"64002050000007412","dmvs_type":"0100000021","track_ref":"512","popis_objektu":"kolej č. 512","year_surveyed":"0","position_accuracy_class":"9","height_accuracy_class":"9","source_file":"VS_CZ064_MOMC_551252_20260731_DI.jvf.zip"},"geometry":{"type":"LineString","coordinates":[[-594707.69,-1158685.32,0.0],[-594671.26,-1158600.33,0.0],[-594665.63,-1158583.43,0.0],[-594663.53,-1158576.54,0.0],[-594662.36,-1158570.49,0.0],[-594660.43,-1158561.81,0.0],[-594658.7,-1158551.72,0.0],[-594655.32,-1158528.38,0.0],[-594652.85,-1158512.22,0.0],[-594652.85,-1158512.22,0.0],[-594650.31,-1158498.26,0.0],[-594648.38,-1158482.98,0.0]]}},{"type":"Feature","id":"64002050000007414","properties":{"id":"64002050000007414","dmvs_type":"0100000021","track_ref":"514","popis_objektu":"kolej č. 514","year_surveyed":"0","position_accuracy_class":"9","height_accuracy_class":"9","source_file":"VS_CZ064_MOMC_551252_20260731_DI.jvf.zip"},"geometry":{"type":"LineString","coordinates":[[-594696.72,-1158689.67,0.0],[-594672.03,-1158633.57,0.0],[-594653.97,-1158586.41,0.0],[-594646.88,-1158556.64,0.0],[-594641.55,-1158480.36,0.0]]}},{"type":"Feature","id":"64002050000007419","properties":{"id":"64002050000007419","dmvs_type":"0100000021","track_ref":"531","popis_objektu":"kolej č. 531","year_surveyed":"0","position_accuracy_class":"9","height_accuracy_class":"9","source_file":"VS_CZ064_MOMC_551252_20260731_DI.jvf.zip"},"geometry":{"type":"LineString","coordinates":[[-594742.83,-1158846.14,0.0],[-594731.61,-1158832.11,0.0],[-594722.28,-1158818.9,0.0],[-594714.33,-1158805.22,0.0],[-594680.91,-1158731.11,0.0]]}},{"type":"Feature","id":"64002050000007420","properties":{"id":"64002050000007420","dmvs_type":"0100000021","track_ref":"531","popis_objektu":"kolej č. 531","year_surveyed":"0","position_accuracy_class":"9","height_accuracy_class":"9","source_file":"VS_CZ064_MOMC_551252_20260731_DI.jvf.zip"},"geometry":{"type":"LineString","coordinates":[[-594667.87,-1158703.16,0.0],[-594638.12,-1158638.06,0.0],[-594632.12,-1158620.81,0.0]]}},{"type":"Feature","id":"64002050000007427","properties":{"id":"64002050000007427","dmvs_type":"0100000021","track_ref":"541","popis_objektu":"kolej č. 541","year_surveyed":"0","position_accuracy_class":"9","height_accuracy_class":"9","source_file":"VS_CZ064_MOMC_551252_20260731_DI.jvf.zip"},"geometry":{"type":"LineString","coordinates":[[-594707.94,-1158575.93,0.0],[-594701.22,-1158553.45,0.0],[-594696.62,-1158531.86,0.0],[-594696.62,-1158531.86,0.0],[-594689.95,-1158493.64,0.0],[-594689.95,-1158493.64,0.0],[-594675.62,-1158451.01,0.0],[-594671.7,-1158435.88,0.0],[-594669.23,-1158423.65,0.0],[-594667.62,-1158413.28,0.0],[-594666.34,-1158398.16,0.0],[-594666.59,-1158375.67,0.0],[-594672.31,-1158300.03,0.0],[-594672.74,-1158290.72,0.0],[-594672.88,-1158279.05,0.0],[-594673.55,-1158232.13,0.0],[-594673.55,-1158232.13,0.0],[-594673.43,-1158206.39,0.0]]}},{"type":"Feature","id":"64002050000007429","properties":{"id":"64002050000007429","dmvs_type":"0100000021","track_ref":"504","popis_objektu":"kolej č. 504","year_surveyed":"0","position_accuracy_class":"9","height_accuracy_class":"9","source_file":"VS_CZ064_MOMC_551252_20260731_DI.jvf.zip"},"geometry":{"type":"LineString","coordinates":[[-594806.31,-1158819.91,0.0],[-594835.77,-1158884.21,0.0],[-594873.71,-1158967.31,0.0],[-594882.43,-1158989.06,0.0],[-594889.62,-1159010.62,0.0],[-594902.94,-1159054.91,0.0]]}},{"type":"Feature","id":"64002050000007432","properties":{"id":"64002050000007432","dmvs_type":"0100000021","track_ref":"551","popis_objektu":"kolej č. 551","year_surveyed":"0","position_accuracy_class":"9","height_accuracy_class":"9","source_file":"VS_CZ064_MOMC_551252_20260731_DI.jvf.zip"},"geometry":{"type":"LineString","coordinates":[[-595122.86,-1159226.91,0.0],[-595118.31,-1159226.25,0.0],[-595112.26,-1159225.38,0.0],[-595107.54,-1159224.66,0.0],[-595101.24,-1159223.5,0.0],[-595095.92,-1159222.42,0.0],[-595090.83,-1159221.22,0.0],[-595083.9,-1159219.38,0.0],[-595077.52,-1159217.43,0.0],[-595072.5,-1159215.74,0.0],[-595069.58,-1159214.67,0.0],[-595065.31,-1159213.0,0.0],[-595059.47,-1159210.52,0.0],[-595054.64,-1159208.26,0.0],[-595048.64,-1159205.26,0.0],[-595042.82,-1159202.12,0.0],[-595037.37,-1159198.99,0.0],[-595028.65,-1159193.81,0.0],[-595028.65,-1159193.81,0.0],[-595021.79,-1159188.63,0.0],[-595017.63,-1159185.56,0.0],[-595013.54,-1159182.21,0.0],[-595008.59,-1159177.92,0.0],[-595004.15,-1159173.86,0.0],[-594998.64,-1159168.52,0.0],[-594994.0,-1159163.79,0.0],[-594989.47,-1159158.87,0.0],[-594984.96,-1159153.46,0.0],[-594981.82,-1159149.26,0.0],[-594978.85,-1159144.95,0.0],[-594976.0,-1159140.49,0.0],[-594973.23,-1159136.03,0.0],[-594972.87,-1159135.44,0.0],[-594972.53,-1159134.88,0.0],[-594972.18,-1159134.32,0.0],[-594970.65,-1159131.82,0.0],[-594968.43,-1159128.2,0.0],[-594964.56,-1159121.91,0.0]]}},{"type":"Feature","id":"64002050000007441","properties":{"id":"64002050000007441","dmvs_type":"0100000021","track_ref":"500","popis_objektu":"kolej č. 500","year_surveyed":"0","position_accuracy_class":"9","height_accuracy_class":"9","source_file":"VS_CZ064_MOMC_551252_20260731_DI.jvf.zip"},"geometry":{"type":"LineString","coordinates":[[-594807.84,-1158768.32,0.0],[-594733.81,-1158605.96,0.0]]}},{"type":"Feature","id":"64002050000007502","properties":{"id":"64002050000007502","dmvs_type":"0100000021","track_ref":"","popis_objektu":"","year_surveyed":"2022","position_accuracy_class":"5","height_accuracy_class":"9","source_file":"VS_CZ064_MOMC_551252_20260731_DI.jvf.zip"},"geometry":{"type":"LineString","coordinates":[[-595060.51,-1157878.25,0.0],[-595025.64,-1157768.33,0.0],[-595020.82,-1157755.34,0.0],[-595015.05,-1157743.35,0.0],[-595007.25,-1157730.56,0.0],[-594999.55,-1157720.25,0.0],[-594992.7,-1157712.56,0.0],[-594985.85,-1157704.88,0.0],[-594969.68,-1157690.5,0.0],[-594950.21,-1157676.93,0.0],[-594939.57,-1157670.77,0.0],[-594928.03,-1157665.5,0.0],[-594915.98,-1157660.7,0.0],[-594905.67,-1157657.49,0.0],[-594817.47,-1157634.01,0.0],[-594729.28,-1157610.54,0.0],[-594709.78,-1157606.3,0.0],[-594674.92,-1157601.58,0.0]]}},{"type":"Feature","id":"64002050000007503","properties":{"id":"64002050000007503","dmvs_type":"0100000021","track_ref":"","popis_objektu":"","year_surveyed":"2022","position_accuracy_class":"5","height_accuracy_class":"9","source_file":"VS_CZ064_MOMC_551252_20260731_DI.jvf.zip"},"geometry":{"type":"LineString","coordinates":[[-594704.1,-1157607.54,0.0],[-594696.37,-1157605.65,0.0],[-594674.92,-1157601.58,0.0]]}},{"type":"Feature","id":"64002050000000071","properties":{"id":"64002050000000071","dmvs_type":"0100000021","track_ref":"","popis_objektu":"","year_surveyed":"1982","position_accuracy_class":"9","height_accuracy_class":"9","source_file":"VS_CZ064_MOMC_551252_20260731_DI.jvf.zip"},"geometry":{"type":"LineString","coordinates":[[-594703.4,-1157939.69,220.63],[-594703.25,-1157939.17,220.63],[-594700.61,-1157929.53,220.74],[-594698.08,-1157919.85,220.85],[-594695.68,-1157910.15,220.95],[-594693.4,-1157900.41,221.06],[-594693.17,-1157899.39,221.07]]}},{"type":"Feature","id":"64002050000000141","properties":{"id":"64002050000000141","dmvs_type":"0100000021","track_ref":"","popis_objektu":"","year_surveyed":"2015","position_accuracy_class":"9","height_accuracy_class":"9","source_file":"VS_CZ064_MOMC_551252_20260731_DI.jvf.zip"},"geometry":{"type":"LineString","coordinates":[[-594634.27,-1157647.81,223.84],[-594632.68,-1157642.9,223.9],[-594629.6,-1157633.39,224.02],[-594626.52,-1157623.88,224.13],[-594623.44,-1157614.36,224.25],[-594620.37,-1157604.85,224.36],[-594617.29,-1157595.33,224.48],[-594614.21,-1157585.82,224.59],[-594611.13,-1157576.3,224.71],[-594608.05,-1157566.79,224.83],[-594604.97,-1157557.27,224.95],[-594602.42,-1157549.4,225.05],[-594601.6,-1157546.87,225.08],[-594598.4,-1157536.94,225.2],[-594595.29,-1157527.22,225.33],[-594591.95,-1157516.48,225.46],[-594588.76,-1157505.93,225.59],[-594587.06,-1157500.02,225.67],[-594585.81,-1157495.68,225.72],[-594582.89,-1157484.92,225.87],[-594580.08,-1157473.73,226.01],[-594577.73,-1157463.39,226.14],[-594575.57,-1157452.65,226.27],[-594573.39,-1157440.06,226.43],[-594572.82,-1157436.19,226.48],[-594571.9,-1157429.27,226.56],[-594570.87,-1157419.82,226.69],[-594570.05,-1157409.81,226.81],[-594569.87,-1157406.37,226.84],[-594569.53,-1157400.05,226.92],[-594569.28,-1157390.33,227.02],[-594569.31,-1157379.71,227.13],[-594569.67,-1157368.99,227.25],[-594570.32,-1157358.66,227.36],[-594571.01,-1157351.24,227.44],[-594571.31,-1157348.01,227.47],[-594572.6,-1157337.62,227.59],[-594574.33,-1157326.47,227.7],[-594576.32,-1157315.91,227.82],[-594577.51,-1157310.34,227.87],[-594578.45,-1157306.16,227.93],[-594579.93,-1157300.11,227.99],[-594582.48,-1157290.58,228.1],[-594583.6,-1157286.71,228.15],[-594584.28,-1157284.43,228.17],[-594585.21,-1157281.47,228.21],[-594586.54,-1157277.24,228.26],[-594587.55,-1157274.18,228.29],[-594591.18,-1157263.94,228.41],[-594595.28,-1157253.42,228.53],[-594599.67,-1157243.18,228.66],[-594604.09,-1157233.68,228.78],[-594608.91,-1157224.09,228.9],[-594613.98,-1157214.72,229.02],[-594619.37,-1157205.46,229.14],[-594625.73,-1157195.32,229.27],[-594632.65,-1157185.1,229.4],[-594638.07,-1157177.58,229.51],[-594644.13,-1157169.65,229.62],[-594650.85,-1157161.39,229.74],[-594657.66,-1157153.51,229.86],[-594657.95,-1157153.18,229.86],[-594661.09,-1157149.76,229.92],[-594665.04,-1157145.48,229.98],[-594672.64,-1157137.71,230.12],[-594680.79,-1157129.89,230.27],[-594688.63,-1157122.83,230.41],[-594696.32,-1157116.31,230.53],[-594704.0,-1157110.15,230.66],[-594711.79,-1157104.26,230.78],[-594720.58,-1157098.02,230.92],[-594729.86,-1157091.86,231.06],[-594739.1,-1157086.13,231.2],[-594748.25,-1157080.85,231.33],[-594758.17,-1157075.52,231.47],[-594767.69,-1157070.81,231.59],[-594768.55,-1157070.39,231.6],[-594778.37,-1157065.91,231.7],[-594788.77,-1157061.57,231.79],[-594798.63,-1157057.8,231.88],[-594808.37,-1157054.41,231.97],[-594818.87,-1157051.11,232.06],[-594829.2,-1157048.21,232.15],[-594838.93,-1157045.79,232.23],[-594850.71,-1157043.25,232.33],[-594854.1,-1157042.6,232.36],[-594864.15,-1157040.86,232.44],[-594874.64,-1157039.38,232.53],[-594885.37,-1157038.2,232.62],[-594893.32,-1157037.53,232.68],[-594895.07,-1157037.43,232.69],[-594903.64,-1157036.94,232.75],[-594913.78,-1157036.66,232.81],[-594923.03,-1157036.7,232.88],[-594935.9,-1157037.07,232.97],[-594944.37,-1157037.57,233.03],[-594955.75,-1157038.5,233.1],[-594967.14,-1157039.71,233.17],[-594976.8,-1157040.94,233.24],[-594989.66,-1157042.76,233.34],[-595000.11,-1157044.46,233.41],[-595010.26,-1157046.27,233.46],[-595013.34,-1157046.87,233.47],[-595021.39,-1157048.45,233.5],[-595027.06,-1157049.63,233.51],[-595035.67,-1157051.54,233.52],[-595048.53,-1157054.61,233.52],[-595058.96,-1157057.32,233.53],[-595069.48,-1157060.22,233.54],[-595079.27,-1157063.1,233.54],[-595089.51,-1157066.29,233.55],[-595100.89,-1157070.06,233.55],[-595111.33,-1157073.73,233.56],[-595120.66,-1157077.17,233.57],[-595130.47,-1157080.96,233.57],[-595141.47,-1157085.44,233.58],[-595146.94,-1157087.75,233.58],[-595157.42,-1157092.36,233.59],[-595167.62,-1157097.05,233.6],[-595177.9,-1157101.99,233.61],[-595188.01,-1157107.07,233.61],[-595194.88,-1157110.68,233.61],[-595197.99,-1157112.31,233.62],[-595208.08,-1157117.83,233.62],[-595217.8,-1157123.38,233.63],[-595227.69,-1157129.25,233.64],[-595237.35,-1157135.22,233.64],[-595247.61,-1157141.81,233.65],[-595255.87,-1157147.32,233.66],[-595263.94,-1157152.89,233.67],[-595264.08,-1157152.99,233.67],[-595272.28,-1157158.83,233.69],[-595282.21,-1157166.2,233.72],[-595288.65,-1157171.08,233.74],[-595297.38,-1157177.93,233.75],[-595306.25,-1157185.05,233.76],[-595315.3,-1157192.44,233.79],[-595324.64,-1157200.14,233.81],[-595328.85,-1157203.64,233.83],[-595342.47,-1157214.92,233.87],[-595350.0,-1157221.16,233.89],[-595357.2,-1157227.13,233.91],[-595365.92,-1157234.36,233.94],[-595375.03,-1157241.9,233.96],[-595383.61,-1157249.01,233.99],[-595392.11,-1157256.04,234.0],[-595400.38,-1157262.91,234.03],[-595408.39,-1157269.55,234.06],[-595416.23,-1157276.04,234.08],[-595424.88,-1157283.22,234.1],[-595433.53,-1157290.39,234.13],[-595442.07,-1157297.47,234.15],[-595450.17,-1157304.17,234.17],[-595458.22,-1157310.84,234.2],[-595466.91,-1157318.04,234.23],[-595476.12,-1157325.67,234.25],[-595478.07,-1157327.29,234.25],[-595484.6,-1157332.7,234.27],[-595493.54,-1157340.11,234.3],[-595501.66,-1157346.84,234.32],[-595507.16,-1157351.4,234.34],[-595510.26,-1157353.96,234.35],[-595519.25,-1157361.4,234.37],[-595528.83,-1157369.33,234.38],[-595537.86,-1157376.81,234.41],[-595546.07,-1157383.61,234.43],[-595554.48,-1157390.58,234.45],[-595562.92,-1157397.57,234.48],[-595571.31,-1157404.52,234.5],[-595579.79,-1157411.55,234.53],[-595587.99,-1157418.35,234.55],[-595596.24,-1157425.19,234.58],[-595604.81,-1157432.29,234.6],[-595611.24,-1157437.62,234.62],[-595615.22,-1157440.93,234.64],[-595618.28,-1157443.45,234.65],[-595625.78,-1157449.67,234.67],[-595632.89,-1157455.56,234.7],[-595641.26,-1157462.5,234.73],[-595649.4,-1157469.24,234.76],[-595659.24,-1157477.39,234.82],[-595664.66,-1157481.88,234.87],[-595671.72,-1157487.77,234.94],[-595680.38,-1157495.05,235.03],[-595688.8,-1157502.27,235.14],[-595697.53,-1157509.96,235.25],[-595706.05,-1157517.72,235.36],[-595714.69,-1157525.96,235.48],[-595722.74,-1157534.05,235.59],[-595729.12,-1157540.84,235.68],[-595737.94,-1157550.76,235.8],[-595744.56,-1157558.76,235.89],[-595750.85,-1157566.85,235.99],[-595754.21,-1157571.44,236.05],[-595757.39,-1157575.79,236.1],[-595763.3,-1157584.42,236.19],[-595768.87,-1157593.09,236.28],[-595774.62,-1157602.7,236.37],[-595779.65,-1157611.69,236.46],[-595784.72,-1157621.46,236.56],[-595789.29,-1157630.96,236.66],[-595794.13,-1157641.93,236.77],[-595796.6,-1157647.96,236.83],[-595800.26,-1157657.51,236.93],[-595803.87,-1157667.86,237.03],[-595807.04,-1157677.94,237.13],[-595809.76,-1157687.55,237.22],[-595811.59,-1157694.71,237.29],[-595813.68,-1157703.79,237.37],[-595815.91,-1157714.94,237.47],[-595817.68,-1157725.23,237.55],[-595819.18,-1157735.32,237.64],[-595820.51,-1157745.59,237.73],[-595821.61,-1157755.3,237.82],[-595822.62,-1157765.37,237.91],[-595823.54,-1157775.61,238.01],[-595824.28,-1157784.31,238.1],[-595825.23,-1157796.07,238.22],[-595825.97,-1157805.27,238.32],[-595826.93,-1157817.26,238.46],[-595828.09,-1157831.8,238.61],[-595828.73,-1157839.7,238.7],[-595829.64,-1157850.69,238.82],[-595830.56,-1157861.08,238.93],[-595831.57,-1157871.47,239.04],[-595832.56,-1157880.62,239.15],[-595833.69,-1157889.88,239.25],[-595835.01,-1157899.4,239.36],[-595836.78,-1157910.54,239.5],[-595837.5,-1157914.63,239.54],[-595839.24,-1157923.68,239.65],[-595840.73,-1157930.46,239.73],[-595843.95,-1157943.71,239.88],[-595846.63,-1157953.26,239.99],[-595847.69,-1157956.68,240.03],[-595849.57,-1157962.71,240.1],[-595851.61,-1157968.64,240.16],[-595853.18,-1157973.2,240.21],[-595857.15,-1157983.68,240.3],[-595861.05,-1157993.08,240.39],[-595865.26,-1158002.47,240.48],[-595869.67,-1158011.57,240.56],[-595874.6,-1158021.03,240.64],[-595879.28,-1158029.42,240.72],[-595884.05,-1158037.46,240.8],[-595888.82,-1158045.04,240.87],[-595894.68,-1158053.8,240.96],[-595900.58,-1158062.1,241.05],[-595906.96,-1158070.53,241.15],[-595913.69,-1158078.89,241.24],[-595920.39,-1158086.72,241.32],[-595925.77,-1158092.7,241.39],[-595932.55,-1158099.84,241.48],[-595939.9,-1158107.16,241.56],[-595947.13,-1158113.96,241.65],[-595955.05,-1158120.98,241.74],[-595963.6,-1158128.12,241.84],[-595966.39,-1158130.35,241.87],[-595972.92,-1158135.39,241.94],[-595980.09,-1158140.65,242.01],[-595987.62,-1158145.88,242.09],[-595996.42,-1158151.65,242.18],[-596004.69,-1158156.73,242.27],[-596013.68,-1158161.91,242.35],[-596023.11,-1158166.98,242.44],[-596031.67,-1158171.27,242.53],[-596042.0,-1158176.06,242.62],[-596050.68,-1158179.78,242.7],[-596058.84,-1158183.03,242.77],[-596066.79,-1158185.98,242.85],[-596076.87,-1158189.41,242.94],[-596087.06,-1158192.53,243.03],[-596090.62,-1158193.51,243.07],[-596097.44,-1158195.38,243.14],[-596106.81,-1158197.66,243.24],[-596116.06,-1158199.64,243.33],[-596126.31,-1158201.54,243.44],[-596136.29,-1158203.1,243.54],[-596146.12,-1158204.34,243.65],[-596155.74,-1158205.29,243.75],[-596165.96,-1158206.01,243.86],[-596175.94,-1158206.43,243.96],[-596187.07,-1158206.56,244.08],[-596191.64,-1158206.51,244.12],[-596200.48,-1158206.26,244.22],[-596210.6,-1158205.69,244.32],[-596220.8,-1158204.82,244.43],[-596231.59,-1158203.57,244.54],[-596242.7,-1158201.94,244.66],[-596254.01,-1158199.9,244.78],[-596263.77,-1158197.84,244.88],[-596273.63,-1158195.45,244.98],[-596283.37,-1158192.81,245.09],[-596292.64,-1158190.02,245.18],[-596302.8,-1158186.64,245.27],[-596312.31,-1158183.15,245.36],[-596324.39,-1158178.23,245.45],[-596332.49,-1158174.68,245.51],[-596341.67,-1158170.36,245.56],[-596349.06,-1158166.66,245.6],[-596351.36,-1158165.51,245.62],[-596360.74,-1158160.56,245.66],[-596369.71,-1158155.64,245.7],[-596379.74,-1158149.93,245.74],[-596389.62,-1158144.14,245.78],[-596398.87,-1158138.62,245.81],[-596412.19,-1158130.57,245.86],[-596418.11,-1158126.99,245.88],[-596428.47,-1158120.71,245.91],[-596436.65,-1158115.75,245.94],[-596445.59,-1158110.34,245.97],[-596454.85,-1158104.72,246.0],[-596460.57,-1158101.26,246.02],[-596464.54,-1158098.86,246.03],[-596468.22,-1158096.63,246.04],[-596476.97,-1158091.33,246.07],[-596482.68,-1158087.88,246.08],[-596485.51,-1158086.17,246.08],[-596494.49,-1158080.73,246.09],[-596503.69,-1158075.16,246.1],[-596513.01,-1158069.52,246.11],[-596522.06,-1158064.04,246.11],[-596531.02,-1158058.61,246.12],[-596540.58,-1158052.83,246.12],[-596548.6,-1158047.97,246.13],[-596556.63,-1158043.12,246.14],[-596563.04,-1158039.23,246.14],[-596565.17,-1158037.94,246.14],[-596574.43,-1158032.34,246.13],[-596583.57,-1158026.81,246.14],[-596592.31,-1158021.51,246.15],[-596601.13,-1158016.17,246.14],[-596609.69,-1158010.99,246.13],[-596612.8,-1158009.11,246.13],[-596612.89,-1158009.05,246.13],[-596620.47,-1158004.46,246.11],[-596630.02,-1157998.69,246.08],[-596639.33,-1157993.05,246.04],[-596649.1,-1157987.13,246.01],[-596658.43,-1157981.48,245.98],[-596668.16,-1157975.59,245.96],[-596673.57,-1157972.32,245.94],[-596684.46,-1157965.72,245.91],[-596692.89,-1157960.62,245.89],[-596702.68,-1157954.7,245.85],[-596712.0,-1157949.05,245.82],[-596721.44,-1157943.34,245.79],[-596730.76,-1157937.69,245.76],[-596740.49,-1157931.8,245.72],[-596749.44,-1157926.38,245.7],[-596759.66,-1157920.19,245.67],[-596769.25,-1157914.39,245.63],[-596778.8,-1157908.6,245.57],[-596781.92,-1157906.71,245.54],[-596786.92,-1157903.68,245.5],[-596793.7,-1157899.58,245.42],[-596799.87,-1157895.84,245.35],[-596808.57,-1157890.58,245.22],[-596818.41,-1157884.62,245.08],[-596829.34,-1157878.0,244.91],[-596837.4,-1157873.12,244.79],[-596845.76,-1157868.06,244.66],[-596855.11,-1157862.4,244.52],[-596864.42,-1157856.76,244.38],[-596873.68,-1157851.16,244.25],[-596882.62,-1157845.75,244.12],[-596892.13,-1157840.0,243.97],[-596901.69,-1157834.2,243.84],[-596911.77,-1157828.1,243.69],[-596916.62,-1157825.16,243.62],[-596925.72,-1157819.65,243.48],[-596934.67,-1157814.23,243.35],[-596944.31,-1157808.39,243.21],[-596953.63,-1157802.75,243.08],[-596963.48,-1157796.78,242.93],[-596965.83,-1157795.35,242.89],[-596973.02,-1157791.0,242.79],[-596982.42,-1157785.31,242.65],[-596992.24,-1157779.36,242.51],[-597001.55,-1157773.72,242.37],[-597011.3,-1157767.82,242.23],[-597020.62,-1157762.17,242.09],[-597030.05,-1157756.46,241.96],[-597030.26,-1157756.34,241.96],[-597036.93,-1157752.3,241.86],[-597044.18,-1157747.91,241.76],[-597049.31,-1157744.8,241.68],[-597053.7,-1157742.14,241.61],[-597063.32,-1157736.32,241.46],[-597072.7,-1157730.64,241.32],[-597081.44,-1157725.35,241.18],[-597090.13,-1157720.09,241.04],[-597099.66,-1157714.31,240.89],[-597109.47,-1157708.37,240.74],[-597119.01,-1157702.59,240.6],[-597128.48,-1157696.86,240.45],[-597138.12,-1157691.02,240.3],[-597146.83,-1157685.75,240.16],[-597157.13,-1157679.52,240.0],[-597166.46,-1157673.87,239.86],[-597175.97,-1157668.11,239.71],[-597185.38,-1157662.41,239.57],[-597195.54,-1157656.26,239.41],[-597205.14,-1157650.45,239.26],[-597214.89,-1157644.54,239.1],[-597224.12,-1157638.95,238.96],[-597233.46,-1157633.3,238.82],[-597243.07,-1157627.48,238.67],[-597251.68,-1157622.27,238.53],[-597261.04,-1157616.6,238.39],[-597270.11,-1157611.11,238.25],[-597276.65,-1157607.15,238.15],[-597284.88,-1157602.16,238.02],[-597293.18,-1157597.14,237.89],[-597302.05,-1157591.77,237.75],[-597311.58,-1157586.0,237.6],[-597318.82,-1157581.62,237.49],[-597330.26,-1157574.69,237.31],[-597336.98,-1157570.62,237.21],[-597348.58,-1157563.59,237.02],[-597351.27,-1157561.96,236.99],[-597358.74,-1157557.43,236.88],[-597368.2,-1157551.71,236.76],[-597377.37,-1157546.14,236.64],[-597386.69,-1157540.51,236.51],[-597396.32,-1157534.67,236.38],[-597401.88,-1157531.3,236.31],[-597410.64,-1157525.99,236.19],[-597419.75,-1157520.47,236.07],[-597428.91,-1157514.92,235.95],[-597438.97,-1157508.83,235.81],[-597448.59,-1157503.0,235.69],[-597457.63,-1157497.53,235.56],[-597467.59,-1157491.49,235.43],[-597476.8,-1157485.92,235.31],[-597486.58,-1157479.99,235.18],[-597495.77,-1157474.42,235.05],[-597505.07,-1157468.79,234.93],[-597513.59,-1157463.62,234.81],[-597520.69,-1157459.32,234.72],[-597522.83,-1157458.02,234.69],[-597526.3,-1157455.93,234.64],[-597534.94,-1157450.69,234.53],[-597543.76,-1157445.35,234.42],[-597550.55,-1157441.23,234.36],[-597552.64,-1157439.97,234.35],[-597553.97,-1157439.16,234.33],[-597562.74,-1157433.85,234.26],[-597571.66,-1157428.45,234.2],[-597581.0,-1157422.79,234.15],[-597590.27,-1157417.17,234.1],[-597598.69,-1157412.07,234.05],[-597608.24,-1157406.28,233.99],[-597616.86,-1157401.06,233.95],[-597625.23,-1157395.99,233.9],[-597633.38,-1157391.05,233.85],[-597647.86,-1157382.29,233.78],[-597652.99,-1157379.18,233.75],[-597661.46,-1157374.07,233.7],[-597669.02,-1157369.5,233.66],[-597677.39,-1157364.44,233.61],[-597685.59,-1157359.5,233.56],[-597689.89,-1157356.89,233.54],[-597695.99,-1157353.21,233.5],[-597702.3,-1157349.42,233.46],[-597712.61,-1157343.2,233.41],[-597719.03,-1157339.33,233.38],[-597727.91,-1157333.99,233.34],[-597736.17,-1157329.1,233.29],[-597744.49,-1157324.25,233.25],[-597752.77,-1157319.53,233.21],[-597761.54,-1157314.69,233.17],[-597769.72,-1157310.34,233.13],[-597782.01,-1157304.16,233.07],[-597786.72,-1157301.88,233.04],[-597795.63,-1157297.79,233.0],[-597805.02,-1157293.75,232.96],[-597814.46,-1157289.93,232.91],[-597823.7,-1157286.44,232.88],[-597832.82,-1157283.23,232.84],[-597842.08,-1157280.19,232.8],[-597851.47,-1157277.37,232.75],[-597863.57,-1157273.98,232.66],[-597873.78,-1157271.39,232.59],[-597883.46,-1157269.1,232.51],[-597893.27,-1157266.91,232.44],[-597903.84,-1157264.68,232.35],[-597915.3,-1157262.35,232.26],[-597928.09,-1157259.81,232.15],[-597935.03,-1157258.44,232.1],[-597945.21,-1157256.42,232.02],[-597955.01,-1157254.49,231.94],[-597965.1,-1157252.49,231.86],[-597974.73,-1157250.59,231.78],[-597984.75,-1157248.61,231.71],[-597994.03,-1157246.78,231.64],[-597998.1,-1157245.97,231.6],[-598003.72,-1157244.86,231.54],[-598013.21,-1157242.99,231.44],[-598022.7,-1157241.12,231.33],[-598032.09,-1157239.26,231.24],[-598041.6,-1157237.39,231.13],[-598048.19,-1157236.08,231.06],[-598059.56,-1157233.84,230.94],[-598069.91,-1157231.8,230.83],[-598079.66,-1157229.87,230.73],[-598089.45,-1157227.94,230.62],[-598101.45,-1157225.58,230.49],[-598109.56,-1157223.97,230.41],[-598119.71,-1157221.94,230.3],[-598129.49,-1157219.9,230.2],[-598139.42,-1157217.74,230.09],[-598148.82,-1157215.55,229.99],[-598150.58,-1157215.11,229.97],[-598158.8,-1157213.05,229.88],[-598168.46,-1157210.41,229.78],[-598179.44,-1157207.08,229.66],[-598188.3,-1157204.16,229.56],[-598194.52,-1157201.94,229.5],[-598203.89,-1157198.35,229.39],[-598213.04,-1157194.54,229.29],[-598225.46,-1157188.89,229.14],[-598234.18,-1157184.58,229.04],[-598243.69,-1157179.53,228.93],[-598253.1,-1157174.17,228.82],[-598261.5,-1157169.04,228.71],[-598269.27,-1157164.01,228.61],[-598277.87,-1157158.11,228.5],[-598285.86,-1157152.28,228.4],[-598294.08,-1157145.91,228.29],[-598302.3,-1157139.16,228.18],[-598309.23,-1157133.13,228.08],[-598316.23,-1157126.72,227.98],[-598323.95,-1157119.22,227.87],[-598331.37,-1157111.57,227.76],[-598338.12,-1157104.2,227.65],[-598344.9,-1157096.34,227.55],[-598351.5,-1157088.25,227.44],[-598358.33,-1157079.33,227.32],[-598366.3,-1157068.06,227.18],[-598370.32,-1157062.09,227.1],[-598375.69,-1157053.66,227.0],[-598381.0,-1157044.86,226.89],[-598385.87,-1157036.41,226.78],[-598390.82,-1157027.46,226.66],[-598396.07,-1157017.62,226.55],[-598398.53,-1157012.88,226.52],[-598404.51,-1157001.18,226.44],[-598407.72,-1156994.7,226.43],[-598408.46,-1156993.21,226.42],[-598408.68,-1156992.72,226.39]]}},{"type":"Feature","id":"64002050000000315","properties":{"id":"64002050000000315","dmvs_type":"0100000021","track_ref":"","popis_objektu":"","year_surveyed":"2008","position_accuracy_class":"9","height_accuracy_class":"9","source_file":"VS_CZ064_MOMC_551252_20260731_DI.jvf.zip"},"geometry":{"type":"LineString","coordinates":[[-594677.11,-1157832.47,221.8],[-594675.5,-1157815.94,221.98],[-594673.89,-1157799.4,222.15]]}},{"type":"Feature","id":"64002050000000572","properties":{"id":"64002050000000572","dmvs_type":"0100000021","track_ref":"","popis_objektu":"","year_surveyed":"1982","position_accuracy_class":"9","height_accuracy_class":"9","source_file":"VS_CZ064_MOMC_551252_20260731_DI.jvf.zip"},"geometry":{"type":"LineString","coordinates":[[-594655.61,-1157713.77,223.08],[-594654.23,-1157709.5,223.13],[-594651.15,-1157699.99,223.23],[-594648.07,-1157690.48,223.34],[-594645.36,-1157682.1,223.43]]}},{"type":"Feature","id":"64002050000000609","properties":{"id":"64002050000000609","dmvs_type":"0100000021","track_ref":"","popis_objektu":"","year_surveyed":"1982","position_accuracy_class":"9","height_accuracy_class":"9","source_file":"VS_CZ064_MOMC_551252_20260731_DI.jvf.zip"},"geometry":{"type":"LineString","coordinates":[[-594668.41,-1157753.35,222.64],[-594666.54,-1157747.56,222.7],[-594663.46,-1157738.05,222.81],[-594660.39,-1157728.53,222.91],[-594657.31,-1157719.02,223.02],[-594655.61,-1157713.77,223.08]]}},{"type":"Feature","id":"64002050000000801","properties":{"id":"64002050000000801","dmvs_type":"0100000021","track_ref":"","popis_objektu":"","year_surveyed":"1983","position_accuracy_class":"9","height_accuracy_class":"9","source_file":"VS_CZ064_MOMC_551252_20260731_DI.jvf.zip"},"geometry":{"type":"LineString","coordinates":[[-595179.95,-1159202.11,214.23],[-595168.28,-1159197.33,214.26],[-595156.56,-1159192.53,214.29]]}},{"type":"Feature","id":"64002050000000806","properties":{"id":"64002050000000806","dmvs_type":"0100000021","track_ref":"","popis_objektu":"","year_surveyed":"1983","position_accuracy_class":"9","height_accuracy_class":"9","source_file":"VS_CZ064_MOMC_551252_20260731_DI.jvf.zip"},"geometry":{"type":"LineString","coordinates":[[-595200.36,-1159233.29,214.32],[-595194.57,-1159232.5,214.34],[-595185.1,-1159231.3,214.3],[-595179.12,-1159230.54,214.32]]}},{"type":"Feature","id":"64002050000000910","properties":{"id":"64002050000000910","dmvs_type":"0100000021","track_ref":"","popis_objektu":"","year_surveyed":"1988","position_accuracy_class":"9","height_accuracy_class":"9","source_file":"VS_CZ064_MOMC_551252_20260731_DI.jvf.zip"},"geometry":{"type":"LineString","coordinates":[[-594757.16,-1158572.65,215.81],[-594755.9,-1158565.52,215.78],[-594754.05,-1158556.14,215.85],[-594752.61,-1158549.17,215.81]]}},{"type":"Feature","id":"64002050000001127","properties":{"id":"64002050000001127","dmvs_type":"0100000021","track_ref":"","popis_objektu":"","year_surveyed":"1984","position_accuracy_class":"9","height_accuracy_class":"9","source_file":"VS_CZ064_MOMC_551252_20260731_DI.jvf.zip"},"geometry":{"type":"LineString","coordinates":[[-594773.87,-1158274.61,216.82],[-594770.28,-1158264.71,216.82],[-594767.79,-1158254.35,216.82]]}},{"type":"Feature","id":"64002050000001170","properties":{"id":"64002050000001170","dmvs_type":"0100000021","track_ref":"","popis_objektu":"","year_surveyed":"2003","position_accuracy_class":"9","height_accuracy_class":"9","source_file":"VS_CZ064_MOMC_551252_20260731_DI.jvf.zip"},"geometry":{"type":"LineString","coordinates":[[-595225.17,-1159085.08,214.99],[-595217.29,-1159070.42,215.0],[-595209.45,-1159055.74,215.02]]}},{"type":"Feature","id":"64002050000001175","properties":{"id":"64002050000001175","dmvs_type":"0100000021","track_ref":"","popis_objektu":"","year_surveyed":"1990","position_accuracy_class":"9","height_accuracy_class":"9","source_file":"VS_CZ064_MOMC_551252_20260731_DI.jvf.zip"},"geometry":{"type":"LineString","coordinates":[[-595258.3,-1159271.98,209.21],[-595247.93,-1159270.16,209.35],[-595232.03,-1159265.48,209.5]]}},{"type":"Feature","id":"64002050000001205","properties":{"id":"64002050000001205","dmvs_type":"0100000021","track_ref":"","popis_objektu":"","year_surveyed":"1987","position_accuracy_class":"9","height_accuracy_class":"9","source_file":"VS_CZ064_MOMC_551252_20260731_DI.jvf.zip"},"geometry":{"type":"LineString","coordinates":[[-594569.95,-1157707.08,221.06],[-594566.07,-1157704.73,221.06]]}},{"type":"Feature","id":"64002050000001232","properties":{"id":"64002050000001232","dmvs_type":"0100000021","track_ref":"","popis_objektu":"","year_surveyed":"9999","position_accuracy_class":"9","height_accuracy_class":"9","source_file":"VS_CZ064_MOMC_551252_20260731_DI.jvf.zip"},"geometry":{"type":"LineString","coordinates":[[-594733.34,-1158426.32,217.18],[-594733.27,-1158401.98,217.42],[-594733.06,-1158378.13,217.72],[-594732.11,-1158288.72,218.31],[-594731.9,-1158277.58,218.09],[-594731.19,-1158263.25,218.09],[-594730.21,-1158253.16,218.63],[-594728.3,-1158241.47,218.09],[-594725.75,-1158231.11,218.74],[-594724.33,-1158226.2,218.68]]}},{"type":"Feature","id":"64002050000001244","properties":{"id":"64002050000001244","dmvs_type":"0100000021","track_ref":"","popis_objektu":"","year_surveyed":"1987","position_accuracy_class":"9","height_accuracy_class":"9","source_file":"VS_CZ064_MOMC_551252_20260731_DI.jvf.zip"},"geometry":{"type":"LineString","coordinates":[[-595256.92,-1159136.05,215.13],[-595252.51,-1159129.68,215.13],[-595245.31,-1159119.42,215.13]]}},{"type":"Feature","id":"64002050000001285","properties":{"id":"64002050000001285","dmvs_type":"0100000021","track_ref":"","popis_objektu":"","year_surveyed":"9999","position_accuracy_class":"9","height_accuracy_class":"9","source_file":"VS_CZ064_MOMC_551252_20260731_DI.jvf.zip"},"geometry":{"type":"LineString","coordinates":[[-595254.17,-1159151.9,215.07],[-595246.12,-1159143.12,215.09],[-595240.1,-1159135.9,215.08],[-595236.57,-1159131.78,215.04],[-595219.99,-1159111.24,215.07],[-595205.65,-1159093.8,215.0],[-595189.23,-1159073.77,214.9]]}},{"type":"Feature","id":"64002050000001293","properties":{"id":"64002050000001293","dmvs_type":"0100000021","track_ref":"","popis_objektu":"","year_surveyed":"9999","position_accuracy_class":"9","height_accuracy_class":"9","source_file":"VS_CZ064_MOMC_551252_20260731_DI.jvf.zip"},"geometry":{"type":"LineString","coordinates":[[-594698.48,-1158122.56,219.77],[-594692.6,-1158087.6,220.16],[-594688.21,-1158063.82,220.04],[-594682.08,-1158039.6,219.96]]}},{"type":"Feature","id":"64002050000001340","properties":{"id":"64002050000001340","dmvs_type":"0100000021","track_ref":"","popis_objektu":"","year_surveyed":"9999","position_accuracy_class":"9","height_accuracy_class":"9","source_file":"VS_CZ064_MOMC_551252_20260731_DI.jvf.zip"},"geometry":{"type":"LineString","coordinates":[[-595232.03,-1159265.48,209.5],[-595215.92,-1159260.84,209.64],[-595196.23,-1159256.21,209.67],[-595164.77,-1159250.62,209.62],[-595117.46,-1159242.24,209.95]]}},{"type":"Feature","id":"64002050000001389","properties":{"id":"64002050000001389","dmvs_type":"0100000021","track_ref":"","popis_objektu":"","year_surveyed":"9999","position_accuracy_class":"9","height_accuracy_class":"9","source_file":"VS_CZ064_MOMC_551252_20260731_DI.jvf.zip"},"geometry":{"type":"LineString","coordinates":[[-594710.57,-1158177.69,219.16],[-594709.8,-1158174.79,219.25]]}},{"type":"Feature","id":"64002050000001391","properties":{"id":"64002050000001391","dmvs_type":"0100000021","track_ref":"","popis_objektu":"","year_surveyed":"9999","position_accuracy_class":"9","height_accuracy_class":"9","source_file":"VS_CZ064_MOMC_551252_20260731_DI.jvf.zip"},"geometry":{"type":"LineString","coordinates":[[-595190.52,-1159198.34,214.43],[-595176.93,-1159191.02,214.47],[-595163.38,-1159183.35,214.97],[-595149.74,-1159174.72,214.37],[-595138.11,-1159166.25,214.97],[-595129.78,-1159159.35,214.37],[-595118.61,-1159149.15,214.97],[-595109.88,-1159140.38,214.29],[-595098.66,-1159128.0,214.97],[-595088.78,-1159115.22,213.62],[-595077.13,-1159096.87,214.97],[-595068.28,-1159080.52,214.97],[-595062.9,-1159070.1,213.58],[-595015.92,-1158967.46,214.49],[-594984.32,-1158898.83,214.97],[-594959.89,-1158845.49,214.97],[-594899.03,-1158712.74,215.18],[-594864.06,-1158635.97,215.28],[-594830.95,-1158563.58,215.63],[-594807.42,-1158512.27,215.76],[-594798.48,-1158491.66,214.97],[-594790.45,-1158470.71,215.91],[-594785.18,-1158452.98,214.97],[-594781.27,-1158435.9,216.05],[-594778.21,-1158420.05,216.08],[-594776.51,-1158410.13,216.02]]}},{"type":"Feature","id":"64002050000001395","properties":{"id":"64002050000001395","dmvs_type":"0100000021","track_ref":"","popis_objektu":"","year_surveyed":"9999","position_accuracy_class":"9","height_accuracy_class":"9","source_file":"VS_CZ064_MOMC_551252_20260731_DI.jvf.zip"},"geometry":{"type":"LineString","coordinates":[[-594718.78,-1158051.1,219.44],[-594718.06,-1158048.9,219.42],[-594714.68,-1158038.81,219.53]]}},{"type":"Feature","id":"64002050000001398","properties":{"id":"64002050000001398","dmvs_type":"0100000021","track_ref":"","popis_objektu":"","year_surveyed":"9999","position_accuracy_class":"9","height_accuracy_class":"9","source_file":"VS_CZ064_MOMC_551252_20260731_DI.jvf.zip"},"geometry":{"type":"LineString","coordinates":[[-595430.44,-1159355.33,208.44],[-595386.94,-1159325.38,207.88],[-595385.16,-1159324.16,207.89]]}},{"type":"Feature","id":"64002050000001401","properties":{"id":"64002050000001401","dmvs_type":"0100000021","track_ref":"","popis_objektu":"","year_surveyed":"9999","position_accuracy_class":"9","height_accuracy_class":"9","source_file":"VS_CZ064_MOMC_551252_20260731_DI.jvf.zip"},"geometry":{"type":"LineString","coordinates":[[-594678.03,-1157842.25,221.31],[-594677.11,-1157832.47,221.8]]}},{"type":"Feature","id":"64002050000001407","properties":{"id":"64002050000001407","dmvs_type":"0100000021","track_ref":"","popis_objektu":"","year_surveyed":"9999","position_accuracy_class":"9","height_accuracy_class":"9","source_file":"VS_CZ064_MOMC_551252_20260731_DI.jvf.zip"},"geometry":{"type":"LineString","coordinates":[[-595198.2,-1159164.56,214.41],[-595186.5,-1159155.11,214.27],[-595171.72,-1159143.54,214.88],[-595158.23,-1159132.14,214.88],[-595146.69,-1159121.17,214.88],[-595138.19,-1159112.17,214.88],[-595128.06,-1159100.13,214.88],[-595119.18,-1159088.05,213.53],[-595109.73,-1159072.64,214.88],[-595101.04,-1159056.51,214.88],[-595094.09,-1159042.74,213.53],[-595054.13,-1158955.35,213.82],[-595021.13,-1158883.28,214.88],[-594986.28,-1158807.43,214.88],[-594953.94,-1158736.6,215.06],[-594898.81,-1158616.42,215.48],[-594865.91,-1158544.59,215.67],[-594836.07,-1158479.47,215.91],[-594823.63,-1158450.27,215.97],[-594814.34,-1158424.68,214.88],[-594805.98,-1158398.38,216.08]]}},{"type":"Feature","id":"64002050000001408","properties":{"id":"64002050000001408","dmvs_type":"0100000021","track_ref":"","popis_objektu":"","year_surveyed":"1982","position_accuracy_class":"9","height_accuracy_class":"9","source_file":"VS_CZ064_MOMC_551252_20260731_DI.jvf.zip"},"geometry":{"type":"LineString","coordinates":[[-595128.52,-1158995.48,215.12],[-595123.24,-1158983.98,215.17],[-595117.98,-1158972.52,215.23]]}},{"type":"Feature","id":"64002050000001424","properties":{"id":"64002050000001424","dmvs_type":"0100000021","track_ref":"","popis_objektu":"","year_surveyed":"1985","position_accuracy_class":"9","height_accuracy_class":"9","source_file":"VS_CZ064_MOMC_551252_20260731_DI.jvf.zip"},"geometry":{"type":"LineString","coordinates":[[-594615.27,-1157742.35,221.51],[-594606.17,-1157733.05,221.29],[-594594.54,-1157724.03,221.08],[-594593.68,-1157723.33,221.29]]}},{"type":"Feature","id":"64002050000001439","properties":{"id":"64002050000001439","dmvs_type":"0100000021","track_ref":"","popis_objektu":"","year_surveyed":"1989","position_accuracy_class":"9","height_accuracy_class":"9","source_file":"VS_CZ064_MOMC_551252_20260731_DI.jvf.zip"},"geometry":{"type":"LineString","coordinates":[[-594143.44,-1157713.74,217.91],[-594124.32,-1157722.18,218.06],[-594105.3,-1157730.59,218.21]]}},{"type":"Feature","id":"64002050000001512","properties":{"id":"64002050000001512","dmvs_type":"0100000021","track_ref":"","popis_objektu":"","year_surveyed":"1983","position_accuracy_class":"9","height_accuracy_class":"9","source_file":"VS_CZ064_MOMC_551252_20260731_DI.jvf.zip"},"geometry":{"type":"LineString","coordinates":[[-595268.43,-1159240.92,214.6],[-595257.35,-1159234.88,214.55],[-595246.21,-1159228.81,214.51]]}},{"type":"Feature","id":"64002050000001553","properties":{"id":"64002050000001553","dmvs_type":"0100000021","track_ref":"","popis_objektu":"","year_surveyed":"1984","position_accuracy_class":"9","height_accuracy_class":"9","source_file":"VS_CZ064_MOMC_551252_20260731_DI.jvf.zip"},"geometry":{"type":"LineString","coordinates":[[-594769.18,-1158370.72,216.15],[-594769.71,-1158359.98,216.15],[-594770.23,-1158349.47,216.15]]}},{"type":"Feature","id":"64002050000001558","properties":{"id":"64002050000001558","dmvs_type":"0100000021","track_ref":"","popis_objektu":"","year_surveyed":"1988","position_accuracy_class":"9","height_accuracy_class":"9","source_file":"VS_CZ064_MOMC_551252_20260731_DI.jvf.zip"},"geometry":{"type":"LineString","coordinates":[[-594755.97,-1158572.83,215.81],[-594753.99,-1158566.15,215.81],[-594751.18,-1158556.98,215.82],[-594749.09,-1158550.25,215.81]]}},{"type":"Feature","id":"64002050000001582","properties":{"id":"64002050000001582","dmvs_type":"0100000021","track_ref":"","popis_objektu":"","year_surveyed":"1981","position_accuracy_class":"9","height_accuracy_class":"9","source_file":"VS_CZ064_MOMC_551252_20260731_DI.jvf.zip"},"geometry":{"type":"LineString","coordinates":[[-594703.41,-1158172.63,219.13],[-594702.44,-1158160.11,219.28],[-594701.47,-1158147.54,219.44]]}},{"type":"Feature","id":"64002050000001669","properties":{"id":"64002050000001669","dmvs_type":"0100000021","track_ref":"","popis_objektu":"","year_surveyed":"1986","position_accuracy_class":"9","height_accuracy_class":"9","source_file":"VS_CZ064_MOMC_551252_20260731_DI.jvf.zip"},"geometry":{"type":"LineString","coordinates":[[-594794.56,-1158193.77,218.27],[-594787.25,-1158182.16,218.4],[-594781.61,-1158169.7,218.53]]}},{"type":"Feature","id":"64002050000001741","properties":{"id":"64002050000001741","dmvs_type":"0100000021","track_ref":"","popis_objektu":"","year_surveyed":"1986","position_accuracy_class":"9","height_accuracy_class":"9","source_file":"VS_CZ064_MOMC_551252_20260731_DI.jvf.zip"},"geometry":{"type":"LineString","coordinates":[[-594794.56,-1158193.77,218.27],[-594787.25,-1158182.16,218.38],[-594780.49,-1158170.29,218.5]]}},{"type":"Feature","id":"64002050000001788","properties":{"id":"64002050000001788","dmvs_type":"0100000021","track_ref":"","popis_objektu":"","year_surveyed":"2015","position_accuracy_class":"9","height_accuracy_class":"9","source_file":"VS_CZ064_MOMC_551252_20260731_DI.jvf.zip"},"geometry":{"type":"LineString","coordinates":[[-596079.67,-1160127.28,208.73],[-596078.56,-1160123.96,208.75],[-596075.4,-1160114.47,208.79],[-596072.24,-1160104.98,208.83],[-596065.92,-1160086.01,208.9],[-596062.76,-1160076.52,208.94],[-596059.6,-1160067.03,208.97],[-596056.44,-1160057.54,209.0],[-596053.28,-1160048.06,209.04],[-596050.12,-1160038.57,209.07],[-596046.96,-1160029.08,209.11],[-596043.8,-1160019.59,209.14],[-596040.64,-1160010.11,209.17],[-596037.48,-1160000.62,209.21],[-596034.32,-1159991.13,209.24],[-596031.16,-1159981.64,209.28],[-596027.99,-1159972.16,209.31],[-596024.83,-1159962.67,209.35],[-596021.66,-1159953.19,209.38],[-596018.49,-1159943.7,209.41],[-596015.32,-1159934.22,209.45],[-596012.15,-1159924.73,209.48],[-596008.98,-1159915.25,209.52],[-596005.81,-1159905.77,209.55],[-596002.64,-1159896.28,209.58],[-595999.47,-1159886.8,209.63],[-595996.3,-1159877.31,209.68],[-595993.13,-1159867.83,209.73],[-595989.96,-1159858.34,209.78],[-595986.79,-1159848.86,209.83],[-595983.62,-1159839.38,209.88],[-595980.46,-1159829.89,209.93],[-595977.29,-1159820.41,209.98],[-595974.12,-1159810.92,210.03],[-595970.95,-1159801.44,210.09],[-595967.78,-1159791.95,210.16],[-595964.61,-1159782.47,210.23],[-595961.43,-1159772.99,210.3],[-595958.22,-1159763.52,210.37],[-595954.97,-1159754.06,210.44],[-595951.65,-1159744.63,210.51],[-595948.25,-1159735.22,210.59],[-595944.75,-1159725.86,210.66],[-595941.13,-1159716.53,210.73],[-595937.37,-1159707.27,210.8],[-595933.47,-1159698.06,210.87],[-595929.39,-1159688.93,210.94],[-595925.13,-1159679.88,211.0],[-595920.69,-1159670.92,211.07],[-595916.08,-1159662.05,211.13],[-595911.28,-1159653.27,211.19],[-595906.31,-1159644.6,211.25],[-595901.17,-1159636.02,211.32],[-595895.86,-1159627.55,211.38],[-595890.38,-1159619.18,211.44],[-595884.73,-1159610.93,211.5],[-595878.92,-1159602.79,211.57],[-595872.94,-1159594.78,211.63],[-595866.81,-1159586.88,211.69],[-595860.52,-1159579.1,211.75],[-595854.08,-1159571.45,211.82],[-595847.49,-1159563.93,211.88],[-595840.75,-1159556.54,211.94],[-595833.87,-1159549.29,212.0],[-595826.85,-1159542.17,212.07],[-595819.69,-1159535.19,212.13],[-595812.39,-1159528.36,212.19],[-595804.95,-1159521.67,212.25],[-595797.39,-1159515.12,212.32],[-595789.7,-1159508.73,212.38],[-595781.89,-1159502.49,212.44],[-595773.95,-1159496.41,212.5],[-595765.9,-1159490.48,212.58],[-595757.73,-1159484.72,212.65],[-595749.44,-1159479.11,212.73],[-595741.06,-1159473.66,212.81],[-595732.59,-1159468.35,212.89],[-595724.04,-1159463.16,212.97],[-595715.43,-1159458.07,213.04],[-595706.77,-1159453.08,213.12],[-595698.06,-1159448.16,213.2],[-595689.32,-1159443.29,213.28],[-595680.56,-1159438.47,213.35],[-595671.79,-1159433.67,213.4],[-595663.02,-1159428.88,213.46],[-595654.24,-1159424.08,213.52],[-595645.46,-1159419.29,213.58],[-595636.69,-1159414.49,213.63],[-595627.91,-1159409.7,213.69],[-595619.14,-1159404.9,213.75],[-595610.36,-1159400.11,213.81],[-595601.59,-1159395.31,213.87],[-595592.81,-1159390.52,213.92],[-595584.03,-1159385.73,213.98],[-595575.26,-1159380.93,214.04],[-595566.48,-1159376.14,214.1],[-595565.51,-1159375.6,214.1],[-595553.96,-1159369.29,214.18],[-595532.08,-1159357.21,214.32],[-595515.94,-1159348.07,214.42],[-595510.35,-1159344.85,214.46],[-595504.17,-1159341.23,214.5],[-595501.37,-1159339.59,214.52],[-595488.87,-1159332.04,214.61],[-595478.29,-1159325.39,214.68],[-595470.42,-1159320.36,214.74],[-595467.78,-1159318.63,214.76],[-595457.41,-1159311.65,214.82],[-595452.16,-1159308.01,214.84],[-595447.17,-1159304.48,214.86],[-595438.11,-1159297.9,214.86],[-595427.08,-1159289.6,214.87],[-595417.25,-1159281.88,214.87],[-595407.55,-1159274.0,214.87],[-595398.83,-1159266.66,214.87],[-595396.98,-1159265.04,214.87],[-595388.58,-1159257.72,214.87],[-595380.65,-1159250.54,214.87],[-595370.21,-1159240.76,214.87],[-595362.54,-1159233.3,214.87],[-595352.46,-1159223.16,214.87],[-595344.51,-1159214.85,214.87],[-595335.35,-1159204.94,214.87],[-595327.7,-1159196.35,214.87],[-595318.9,-1159186.11,214.87],[-595311.57,-1159177.25,214.86],[-595303.15,-1159166.7,214.86],[-595294.39,-1159155.27,214.86],[-595286.79,-1159144.92,214.85],[-595279.76,-1159135.0,214.85],[-595273.77,-1159126.25,214.86],[-595265.59,-1159113.8,214.86],[-595260.2,-1159105.26,214.86],[-595253.18,-1159093.73,214.86],[-595248.87,-1159086.38,214.86],[-595247.38,-1159083.8,214.86],[-595243.47,-1159076.87,214.87],[-595240.81,-1159072.01,214.88],[-595235.34,-1159061.89,214.9],[-595228.76,-1159049.2,214.92],[-595223.97,-1159039.63,214.94],[-595213.08,-1159017.12,214.98],[-595202.52,-1158994.47,215.01],[-595195.02,-1158978.15,215.04],[-595192.09,-1158971.75,215.05],[-595181.67,-1158949.02,215.09],[-595171.25,-1158926.29,215.13],[-595160.83,-1158903.57,215.16],[-595150.42,-1158880.84,215.2],[-595140.0,-1158858.11,215.23],[-595129.59,-1158835.38,215.27],[-595119.17,-1158812.66,215.31],[-595098.33,-1158767.21,215.38],[-595087.91,-1158744.48,215.42],[-595077.5,-1158721.76,215.47],[-595067.09,-1158699.03,215.5],[-595056.67,-1158676.3,215.54],[-595046.25,-1158653.58,215.58],[-595035.83,-1158630.85,215.62],[-595025.42,-1158608.12,215.65],[-595015.0,-1158585.4,215.69],[-595004.58,-1158562.67,215.71],[-594994.17,-1158539.95,215.75],[-594983.75,-1158517.22,215.8],[-594973.33,-1158494.49,215.83],[-594962.91,-1158471.77,215.87],[-594952.49,-1158449.04,215.9],[-594942.07,-1158426.32,215.94],[-594931.66,-1158403.59,215.99],[-594921.24,-1158380.86,216.03],[-594910.82,-1158358.14,216.06],[-594900.4,-1158335.41,216.11],[-594889.99,-1158312.69,216.15],[-594879.57,-1158289.96,216.15],[-594871.27,-1158271.87,216.21],[-594867.1,-1158262.78,216.16],[-594862.93,-1158253.69,216.1],[-594858.77,-1158244.6,216.04],[-594854.6,-1158235.51,215.99],[-594850.43,-1158226.42,215.93],[-594846.27,-1158217.33,215.87],[-594842.1,-1158208.24,215.82],[-594837.93,-1158199.14,215.76],[-594829.6,-1158180.96,215.64],[-594825.43,-1158171.87,215.59],[-594821.26,-1158162.78,215.53],[-594817.1,-1158153.69,215.47],[-594812.93,-1158144.6,215.42],[-594808.76,-1158135.51,215.36],[-594804.6,-1158126.42,215.3],[-594800.43,-1158117.33,215.24],[-594792.1,-1158099.15,215.13],[-594787.93,-1158090.06,215.07],[-594783.76,-1158080.97,215.02],[-594779.59,-1158071.88,214.96],[-594775.43,-1158062.79,214.9],[-594771.26,-1158053.7,214.85],[-594767.09,-1158044.61,214.79],[-594762.93,-1158035.52,214.73],[-594754.59,-1158017.34,214.62],[-594750.43,-1158008.25,214.56],[-594746.26,-1157999.16,214.5],[-594742.09,-1157990.06,214.45],[-594737.92,-1157980.97,214.39],[-594733.76,-1157971.88,214.33],[-594729.59,-1157962.79,214.28],[-594725.42,-1157953.7,214.22],[-594721.26,-1157944.61,214.16],[-594717.08,-1157935.53,214.1],[-594712.87,-1157926.46,214.05],[-594708.61,-1157917.41,214.02],[-594704.3,-1157908.39,213.99],[-594699.9,-1157899.4,213.97],[-594695.41,-1157890.47,213.97],[-594690.81,-1157881.59,213.98],[-594686.08,-1157872.78,214.0],[-594681.21,-1157864.05,214.03],[-594676.18,-1157855.4,214.07],[-594670.99,-1157846.86,214.12],[-594665.6,-1157838.43,214.18],[-594660.02,-1157830.14,214.25],[-594654.23,-1157821.98,214.33],[-594648.25,-1157813.97,214.4],[-594642.07,-1157806.11,214.47],[-594635.69,-1157798.4,214.54],[-594629.13,-1157790.86,214.61],[-594622.38,-1157783.48,214.68],[-594615.45,-1157776.27,214.75],[-594608.35,-1157769.23,214.83],[-594601.07,-1157762.37,214.9],[-594593.63,-1157755.7,214.97],[-594586.02,-1157749.21,215.04],[-594578.26,-1157742.9,215.11],[-594570.34,-1157736.8,215.18],[-594562.27,-1157730.89,215.25],[-594554.06,-1157725.18,215.33],[-594545.71,-1157719.68,215.4],[-594537.22,-1157714.39,215.47],[-594528.61,-1157709.31,215.54],[-594519.88,-1157704.44,215.61],[-594511.02,-1157699.79,215.68],[-594502.06,-1157695.36,215.76],[-594492.99,-1157691.16,215.83],[-594483.81,-1157687.18,215.9],[-594474.54,-1157683.42,215.97],[-594465.18,-1157679.9,216.04],[-594455.74,-1157676.62,216.11],[-594446.22,-1157673.56,216.18],[-594436.62,-1157670.74,216.26],[-594426.96,-1157668.17,216.33],[-594417.24,-1157665.83,216.4],[-594407.46,-1157663.73,216.46],[-594397.64,-1157661.88,216.53],[-594387.77,-1157660.26,216.59],[-594377.86,-1157658.9,216.66],[-594367.92,-1157657.78,216.72],[-594357.96,-1157656.9,216.79],[-594347.98,-1157656.28,216.86],[-594337.99,-1157655.9,216.92],[-594327.99,-1157655.76,216.99],[-594317.99,-1157655.88,217.05],[-594308.0,-1157656.24,217.12],[-594298.02,-1157656.85,217.18],[-594288.05,-1157657.71,217.25],[-594278.12,-1157658.81,217.31],[-594268.21,-1157660.16,217.38],[-594258.33,-1157661.75,217.44],[-594248.5,-1157663.59,217.51],[-594238.72,-1157665.67,217.57],[-594229.0,-1157667.99,217.64],[-594219.33,-1157670.55,217.7],[-594209.73,-1157673.35,217.77],[-594200.2,-1157676.38,217.84],[-594190.75,-1157679.65,217.9],[-594181.39,-1157683.16,217.97],[-594172.11,-1157686.89,218.03],[-594162.92,-1157690.84,218.1],[-594153.82,-1157694.98,218.16],[-594144.79,-1157699.28,218.23],[-594135.84,-1157703.73,218.29],[-594126.94,-1157708.29,218.36],[-594118.09,-1157712.96,218.42],[-594109.29,-1157717.7,218.49],[-594100.51,-1157722.49,218.55],[-594091.76,-1157727.32,218.62],[-594083.01,-1157732.17,218.69],[-594074.26,-1157737.01,218.75],[-594072.63,-1157737.92,214.08]]}},{"type":"Feature","id":"64002050000001797","properties":{"id":"64002050000001797","dmvs_type":"0100000021","track_ref":"","popis_objektu":"","year_surveyed":"1983","position_accuracy_class":"9","height_accuracy_class":"9","source_file":"VS_CZ064_MOMC_551252_20260731_DI.jvf.zip"},"geometry":{"type":"LineString","coordinates":[[-595181.52,-1159226.05,214.22],[-595168.0,-1159224.28,214.22],[-595154.76,-1159220.87,214.22]]}},{"type":"Feature","id":"64002050000001813","properties":{"id":"64002050000001813","dmvs_type":"0100000021","track_ref":"","popis_objektu":"","year_surveyed":"1989","position_accuracy_class":"9","height_accuracy_class":"9","source_file":"VS_CZ064_MOMC_551252_20260731_DI.jvf.zip"},"geometry":{"type":"LineString","coordinates":[[-594724.87,-1158144.64,218.72],[-594720.27,-1158132.89,218.87],[-594715.75,-1158121.33,219.02]]}},{"type":"Feature","id":"64002050000001824","properties":{"id":"64002050000001824","dmvs_type":"0100000021","track_ref":"","popis_objektu":"","year_surveyed":"1997","position_accuracy_class":"9","height_accuracy_class":"9","source_file":"VS_CZ064_MOMC_551252_20260731_DI.jvf.zip"},"geometry":{"type":"LineString","coordinates":[[-594759.22,-1158234.1,217.8],[-594755.14,-1158222.05,217.8],[-594752.17,-1158209.73,217.8]]}},{"type":"Feature","id":"64002050000001881","properties":{"id":"64002050000001881","dmvs_type":"0100000021","track_ref":"","popis_objektu":"","year_surveyed":"1980","position_accuracy_class":"9","height_accuracy_class":"9","source_file":"VS_CZ064_MOMC_551252_20260731_DI.jvf.zip"},"geometry":{"type":"LineString","coordinates":[[-595218.13,-1159180.12,214.52],[-595208.19,-1159172.35,214.46],[-595198.2,-1159164.56,214.41]]}},{"type":"Feature","id":"64002050000001910","properties":{"id":"64002050000001910","dmvs_type":"0100000021","track_ref":"","popis_objektu":"","year_surveyed":"1990","position_accuracy_class":"9","height_accuracy_class":"9","source_file":"VS_CZ064_MOMC_551252_20260731_DI.jvf.zip"},"geometry":{"type":"LineString","coordinates":[[-594774.99,-1158552.99,215.41],[-594768.4,-1158538.52,215.44],[-594764.46,-1158526.13,215.48]]}},{"type":"Feature","id":"64002050000001916","properties":{"id":"64002050000001916","dmvs_type":"0100000021","track_ref":"","popis_objektu":"","year_surveyed":"1980","position_accuracy_class":"9","height_accuracy_class":"9","source_file":"VS_CZ064_MOMC_551252_20260731_DI.jvf.zip"},"geometry":{"type":"LineString","coordinates":[[-594818.18,-1158396.23,216.06],[-594813.14,-1158384.46,216.07],[-594809.8,-1158372.3,216.09]]}},{"type":"Feature","id":"64002050000001989","properties":{"id":"64002050000001989","dmvs_type":"0100000021","track_ref":"","popis_objektu":"","year_surveyed":"1984","position_accuracy_class":"9","height_accuracy_class":"9","source_file":"VS_CZ064_MOMC_551252_20260731_DI.jvf.zip"},"geometry":{"type":"LineString","coordinates":[[-594761.84,-1158417.19,215.96],[-594762.59,-1158403.57,215.96],[-594764.74,-1158390.11,215.96]]}},{"type":"Feature","id":"64002050000002046","properties":{"id":"64002050000002046","dmvs_type":"0100000021","track_ref":"","popis_objektu":"","year_surveyed":"1986","position_accuracy_class":"9","height_accuracy_class":"9","source_file":"VS_CZ064_MOMC_551252_20260731_DI.jvf.zip"},"geometry":{"type":"LineString","coordinates":[[-594750.37,-1158119.98,218.97],[-594741.55,-1158105.26,219.07],[-594734.84,-1158090.69,219.18]]}},{"type":"Feature","id":"64002050000002112","properties":{"id":"64002050000002112","dmvs_type":"0100000021","track_ref":"","popis_objektu":"","year_surveyed":"1983","position_accuracy_class":"9","height_accuracy_class":"9","source_file":"VS_CZ064_MOMC_551252_20260731_DI.jvf.zip"},"geometry":{"type":"LineString","coordinates":[[-595179.95,-1159202.11,214.23],[-595168.28,-1159197.33,214.26],[-595157.38,-1159190.98,214.29]]}},{"type":"Feature","id":"64002050000002134","properties":{"id":"64002050000002134","dmvs_type":"0100000021","track_ref":"","popis_objektu":"","year_surveyed":"2003","position_accuracy_class":"9","height_accuracy_class":"9","source_file":"VS_CZ064_MOMC_551252_20260731_DI.jvf.zip"},"geometry":{"type":"LineString","coordinates":[[-595226.7,-1159084.12,215.04],[-595217.29,-1159070.42,215.04],[-595207.9,-1159056.73,215.04]]}},{"type":"Feature","id":"64002050000002203","properties":{"id":"64002050000002203","dmvs_type":"0100000021","track_ref":"","popis_objektu":"","year_surveyed":"1980","position_accuracy_class":"9","height_accuracy_class":"9","source_file":"VS_CZ064_MOMC_551252_20260731_DI.jvf.zip"},"geometry":{"type":"LineString","coordinates":[[-595218.13,-1159180.12,214.52],[-595208.19,-1159172.35,214.45],[-595197.23,-1159165.89,214.39]]}},{"type":"Feature","id":"64002050000002205","properties":{"id":"64002050000002205","dmvs_type":"0100000021","track_ref":"","popis_objektu":"","year_surveyed":"1982","position_accuracy_class":"9","height_accuracy_class":"9","source_file":"VS_CZ064_MOMC_551252_20260731_DI.jvf.zip"},"geometry":{"type":"LineString","coordinates":[[-595143.44,-1159016.15,215.03],[-595136.64,-1159005.26,215.08],[-595129.96,-1158994.57,215.14]]}},{"type":"Feature","id":"64002050000002222","properties":{"id":"64002050000002222","dmvs_type":"0100000021","track_ref":"","popis_objektu":"","year_surveyed":"1984","position_accuracy_class":"9","height_accuracy_class":"9","source_file":"VS_CZ064_MOMC_551252_20260731_DI.jvf.zip"},"geometry":{"type":"LineString","coordinates":[[-594761.67,-1158233.73,217.74],[-594760.36,-1158223.05,217.74],[-594759.09,-1158212.61,217.74]]}},{"type":"Feature","id":"64002050000002295","properties":{"id":"64002050000002295","dmvs_type":"0100000021","track_ref":"","popis_objektu":"","year_surveyed":"9999","position_accuracy_class":"9","height_accuracy_class":"9","source_file":"VS_CZ064_MOMC_551252_20260731_DI.jvf.zip"},"geometry":{"type":"LineString","coordinates":[[-594764.46,-1158526.13,215.48],[-594759.25,-1158509.99,215.67],[-594756.37,-1158496.76,215.72],[-594754.28,-1158480.6,215.67],[-594753.51,-1158466.96,215.83]]}},{"type":"Feature","id":"64002050000002306","properties":{"id":"64002050000002306","dmvs_type":"0100000021","track_ref":"","popis_objektu":"","year_surveyed":"1989","position_accuracy_class":"9","height_accuracy_class":"9","source_file":"VS_CZ064_MOMC_551252_20260731_DI.jvf.zip"},"geometry":{"type":"LineString","coordinates":[[-594763.66,-1158336.1,216.31],[-594762.94,-1158323.54,216.39],[-594762.22,-1158310.95,216.48]]}},{"type":"Feature","id":"64002050000002351","properties":{"id":"64002050000002351","dmvs_type":"0100000021","track_ref":"","popis_objektu":"","year_surveyed":"9999","position_accuracy_class":"9","height_accuracy_class":"9","source_file":"VS_CZ064_MOMC_551252_20260731_DI.jvf.zip"},"geometry":{"type":"LineString","coordinates":[[-595130.41,-1159214.19,214.15],[-595117.36,-1159210.29,214.69],[-595105.23,-1159206.15,214.26],[-595087.75,-1159199.07,214.69],[-595073.4,-1159192.19,214.34],[-595059.4,-1159183.84,214.69],[-595047.76,-1159175.23,214.44],[-595036.72,-1159166.2,214.69],[-595028.65,-1159158.4,214.53],[-595017.82,-1159146.57,214.69],[-595008.62,-1159134.95,214.59],[-595002.17,-1159125.36,214.69],[-594997.24,-1159117.39,214.58],[-594990.94,-1159105.41,214.69],[-594986.3,-1159095.7,214.57],[-594960.4,-1159039.07,214.69],[-594942.31,-1158999.58,214.69],[-594904.02,-1158916.33,214.57],[-594864.28,-1158829.67,214.62],[-594828.38,-1158751.26,214.8],[-594794.0,-1158676.42,215.07],[-594784.09,-1158654.75,215.19],[-594776.42,-1158636.31,215.34],[-594769.56,-1158617.35,215.42]]}},{"type":"Feature","id":"64002050000002382","properties":{"id":"64002050000002382","dmvs_type":"0100000021","track_ref":"","popis_objektu":"","year_surveyed":"1984","position_accuracy_class":"9","height_accuracy_class":"9","source_file":"VS_CZ064_MOMC_551252_20260731_DI.jvf.zip"},"geometry":{"type":"LineString","coordinates":[[-594764.25,-1158255.01,217.3],[-594763.55,-1158249.24,217.23],[-594762.39,-1158239.61,217.37],[-594761.67,-1158233.73,217.3]]}},{"type":"Feature","id":"64002050000002403","properties":{"id":"64002050000002403","dmvs_type":"0100000021","track_ref":"","popis_objektu":"","year_surveyed":"9999","position_accuracy_class":"9","height_accuracy_class":"9","source_file":"VS_CZ064_MOMC_551252_20260731_DI.jvf.zip"},"geometry":{"type":"LineString","coordinates":[[-594714.4,-1158401.65,217.41],[-594711.33,-1158386.29,218.32],[-594709.78,-1158374.46,217.81],[-594708.54,-1158356.46,218.32],[-594708.07,-1158338.41,218.12],[-594707.41,-1158265.07,218.58],[-594706.79,-1158242.35,218.78],[-594705.63,-1158226.68,218.78],[-594705.03,-1158223.06,218.81]]}},{"type":"Feature","id":"64002050000002422","properties":{"id":"64002050000002422","dmvs_type":"0100000021","track_ref":"","popis_objektu":"","year_surveyed":"9999","position_accuracy_class":"9","height_accuracy_class":"9","source_file":"VS_CZ064_MOMC_551252_20260731_DI.jvf.zip"},"geometry":{"type":"LineString","coordinates":[[-594798.92,-1158386.86,216.13],[-594798.15,-1158383.6,216.11],[-594796.03,-1158374.87,216.2]]}},{"type":"Feature","id":"64002050000002474","properties":{"id":"64002050000002474","dmvs_type":"0100000021","track_ref":"","popis_objektu":"","year_surveyed":"9999","position_accuracy_class":"9","height_accuracy_class":"9","source_file":"VS_CZ064_MOMC_551252_20260731_DI.jvf.zip"},"geometry":{"type":"LineString","coordinates":[[-595951.91,-1159798.8,211.84],[-595949.35,-1159789.45,210.22],[-595947.75,-1159783.61,210.26],[-595945.27,-1159774.65,210.32],[-595940.96,-1159759.69,210.43],[-595938.29,-1159751.01,210.5],[-595936.69,-1159746.04,210.53],[-595933.34,-1159736.22,210.59],[-595928.86,-1159724.02,210.67],[-595924.62,-1159713.32,210.76],[-595919.54,-1159701.36,210.83],[-595914.84,-1159691.03,210.9],[-595908.85,-1159678.71,210.99],[-595903.99,-1159669.3,211.05],[-595898.72,-1159659.64,211.13],[-595892.08,-1159648.13,211.22],[-595886.34,-1159638.74,211.29],[-595879.13,-1159627.57,211.37],[-595871.86,-1159616.92,211.44],[-595865.2,-1159607.66,211.52],[-595857.34,-1159597.31,211.6],[-595850.29,-1159588.47,211.68],[-595841.94,-1159578.51,211.76],[-595834.45,-1159570.02,211.84],[-595824.3,-1159559.11,211.93],[-595817.71,-1159552.37,211.99],[-595807.76,-1159542.67,212.08],[-595800.11,-1159535.58,212.14],[-595789.7,-1159526.38,212.23],[-595781.71,-1159519.67,212.29],[-595771.17,-1159511.23,212.38],[-595762.55,-1159504.67,212.46],[-595752.25,-1159497.23,212.55],[-595745.25,-1159492.4,212.61],[-595742.65,-1159490.65,212.63],[-595732.51,-1159484.04,212.71],[-595722.02,-1159477.5,212.78],[-595711.64,-1159471.28,212.86],[-595700.8,-1159464.99,212.94],[-595689.42,-1159458.6,213.02],[-595679.16,-1159452.9,213.1],[-595662.51,-1159443.81,213.22],[-595656.85,-1159440.74,213.26],[-595575.27,-1159396.17,213.49],[-595562.99,-1159389.55,213.73],[-595556.73,-1159386.13,213.69]]}},{"type":"Feature","id":"64002050000002485","properties":{"id":"64002050000002485","dmvs_type":"0100000021","track_ref":"","popis_objektu":"","year_surveyed":"9999","position_accuracy_class":"9","height_accuracy_class":"9","source_file":"VS_CZ064_MOMC_551252_20260731_DI.jvf.zip"},"geometry":{"type":"LineString","coordinates":[[-594712.63,-1158053.75,219.4],[-594708.43,-1158044.33,219.51],[-594703.1,-1158032.48,219.56],[-594696.18,-1158016.1,219.67],[-594688.57,-1157995.94,219.79],[-594672.78,-1157953.51,218.17],[-594656.78,-1157910.67,218.17],[-594650.39,-1157893.61,218.36],[-594642.72,-1157876.91,218.17],[-594634.79,-1157861.44,218.17],[-594624.12,-1157845.22,217.68],[-594614.95,-1157831.45,218.17],[-594602.91,-1157815.92,218.17],[-594589.51,-1157800.76,216.91],[-594566.78,-1157779.34,216.55],[-594554.36,-1157769.98,218.17],[-594543.93,-1157762.93,216.36],[-594530.28,-1157754.99,218.17],[-594516.17,-1157747.95,216.18]]}},{"type":"Feature","id":"64002050000002676","properties":{"id":"64002050000002676","dmvs_type":"0100000021","track_ref":"","popis_objektu":"","year_surveyed":"9999","position_accuracy_class":"9","height_accuracy_class":"9","source_file":"VS_CZ064_MOMC_551252_20260731_DI.jvf.zip"},"geometry":{"type":"LineString","coordinates":[[-594821.93,-1158663.65,215.44],[-594787.49,-1158589.22,215.44],[-594778.84,-1158569.39,215.48],[-594773.2,-1158553.6,215.4]]}},{"type":"Feature","id":"64002050000002680","properties":{"id":"64002050000002680","dmvs_type":"0100000021","track_ref":"","popis_objektu":"","year_surveyed":"9999","position_accuracy_class":"9","height_accuracy_class":"9","source_file":"VS_CZ064_MOMC_551252_20260731_DI.jvf.zip"},"geometry":{"type":"LineString","coordinates":[[-595186.91,-1159191.13,214.38],[-595166.96,-1159179.76,215.08],[-595153.61,-1159171.42,214.4],[-595143.64,-1159164.33,215.08],[-595135.59,-1159157.89,214.37],[-595124.68,-1159148.22,215.08],[-595114.12,-1159137.89,214.28],[-595103.18,-1159125.85,215.08],[-595092.91,-1159112.7,213.64],[-595083.81,-1159098.6,215.08],[-595074.81,-1159082.53,215.08],[-595066.62,-1159066.78,213.64],[-595013.15,-1158950.08,215.08],[-594990.17,-1158899.41,215.08],[-594949.53,-1158811.51,215.08],[-594903.23,-1158710.76,215.22],[-594867.42,-1158632.97,215.45],[-594835.16,-1158562.01,215.7],[-594811.57,-1158510.12,215.8],[-594802.71,-1158488.98,215.08],[-594795.24,-1158468.99,215.95],[-594789.61,-1158450.76,215.08],[-594786.03,-1158434.7,216.09],[-594782.46,-1158416.01,216.1],[-594775.56,-1158377.33,216.16]]}},{"type":"Feature","id":"64002050000002746","properties":{"id":"64002050000002746","dmvs_type":"0100000021","track_ref":"","popis_objektu":"","year_surveyed":"9999","position_accuracy_class":"9","height_accuracy_class":"9","source_file":"VS_CZ064_MOMC_551252_20260731_DI.jvf.zip"},"geometry":{"type":"LineString","coordinates":[[-594717.61,-1158397.85,217.47],[-594715.7,-1158383.6,218.35],[-594714.65,-1158373.18,217.8],[-594713.34,-1158351.14,218.35],[-594712.81,-1158333.91,218.19],[-594712.25,-1158272.73,218.59],[-594711.77,-1158255.45,218.35],[-594711.0,-1158242.96,218.68],[-594708.88,-1158222.63,218.8],[-594705.85,-1158197.83,218.92]]}},{"type":"Feature","id":"64002050000002754","properties":{"id":"64002050000002754","dmvs_type":"0100000021","track_ref":"","popis_objektu":"","year_surveyed":"9999","position_accuracy_class":"9","height_accuracy_class":"9","source_file":"VS_CZ064_MOMC_551252_20260731_DI.jvf.zip"},"geometry":{"type":"LineString","coordinates":[[-594668.14,-1158132.47,212.76],[-594667.58,-1158127.54,212.83],[-594667.0,-1158122.59,212.86]]}},{"type":"Feature","id":"64002050000002802","properties":{"id":"64002050000002802","dmvs_type":"0100000021","track_ref":"","popis_objektu":"","year_surveyed":"1987","position_accuracy_class":"9","height_accuracy_class":"9","source_file":"VS_CZ064_MOMC_551252_20260731_DI.jvf.zip"},"geometry":{"type":"LineString","coordinates":[[-595448.23,-1159339.28,214.56],[-595437.19,-1159333.18,214.55],[-595427.07,-1159325.53,214.54]]}},{"type":"Feature","id":"64002050000002803","properties":{"id":"64002050000002803","dmvs_type":"0100000021","track_ref":"","popis_objektu":"","year_surveyed":"1984","position_accuracy_class":"9","height_accuracy_class":"9","source_file":"VS_CZ064_MOMC_551252_20260731_DI.jvf.zip"},"geometry":{"type":"LineString","coordinates":[[-594770.68,-1158442.6,215.93],[-594769.57,-1158430.02,215.94],[-594768.47,-1158417.46,215.96]]}},{"type":"Feature","id":"64002050000002805","properties":{"id":"64002050000002805","dmvs_type":"0100000021","track_ref":"","popis_objektu":"","year_surveyed":"1987","position_accuracy_class":"9","height_accuracy_class":"9","source_file":"VS_CZ064_MOMC_551252_20260731_DI.jvf.zip"},"geometry":{"type":"LineString","coordinates":[[-594853.2,-1158398.38,216.6],[-594846.21,-1158387.88,216.67],[-594840.84,-1158376.43,216.75]]}},{"type":"Feature","id":"64002050000002811","properties":{"id":"64002050000002811","dmvs_type":"0100000021","track_ref":"","popis_objektu":"","year_surveyed":"1979","position_accuracy_class":"9","height_accuracy_class":"9","source_file":"VS_CZ064_MOMC_551252_20260731_DI.jvf.zip"},"geometry":{"type":"LineString","coordinates":[[-594791.98,-1158375.83,216.19],[-594789.9,-1158363.4,216.25],[-594787.82,-1158350.97,216.31]]}},{"type":"Feature","id":"64002050000002892","properties":{"id":"64002050000002892","dmvs_type":"0100000021","track_ref":"","popis_objektu":"","year_surveyed":"1980","position_accuracy_class":"9","height_accuracy_class":"9","source_file":"VS_CZ064_MOMC_551252_20260731_DI.jvf.zip"},"geometry":{"type":"LineString","coordinates":[[-595221.46,-1159170.7,214.45],[-595213.12,-1159161.23,214.41],[-595205.98,-1159150.69,214.37]]}},{"type":"Feature","id":"64002050000002926","properties":{"id":"64002050000002926","dmvs_type":"0100000021","track_ref":"","popis_objektu":"","year_surveyed":"1988","position_accuracy_class":"9","height_accuracy_class":"9","source_file":"VS_CZ064_MOMC_551252_20260731_DI.jvf.zip"},"geometry":{"type":"LineString","coordinates":[[-594739.82,-1158501.35,216.35],[-594736.64,-1158489.14,216.48],[-594735.1,-1158476.67,216.61]]}},{"type":"Feature","id":"64002050000003045","properties":{"id":"64002050000003045","dmvs_type":"0100000021","track_ref":"","popis_objektu":"","year_surveyed":"2003","position_accuracy_class":"9","height_accuracy_class":"9","source_file":"VS_CZ064_MOMC_551252_20260731_DI.jvf.zip"},"geometry":{"type":"LineString","coordinates":[[-595556.73,-1159386.13,213.69],[-595538.45,-1159376.2,213.79],[-595519.32,-1159367.84,213.89]]}},{"type":"Feature","id":"64002050000003056","properties":{"id":"64002050000003056","dmvs_type":"0100000021","track_ref":"","popis_objektu":"","year_surveyed":"1987","position_accuracy_class":"9","height_accuracy_class":"9","source_file":"VS_CZ064_MOMC_551252_20260731_DI.jvf.zip"},"geometry":{"type":"LineString","coordinates":[[-595284.75,-1159187.94,215.04],[-595276.82,-1159173.29,215.03],[-595267.4,-1159159.61,215.03]]}},{"type":"Feature","id":"64002050000003096","properties":{"id":"64002050000003096","dmvs_type":"0100000021","track_ref":"","popis_objektu":"","year_surveyed":"1988","position_accuracy_class":"9","height_accuracy_class":"9","source_file":"VS_CZ064_MOMC_551252_20260731_DI.jvf.zip"},"geometry":{"type":"LineString","coordinates":[[-594725.55,-1158453.07,216.86],[-594721.03,-1158441.29,217.01],[-594716.48,-1158429.44,217.17]]}},{"type":"Feature","id":"64002050000003109","properties":{"id":"64002050000003109","dmvs_type":"0100000021","track_ref":"","popis_objektu":"","year_surveyed":"2008","position_accuracy_class":"9","height_accuracy_class":"9","source_file":"VS_CZ064_MOMC_551252_20260731_DI.jvf.zip"},"geometry":{"type":"LineString","coordinates":[[-595242.61,-1159121.16,215.09],[-595240.69,-1159118.99,215.05],[-595233.66,-1159110.87,215.09],[-595227.69,-1159102.06,215.14],[-595225.98,-1159099.6,215.09]]}},{"type":"Feature","id":"64002050000003131","properties":{"id":"64002050000003131","dmvs_type":"0100000021","track_ref":"","popis_objektu":"","year_surveyed":"1986","position_accuracy_class":"9","height_accuracy_class":"9","source_file":"VS_CZ064_MOMC_551252_20260731_DI.jvf.zip"},"geometry":{"type":"LineString","coordinates":[[-594732.19,-1158092.0,219.14],[-594729.32,-1158082.78,219.22]]}},{"type":"Feature","id":"64002050000003255","properties":{"id":"64002050000003255","dmvs_type":"0100000021","track_ref":"","popis_objektu":"","year_surveyed":"1983","position_accuracy_class":"9","height_accuracy_class":"9","source_file":"VS_CZ064_MOMC_551252_20260731_DI.jvf.zip"},"geometry":{"type":"LineString","coordinates":[[-595270.78,-1159243.96,214.57],[-595259.06,-1159239.28,214.47],[-595247.4,-1159234.63,214.37]]}},{"type":"Feature","id":"64002050000003292","properties":{"id":"64002050000003292","dmvs_type":"0100000021","track_ref":"","popis_objektu":"","year_surveyed":"2008","position_accuracy_class":"9","height_accuracy_class":"9","source_file":"VS_CZ064_MOMC_551252_20260731_DI.jvf.zip"},"geometry":{"type":"LineString","coordinates":[[-595242.61,-1159121.16,215.1],[-595240.69,-1159118.99,215.05],[-595233.66,-1159110.87,215.1],[-595226.6,-1159102.81,215.15],[-595224.66,-1159100.62,215.1]]}},{"type":"Feature","id":"64002050000003394","properties":{"id":"64002050000003394","dmvs_type":"0100000021","track_ref":"","popis_objektu":"","year_surveyed":"2014","position_accuracy_class":"9","height_accuracy_class":"9","source_file":"VS_CZ064_MOMC_551252_20260731_DI.jvf.zip"},"geometry":{"type":"LineString","coordinates":[[-594816.72,-1158230.6,217.87],[-594808.18,-1158216.41,218.0],[-594801.25,-1158201.23,218.14]]}},{"type":"Feature","id":"64002050000003409","properties":{"id":"64002050000003409","dmvs_type":"0100000021","track_ref":"","popis_objektu":"","year_surveyed":"1990","position_accuracy_class":"9","height_accuracy_class":"9","source_file":"VS_CZ064_MOMC_551252_20260731_DI.jvf.zip"},"geometry":{"type":"LineString","coordinates":[[-595385.16,-1159324.16,207.89],[-595374.77,-1159317.0,207.91],[-595365.43,-1159308.61,207.94]]}},{"type":"Feature","id":"64002050000003490","properties":{"id":"64002050000003490","dmvs_type":"0100000021","track_ref":"","popis_objektu":"","year_surveyed":"2006","position_accuracy_class":"9","height_accuracy_class":"9","source_file":"VS_CZ064_MOMC_551252_20260731_DI.jvf.zip"},"geometry":{"type":"LineString","coordinates":[[-594812.34,-1158264.63,217.64],[-594808.61,-1158252.61,217.81],[-594803.32,-1158241.17,217.98]]}},{"type":"Feature","id":"64002050000003495","properties":{"id":"64002050000003495","dmvs_type":"0100000021","track_ref":"","popis_objektu":"","year_surveyed":"1986","position_accuracy_class":"9","height_accuracy_class":"9","source_file":"VS_CZ064_MOMC_551252_20260731_DI.jvf.zip"},"geometry":{"type":"LineString","coordinates":[[-594726.58,-1158084.09,219.22],[-594719.65,-1158068.99,219.3],[-594711.02,-1158054.61,219.38]]}},{"type":"Feature","id":"64002050000003502","properties":{"id":"64002050000003502","dmvs_type":"0100000021","track_ref":"","popis_objektu":"","year_surveyed":"1980","position_accuracy_class":"9","height_accuracy_class":"9","source_file":"VS_CZ064_MOMC_551252_20260731_DI.jvf.zip"},"geometry":{"type":"LineString","coordinates":[[-595254.16,-1159193.95,214.48],[-595246.2,-1159184.16,214.51],[-595238.14,-1159174.23,214.54]]}},{"type":"Feature","id":"64002050000003513","properties":{"id":"64002050000003513","dmvs_type":"0100000021","track_ref":"","popis_objektu":"","year_surveyed":"1980","position_accuracy_class":"9","height_accuracy_class":"9","source_file":"VS_CZ064_MOMC_551252_20260731_DI.jvf.zip"},"geometry":{"type":"LineString","coordinates":[[-595238.14,-1159174.23,214.54],[-595230.23,-1159164.4,214.45],[-595222.41,-1159154.68,214.36]]}},{"type":"Feature","id":"64002050000003626","properties":{"id":"64002050000003626","dmvs_type":"0100000021","track_ref":"","popis_objektu":"","year_surveyed":"2008","position_accuracy_class":"9","height_accuracy_class":"9","source_file":"VS_CZ064_MOMC_551252_20260731_DI.jvf.zip"},"geometry":{"type":"LineString","coordinates":[[-595414.11,-1159316.09,214.54],[-595403.99,-1159308.58,214.57],[-595393.0,-1159302.41,214.61]]}},{"type":"Feature","id":"64002050000003722","properties":{"id":"64002050000003722","dmvs_type":"0100000021","track_ref":"","popis_objektu":"","year_surveyed":"2008","position_accuracy_class":"9","height_accuracy_class":"9","source_file":"VS_CZ064_MOMC_551252_20260731_DI.jvf.zip"},"geometry":{"type":"LineString","coordinates":[[-595384.21,-1159297.59,214.65],[-595373.15,-1159291.51,214.68],[-595362.16,-1159285.47,214.71]]}},{"type":"Feature","id":"64002050000003755","properties":{"id":"64002050000003755","dmvs_type":"0100000021","track_ref":"","popis_objektu":"","year_surveyed":"1984","position_accuracy_class":"9","height_accuracy_class":"9","source_file":"VS_CZ064_MOMC_551252_20260731_DI.jvf.zip"},"geometry":{"type":"LineString","coordinates":[[-594767.79,-1158254.35,217.32],[-594766.4,-1158248.56,217.26],[-594764.17,-1158239.17,217.38],[-594762.81,-1158233.42,217.32]]}},{"type":"Feature","id":"64002050000003838","properties":{"id":"64002050000003838","dmvs_type":"0100000021","track_ref":"","popis_objektu":"","year_surveyed":"2008","position_accuracy_class":"9","height_accuracy_class":"9","source_file":"VS_CZ064_MOMC_551252_20260731_DI.jvf.zip"},"geometry":{"type":"LineString","coordinates":[[-595393.0,-1159302.41,214.61],[-595384.21,-1159297.59,214.65]]}},{"type":"Feature","id":"64002050000003878","properties":{"id":"64002050000003878","dmvs_type":"0100000021","track_ref":"","popis_objektu":"","year_surveyed":"2003","position_accuracy_class":"9","height_accuracy_class":"9","source_file":"VS_CZ064_MOMC_551252_20260731_DI.jvf.zip"},"geometry":{"type":"LineString","coordinates":[[-595245.31,-1159119.42,215.09],[-595243.62,-1159117.01,215.11],[-595231.47,-1159099.44,215.08],[-595229.79,-1159097.0,215.09]]}},{"type":"Feature","id":"64002050000003896","properties":{"id":"64002050000003896","dmvs_type":"0100000021","track_ref":"","popis_objektu":"","year_surveyed":"1983","position_accuracy_class":"9","height_accuracy_class":"9","source_file":"VS_CZ064_MOMC_551252_20260731_DI.jvf.zip"},"geometry":{"type":"LineString","coordinates":[[-595270.78,-1159243.96,214.57],[-595259.06,-1159239.28,214.49],[-595246.75,-1159236.14,214.41]]}},{"type":"Feature","id":"64002050000003914","properties":{"id":"64002050000003914","dmvs_type":"0100000021","track_ref":"","popis_objektu":"","year_surveyed":"1980","position_accuracy_class":"9","height_accuracy_class":"9","source_file":"VS_CZ064_MOMC_551252_20260731_DI.jvf.zip"},"geometry":{"type":"LineString","coordinates":[[-594816.52,-1158396.74,216.05],[-594813.14,-1158384.46,216.07],[-594809.8,-1158372.3,216.09]]}},{"type":"Feature","id":"64002050000004096","properties":{"id":"64002050000004096","dmvs_type":"0100000021","track_ref":"","popis_objektu":"","year_surveyed":"2006","position_accuracy_class":"9","height_accuracy_class":"9","source_file":"VS_CZ064_MOMC_551252_20260731_DI.jvf.zip"},"geometry":{"type":"LineString","coordinates":[[-594067.12,-1157747.47,218.56],[-594048.18,-1157755.99,218.77],[-594029.99,-1157766.08,218.98]]}},{"type":"Feature","id":"64002050000004183","properties":{"id":"64002050000004183","dmvs_type":"0100000021","track_ref":"","popis_objektu":"","year_surveyed":"1986","position_accuracy_class":"9","height_accuracy_class":"9","source_file":"VS_CZ064_MOMC_551252_20260731_DI.jvf.zip"},"geometry":{"type":"LineString","coordinates":[[-594780.49,-1158170.29,218.5],[-594769.36,-1158151.65,218.63]]}},{"type":"Feature","id":"64002050000004423","properties":{"id":"64002050000004423","dmvs_type":"0100000021","track_ref":"","popis_objektu":"","year_surveyed":"1982","position_accuracy_class":"9","height_accuracy_class":"9","source_file":"VS_CZ064_MOMC_551252_20260731_DI.jvf.zip"},"geometry":{"type":"LineString","coordinates":[[-595189.23,-1159073.77,214.9],[-595181.14,-1159064.11,214.95],[-595173.04,-1159054.45,215.01]]}},{"type":"Feature","id":"64002050000004450","properties":{"id":"64002050000004450","dmvs_type":"0100000021","track_ref":"","popis_objektu":"","year_surveyed":"1987","position_accuracy_class":"9","height_accuracy_class":"9","source_file":"VS_CZ064_MOMC_551252_20260731_DI.jvf.zip"},"geometry":{"type":"LineString","coordinates":[[-595209.45,-1159055.74,215.02],[-595201.51,-1159041.14,215.05],[-595195.22,-1159025.74,215.08]]}},{"type":"Feature","id":"64002050000004511","properties":{"id":"64002050000004511","dmvs_type":"0100000021","track_ref":"","popis_objektu":"","year_surveyed":"1988","position_accuracy_class":"9","height_accuracy_class":"9","source_file":"VS_CZ064_MOMC_551252_20260731_DI.jvf.zip"},"geometry":{"type":"LineString","coordinates":[[-594753.91,-1158548.84,216.07],[-594749.87,-1158535.82,216.07],[-594745.83,-1158522.8,216.07]]}},{"type":"Feature","id":"64002050000004530","properties":{"id":"64002050000004530","dmvs_type":"0100000021","track_ref":"","popis_objektu":"","year_surveyed":"1983","position_accuracy_class":"9","height_accuracy_class":"9","source_file":"VS_CZ064_MOMC_551252_20260731_DI.jvf.zip"},"geometry":{"type":"LineString","coordinates":[[-595222.03,-1159231.31,214.31],[-595211.59,-1159229.95,214.31],[-595200.92,-1159228.57,214.31]]}},{"type":"Feature","id":"64002050000004599","properties":{"id":"64002050000004599","dmvs_type":"0100000021","track_ref":"","popis_objektu":"","year_surveyed":"1984","position_accuracy_class":"9","height_accuracy_class":"9","source_file":"VS_CZ064_MOMC_551252_20260731_DI.jvf.zip"},"geometry":{"type":"LineString","coordinates":[[-594764.74,-1158390.11,216.16],[-594765.42,-1158385.85,216.15],[-594767.11,-1158376.32,216.18],[-594768.03,-1158370.5,216.16]]}},{"type":"Feature","id":"64002050000004612","properties":{"id":"64002050000004612","dmvs_type":"0100000021","track_ref":"","popis_objektu":"","year_surveyed":"2006","position_accuracy_class":"9","height_accuracy_class":"9","source_file":"VS_CZ064_MOMC_551252_20260731_DI.jvf.zip"},"geometry":{"type":"LineString","coordinates":[[-594029.99,-1157766.08,218.98],[-594027.12,-1157767.66,219.05]]}},{"type":"Feature","id":"64002050000004679","properties":{"id":"64002050000004679","dmvs_type":"0100000021","track_ref":"","popis_objektu":"","year_surveyed":"1984","position_accuracy_class":"9","height_accuracy_class":"9","source_file":"VS_CZ064_MOMC_551252_20260731_DI.jvf.zip"},"geometry":{"type":"LineString","coordinates":[[-594774.92,-1158410.3,216.01],[-594774.48,-1158397.66,216.07],[-594774.06,-1158385.06,216.13]]}},{"type":"Feature","id":"64002050000004681","properties":{"id":"64002050000004681","dmvs_type":"0100000021","track_ref":"","popis_objektu":"","year_surveyed":"1987","position_accuracy_class":"9","height_accuracy_class":"9","source_file":"VS_CZ064_MOMC_551252_20260731_DI.jvf.zip"},"geometry":{"type":"LineString","coordinates":[[-595193.57,-1159026.52,215.01],[-595187.6,-1159015.41,215.03],[-595180.15,-1159005.09,215.06]]}},{"type":"Feature","id":"64002050000004713","properties":{"id":"64002050000004713","dmvs_type":"0100000021","track_ref":"","popis_objektu":"","year_surveyed":"1990","position_accuracy_class":"9","height_accuracy_class":"9","source_file":"VS_CZ064_MOMC_551252_20260731_DI.jvf.zip"},"geometry":{"type":"LineString","coordinates":[[-594773.2,-1158553.6,215.4],[-594768.4,-1158538.52,215.44],[-594764.46,-1158526.13,215.48]]}},{"type":"Feature","id":"64002050000004788","properties":{"id":"64002050000004788","dmvs_type":"0100000021","track_ref":"","popis_objektu":"","year_surveyed":"1986","position_accuracy_class":"9","height_accuracy_class":"9","source_file":"VS_CZ064_MOMC_551252_20260731_DI.jvf.zip"},"geometry":{"type":"LineString","coordinates":[[-594730.52,-1158092.67,219.2],[-594726.58,-1158084.09,219.22]]}},{"type":"Feature","id":"64002050000004794","properties":{"id":"64002050000004794","dmvs_type":"0100000021","track_ref":"","popis_objektu":"","year_surveyed":"1984","position_accuracy_class":"9","height_accuracy_class":"9","source_file":"VS_CZ064_MOMC_551252_20260731_DI.jvf.zip"},"geometry":{"type":"LineString","coordinates":[[-594765.37,-1158470.07,215.81],[-594762.77,-1158457.7,215.85],[-594761.81,-1158445.13,215.89]]}},{"type":"Feature","id":"64002050000004935","properties":{"id":"64002050000004935","dmvs_type":"0100000021","track_ref":"","popis_objektu":"","year_surveyed":"2011","position_accuracy_class":"9","height_accuracy_class":"9","source_file":"VS_CZ064_MOMC_551252_20260731_DI.jvf.zip"},"geometry":{"type":"LineString","coordinates":[[-594744.42,-1158122.89,218.96],[-594737.47,-1158107.79,219.05],[-594732.19,-1158092.0,219.14]]}},{"type":"Feature","id":"64002050000005073","properties":{"id":"64002050000005073","dmvs_type":"0100000021","track_ref":"","popis_objektu":"","year_surveyed":"2003","position_accuracy_class":"9","height_accuracy_class":"9","source_file":"VS_CZ064_MOMC_551252_20260731_DI.jvf.zip"},"geometry":{"type":"LineString","coordinates":[[-595245.31,-1159119.42,215.11],[-595243.62,-1159117.01,215.11],[-595237.54,-1159108.22,215.11],[-595232.6,-1159098.74,215.12],[-595231.18,-1159096.14,215.11]]}},{"type":"Feature","id":"64002050000005142","properties":{"id":"64002050000005142","dmvs_type":"0100000021","track_ref":"","popis_objektu":"","year_surveyed":"2014","position_accuracy_class":"9","height_accuracy_class":"9","source_file":"VS_CZ064_MOMC_551252_20260731_DI.jvf.zip"},"geometry":{"type":"LineString","coordinates":[[-594816.72,-1158230.6,217.87],[-594808.18,-1158216.41,218.04],[-594799.56,-1158202.12,218.21]]}},{"type":"Feature","id":"64002050000005167","properties":{"id":"64002050000005167","dmvs_type":"0100000021","track_ref":"","popis_objektu":"","year_surveyed":"2011","position_accuracy_class":"9","height_accuracy_class":"9","source_file":"VS_CZ064_MOMC_551252_20260731_DI.jvf.zip"},"geometry":{"type":"LineString","coordinates":[[-594742.6,-1158123.37,218.97],[-594737.47,-1158107.79,219.05],[-594732.19,-1158092.0,219.14]]}},{"type":"Feature","id":"64002050000005227","properties":{"id":"64002050000005227","dmvs_type":"0100000021","track_ref":"","popis_objektu":"","year_surveyed":"1985","position_accuracy_class":"9","height_accuracy_class":"9","source_file":"VS_CZ064_MOMC_551252_20260731_DI.jvf.zip"},"geometry":{"type":"LineString","coordinates":[[-594681.31,-1157875.33,221.0],[-594679.69,-1157858.69,221.15],[-594678.03,-1157842.25,221.31]]}},{"type":"Feature","id":"64002050000005286","properties":{"id":"64002050000005286","dmvs_type":"0100000021","track_ref":"","popis_objektu":"","year_surveyed":"9999","position_accuracy_class":"9","height_accuracy_class":"9","source_file":"VS_CZ064_MOMC_551252_20260731_DI.jvf.zip"},"geometry":{"type":"LineString","coordinates":[[-594685.4,-1158015.71,219.73],[-594682.64,-1158010.02,219.79]]}},{"type":"Feature","id":"64002050000005328","properties":{"id":"64002050000005328","dmvs_type":"0100000021","track_ref":"","popis_objektu":"","year_surveyed":"9999","position_accuracy_class":"9","height_accuracy_class":"9","source_file":"VS_CZ064_MOMC_551252_20260731_DI.jvf.zip"},"geometry":{"type":"LineString","coordinates":[[-594717.32,-1158120.86,219.0],[-594714.81,-1158110.29,219.11],[-594712.78,-1158102.33,219.16],[-594702.31,-1158061.81,219.45],[-594695.37,-1158040.91,219.49]]}},{"type":"Feature","id":"64002050000005344","properties":{"id":"64002050000005344","dmvs_type":"0100000021","track_ref":"","popis_objektu":"","year_surveyed":"9999","position_accuracy_class":"9","height_accuracy_class":"9","source_file":"VS_CZ064_MOMC_551252_20260731_DI.jvf.zip"},"geometry":{"type":"LineString","coordinates":[[-595213.59,-1159167.91,214.39],[-595203.29,-1159156.98,214.36],[-595193.46,-1159146.68,214.29],[-595180.4,-1159133.11,214.25],[-595164.11,-1159115.78,214.19],[-595148.91,-1159099.21,214.72],[-595133.98,-1159079.61,214.72],[-595121.21,-1159060.26,213.48],[-595111.18,-1159041.53,214.72],[-595103.86,-1159025.69,213.53],[-595089.69,-1158994.71,213.61],[-595055.94,-1158920.93,213.85],[-594999.1,-1158797.11,214.76],[-594966.5,-1158726.05,214.72],[-594913.23,-1158609.57,215.43],[-594880.48,-1158538.35,215.54],[-594838.04,-1158445.27,215.87],[-594827.62,-1158420.79,215.94],[-594822.2,-1158407.08,215.98],[-594818.18,-1158396.23,216.06]]}},{"type":"Feature","id":"64002050000005346","properties":{"id":"64002050000005346","dmvs_type":"0100000021","track_ref":"","popis_objektu":"","year_surveyed":"9999","position_accuracy_class":"9","height_accuracy_class":"9","source_file":"VS_CZ064_MOMC_551252_20260731_DI.jvf.zip"},"geometry":{"type":"LineString","coordinates":[[-594823.32,-1158238.08,217.82],[-594814.28,-1158218.25,217.96],[-594772.07,-1158126.45,218.78],[-594747.18,-1158072.06,219.13],[-594735.14,-1158045.9,219.35],[-594726.95,-1158026.55,219.15],[-594719.55,-1158005.73,219.15],[-594712.59,-1157984.7,219.86],[-594707.82,-1157967.42,220.05],[-594701.44,-1157940.23,220.32]]}},{"type":"Feature","id":"64002050000005398","properties":{"id":"64002050000005398","dmvs_type":"0100000021","track_ref":"","popis_objektu":"","year_surveyed":"9999","position_accuracy_class":"9","height_accuracy_class":"9","source_file":"VS_CZ064_MOMC_551252_20260731_DI.jvf.zip"},"geometry":{"type":"LineString","coordinates":[[-594770.23,-1158324.26,216.39],[-594769.96,-1158319.98,216.45],[-594768.4,-1158292.12,216.65],[-594767.54,-1158280.76,216.77]]}},{"type":"Feature","id":"64002050000005428","properties":{"id":"64002050000005428","dmvs_type":"0100000021","track_ref":"","popis_objektu":"","year_surveyed":"1983","position_accuracy_class":"9","height_accuracy_class":"9","source_file":"VS_CZ064_MOMC_551252_20260731_DI.jvf.zip"},"geometry":{"type":"LineString","coordinates":[[-595212.16,-1159201.9,214.34],[-595201.93,-1159194.51,214.35],[-595191.76,-1159187.16,214.37]]}},{"type":"Feature","id":"64002050000005474","properties":{"id":"64002050000005474","dmvs_type":"0100000021","track_ref":"","popis_objektu":"","year_surveyed":"1989","position_accuracy_class":"9","height_accuracy_class":"9","source_file":"VS_CZ064_MOMC_551252_20260731_DI.jvf.zip"},"geometry":{"type":"LineString","coordinates":[[-594724.87,-1158144.64,218.72],[-594720.27,-1158132.89,218.86],[-594717.32,-1158120.86,219.0]]}},{"type":"Feature","id":"64002050000005509","properties":{"id":"64002050000005509","dmvs_type":"0100000021","track_ref":"","popis_objektu":"","year_surveyed":"2008","position_accuracy_class":"9","height_accuracy_class":"9","source_file":"VS_CZ064_MOMC_551252_20260731_DI.jvf.zip"},"geometry":{"type":"LineString","coordinates":[[-595431.03,-1159323.34,214.45],[-595422.91,-1159318.96,214.53],[-595414.97,-1159314.75,214.59]]}},{"type":"Feature","id":"64002050000005555","properties":{"id":"64002050000005555","dmvs_type":"0100000021","track_ref":"","popis_objektu":"","year_surveyed":"2002","position_accuracy_class":"9","height_accuracy_class":"9","source_file":"VS_CZ064_MOMC_551252_20260731_DI.jvf.zip"},"geometry":{"type":"LineString","coordinates":[[-594790.33,-1158239.98,217.42],[-594788.12,-1158227.34,217.42],[-594784.45,-1158215.28,217.42]]}},{"type":"Feature","id":"64002050000005573","properties":{"id":"64002050000005573","dmvs_type":"0100000021","track_ref":"","popis_objektu":"","year_surveyed":"1983","position_accuracy_class":"9","height_accuracy_class":"9","source_file":"VS_CZ064_MOMC_551252_20260731_DI.jvf.zip"},"geometry":{"type":"LineString","coordinates":[[-595131.06,-1159212.67,214.15],[-595119.54,-1159207.53,214.1],[-595107.95,-1159202.37,214.06]]}},{"type":"Feature","id":"64002050000005676","properties":{"id":"64002050000005676","dmvs_type":"0100000021","track_ref":"","popis_objektu":"","year_surveyed":"1988","position_accuracy_class":"9","height_accuracy_class":"9","source_file":"VS_CZ064_MOMC_551252_20260731_DI.jvf.zip"},"geometry":{"type":"LineString","coordinates":[[-594733.47,-1158476.95,216.56],[-594730.31,-1158464.74,216.71],[-594725.55,-1158453.07,216.86]]}},{"type":"Feature","id":"64002050000005679","properties":{"id":"64002050000005679","dmvs_type":"0100000021","track_ref":"","popis_objektu":"","year_surveyed":"2010","position_accuracy_class":"9","height_accuracy_class":"9","source_file":"VS_CZ064_MOMC_551252_20260731_DI.jvf.zip"},"geometry":{"type":"LineString","coordinates":[[-594827.45,-1158381.78,216.0],[-594809.78,-1158353.74,216.07]]}},{"type":"Feature","id":"64002050000005740","properties":{"id":"64002050000005740","dmvs_type":"0100000021","track_ref":"","popis_objektu":"","year_surveyed":"1980","position_accuracy_class":"9","height_accuracy_class":"9","source_file":"VS_CZ064_MOMC_551252_20260731_DI.jvf.zip"},"geometry":{"type":"LineString","coordinates":[[-595237.33,-1159170.02,214.52],[-595230.03,-1159159.73,214.47],[-595222.76,-1159149.46,214.42]]}},{"type":"Feature","id":"64002050000005756","properties":{"id":"64002050000005756","dmvs_type":"0100000021","track_ref":"","popis_objektu":"","year_surveyed":"1986","position_accuracy_class":"9","height_accuracy_class":"9","source_file":"VS_CZ064_MOMC_551252_20260731_DI.jvf.zip"},"geometry":{"type":"LineString","coordinates":[[-594728.2,-1158083.24,219.21],[-594719.65,-1158068.99,219.29],[-594711.02,-1158054.61,219.38]]}},{"type":"Feature","id":"64002050000005828","properties":{"id":"64002050000005828","dmvs_type":"0100000021","track_ref":"","popis_objektu":"","year_surveyed":"2002","position_accuracy_class":"9","height_accuracy_class":"9","source_file":"VS_CZ064_MOMC_551252_20260731_DI.jvf.zip"},"geometry":{"type":"LineString","coordinates":[[-594784.45,-1158215.28,218.07],[-594780.96,-1158203.23,218.07],[-594775.92,-1158191.68,218.07]]}},{"type":"Feature","id":"64002050000005845","properties":{"id":"64002050000005845","dmvs_type":"0100000021","track_ref":"","popis_objektu":"","year_surveyed":"9999","position_accuracy_class":"9","height_accuracy_class":"9","source_file":"VS_CZ064_MOMC_551252_20260731_DI.jvf.zip"},"geometry":{"type":"LineString","coordinates":[[-594233.77,-1157642.48,218.88],[-594204.59,-1157657.05,218.75],[-594178.42,-1157670.04,218.54],[-594156.29,-1157681.19,218.36],[-594134.2,-1157693.23,218.74],[-594081.56,-1157722.22,218.74],[-593982.25,-1157777.03,219.19]]}},{"type":"Feature","id":"64002050000005975","properties":{"id":"64002050000005975","dmvs_type":"0100000021","track_ref":"","popis_objektu":"","year_surveyed":"9999","position_accuracy_class":"9","height_accuracy_class":"9","source_file":"VS_CZ064_MOMC_551252_20260731_DI.jvf.zip"},"geometry":{"type":"LineString","coordinates":[[-594801.25,-1158201.23,218.14],[-594780.36,-1158155.72,218.57],[-594766.02,-1158124.48,218.83],[-594742.93,-1158074.04,219.15],[-594731.26,-1158048.53,219.37],[-594722.79,-1158029.1,219.47],[-594716.66,-1158012.43,219.68],[-594708.16,-1157986.2,219.47],[-594702.59,-1157966.29,220.09],[-594695.41,-1157934.72,220.37],[-594683.21,-1157875.1,221.04]]}},{"type":"Feature","id":"64002050000005992","properties":{"id":"64002050000005992","dmvs_type":"0100000021","track_ref":"","popis_objektu":"","year_surveyed":"2014","position_accuracy_class":"9","height_accuracy_class":"9","source_file":"VS_CZ064_MOMC_551252_20260731_DI.jvf.zip"},"geometry":{"type":"LineString","coordinates":[[-595187.65,-1159190.12,214.37],[-595156.57,-1159167.81,214.23],[-595146.33,-1159160.06,214.86],[-595135.8,-1159151.44,214.13],[-595125.01,-1159141.64,214.86],[-595116.89,-1159133.09,214.86],[-595107.0,-1159120.94,214.86],[-595093.86,-1159102.91,213.46],[-595081.68,-1159081.75,214.86],[-595073.06,-1159064.81,213.47],[-595028.15,-1158966.78,213.88],[-594990.69,-1158885.3,214.59],[-594950.86,-1158798.56,214.84],[-594909.39,-1158708.28,215.29],[-594875.47,-1158634.06,215.39],[-594841.0,-1158558.88,215.64],[-594815.23,-1158502.9,215.76],[-594805.9,-1158481.21,214.86],[-594798.98,-1158462.62,215.86],[-594795.69,-1158451.14,214.86],[-594793.18,-1158438.82,214.86],[-594791.89,-1158427.35,215.98],[-594791.1,-1158416.76,214.86],[-594790.82,-1158407.26,216.06]]}},{"type":"Feature","id":"64002050000006031","properties":{"id":"64002050000006031","dmvs_type":"0100000021","track_ref":"","popis_objektu":"","year_surveyed":"9999","position_accuracy_class":"9","height_accuracy_class":"9","source_file":"VS_CZ064_MOMC_551252_20260731_DI.jvf.zip"},"geometry":{"type":"LineString","coordinates":[[-594668.75,-1158094.99,213.01],[-594667.73,-1158085.55,212.99]]}},{"type":"Feature","id":"64002050000006077","properties":{"id":"64002050000006077","dmvs_type":"0100000021","track_ref":"","popis_objektu":"","year_surveyed":"9999","position_accuracy_class":"9","height_accuracy_class":"9","source_file":"VS_CZ064_MOMC_551252_20260731_DI.jvf.zip"},"geometry":{"type":"LineString","coordinates":[[-595156.56,-1159192.53,214.29],[-595145.75,-1159187.6,214.68],[-595134.76,-1159181.7,214.68],[-595125.06,-1159175.76,214.19],[-595116.04,-1159169.22,214.68],[-595104.95,-1159160.0,214.68],[-595096.49,-1159151.91,214.16],[-595087.62,-1159142.1,214.68],[-595079.51,-1159131.83,214.68],[-595073.63,-1159123.28,213.62],[-595066.36,-1159111.14,214.68],[-595055.27,-1159087.27,213.53],[-595049.12,-1159074.05,213.55],[-595004.71,-1158977.13,214.36],[-594971.59,-1158904.88,214.48],[-594940.82,-1158837.89,214.68],[-594900.14,-1158748.97,214.95],[-594851.57,-1158643.17,215.25],[-594819.23,-1158572.49,215.58],[-594790.17,-1158509.04,215.83],[-594784.79,-1158496.62,214.68],[-594779.51,-1158482.12,214.68],[-594776.65,-1158472.65,215.87],[-594773.75,-1158460.33,214.68],[-594771.64,-1158449.96,214.68],[-594770.68,-1158442.6,215.93]]}},{"type":"Feature","id":"64002050000006092","properties":{"id":"64002050000006092","dmvs_type":"0100000021","track_ref":"","popis_objektu":"","year_surveyed":"1989","position_accuracy_class":"9","height_accuracy_class":"9","source_file":"VS_CZ064_MOMC_551252_20260731_DI.jvf.zip"},"geometry":{"type":"LineString","coordinates":[[-594740.21,-1158184.02,218.16],[-594735.64,-1158172.25,218.36],[-594731.08,-1158160.5,218.57]]}},{"type":"Feature","id":"64002050000006197","properties":{"id":"64002050000006197","dmvs_type":"0100000021","track_ref":"","popis_objektu":"","year_surveyed":"1981","position_accuracy_class":"9","height_accuracy_class":"9","source_file":"VS_CZ064_MOMC_551252_20260731_DI.jvf.zip"},"geometry":{"type":"LineString","coordinates":[[-594711.33,-1158200.28,218.91],[-594709.73,-1158187.59,219.07],[-594708.17,-1158175.08,219.24]]}},{"type":"Feature","id":"64002050000006203","properties":{"id":"64002050000006203","dmvs_type":"0100000021","track_ref":"","popis_objektu":"","year_surveyed":"2014","position_accuracy_class":"9","height_accuracy_class":"9","source_file":"VS_CZ064_MOMC_551252_20260731_DI.jvf.zip"},"geometry":{"type":"LineString","coordinates":[[-594837.16,-1158268.56,217.6],[-594830.32,-1158253.32,217.71],[-594823.32,-1158238.08,217.82]]}},{"type":"Feature","id":"64002050000006224","properties":{"id":"64002050000006224","dmvs_type":"0100000021","track_ref":"","popis_objektu":"","year_surveyed":"9999","position_accuracy_class":"9","height_accuracy_class":"9","source_file":"VS_CZ064_MOMC_551252_20260731_DI.jvf.zip"},"geometry":{"type":"LineString","coordinates":[[-594727.15,-1158452.52,216.86],[-594726.6,-1158450.57,216.84]]}},{"type":"Feature","id":"64002050000006296","properties":{"id":"64002050000006296","dmvs_type":"0100000021","track_ref":"","popis_objektu":"","year_surveyed":"9999","position_accuracy_class":"9","height_accuracy_class":"9","source_file":"VS_CZ064_MOMC_551252_20260731_DI.jvf.zip"},"geometry":{"type":"LineString","coordinates":[[-594749.48,-1158430.66,215.82],[-594751.84,-1158421.66,215.98],[-594754.46,-1158410.26,216.11],[-594756.72,-1158398.7,216.13],[-594758.59,-1158382.57,216.2],[-594759.81,-1158366.65,216.21],[-594762.02,-1158336.03,216.32]]}},{"type":"Feature","id":"64002050000006329","properties":{"id":"64002050000006329","dmvs_type":"0100000021","track_ref":"","popis_objektu":"","year_surveyed":"1985","position_accuracy_class":"9","height_accuracy_class":"9","source_file":"VS_CZ064_MOMC_551252_20260731_DI.jvf.zip"},"geometry":{"type":"LineString","coordinates":[[-594667.0,-1158122.59,212.86],[-594665.84,-1158112.13,212.9],[-594665.91,-1158095.45,212.94]]}},{"type":"Feature","id":"64002050000006334","properties":{"id":"64002050000006334","dmvs_type":"0100000021","track_ref":"","popis_objektu":"","year_surveyed":"1986","position_accuracy_class":"9","height_accuracy_class":"9","source_file":"VS_CZ064_MOMC_551252_20260731_DI.jvf.zip"},"geometry":{"type":"LineString","coordinates":[[-594788.6,-1158196.55,218.27],[-594782.91,-1158184.12,218.38],[-594778.34,-1158171.3,218.5]]}},{"type":"Feature","id":"64002050000006367","properties":{"id":"64002050000006367","dmvs_type":"0100000021","track_ref":"","popis_objektu":"","year_surveyed":"9999","position_accuracy_class":"9","height_accuracy_class":"9","source_file":"VS_CZ064_MOMC_551252_20260731_DI.jvf.zip"},"geometry":{"type":"LineString","coordinates":[[-594764.41,-1158349.12,216.26],[-594764.24,-1158346.11,216.3],[-594763.66,-1158336.1,216.31]]}},{"type":"Feature","id":"64002050000006377","properties":{"id":"64002050000006377","dmvs_type":"0100000021","track_ref":"","popis_objektu":"","year_surveyed":"9999","position_accuracy_class":"9","height_accuracy_class":"9","source_file":"VS_CZ064_MOMC_551252_20260731_DI.jvf.zip"},"geometry":{"type":"LineString","coordinates":[[-595197.24,-1159216.09,214.35],[-595180.95,-1159212.08,214.28],[-595167.98,-1159207.95,214.79],[-595156.24,-1159203.04,214.24],[-595142.54,-1159196.68,214.79],[-595130.53,-1159190.34,214.79],[-595119.79,-1159183.86,214.14],[-595102.83,-1159170.71,214.79],[-595090.29,-1159158.71,214.79],[-595079.72,-1159147.31,214.79],[-595071.12,-1159136.58,214.79],[-595065.53,-1159128.38,213.53],[-595056.7,-1159112.8,214.79],[-595046.85,-1159091.98,213.56],[-595005.55,-1159001.75,214.17],[-594963.02,-1158909.0,214.79],[-594932.57,-1158842.61,214.79],[-594895.49,-1158761.32,214.79],[-594844.19,-1158649.66,215.35],[-594801.7,-1158556.99,215.65],[-594793.94,-1158540.21,215.7],[-594784.55,-1158521.31,215.71],[-594779.27,-1158510.82,214.79],[-594774.8,-1158500.97,214.79],[-594771.22,-1158491.44,215.79],[-594767.91,-1158480.21,214.79],[-594765.37,-1158470.07,215.81]]}},{"type":"Feature","id":"64002050000006402","properties":{"id":"64002050000006402","dmvs_type":"0100000021","track_ref":"","popis_objektu":"","year_surveyed":"1988","position_accuracy_class":"9","height_accuracy_class":"9","source_file":"VS_CZ064_MOMC_551252_20260731_DI.jvf.zip"},"geometry":{"type":"LineString","coordinates":[[-594767.97,-1158617.8,215.42],[-594764.98,-1158605.49,215.41],[-594762.01,-1158593.24,215.41]]}},{"type":"Feature","id":"64002050000006454","properties":{"id":"64002050000006454","dmvs_type":"0100000021","track_ref":"","popis_objektu":"","year_surveyed":"1997","position_accuracy_class":"9","height_accuracy_class":"9","source_file":"VS_CZ064_MOMC_551252_20260731_DI.jvf.zip"},"geometry":{"type":"LineString","coordinates":[[-594758.11,-1158234.37,217.8],[-594755.14,-1158222.05,217.8],[-594752.17,-1158209.73,217.8]]}},{"type":"Feature","id":"64002050000006468","properties":{"id":"64002050000006468","dmvs_type":"0100000021","track_ref":"","popis_objektu":"","year_surveyed":"1997","position_accuracy_class":"9","height_accuracy_class":"9","source_file":"VS_CZ064_MOMC_551252_20260731_DI.jvf.zip"},"geometry":{"type":"LineString","coordinates":[[-594759.22,-1158234.1,218.01],[-594755.14,-1158222.05,218.01],[-594750.59,-1158210.37,218.01]]}},{"type":"Feature","id":"64002050000006488","properties":{"id":"64002050000006488","dmvs_type":"0100000021","track_ref":"","popis_objektu":"","year_surveyed":"9999","position_accuracy_class":"9","height_accuracy_class":"9","source_file":"VS_CZ064_MOMC_551252_20260731_DI.jvf.zip"},"geometry":{"type":"LineString","coordinates":[[-595300.02,-1159189.91,215.03],[-595283.58,-1159166.2,215.05],[-595248.55,-1159115.7,215.01],[-595240.92,-1159104.64,215.01],[-595226.7,-1159084.12,215.04]]}},{"type":"Feature","id":"64002050000006531","properties":{"id":"64002050000006531","dmvs_type":"0100000021","track_ref":"","popis_objektu":"","year_surveyed":"2014","position_accuracy_class":"9","height_accuracy_class":"9","source_file":"VS_CZ064_MOMC_551252_20260731_DI.jvf.zip"},"geometry":{"type":"LineString","coordinates":[[-594815.09,-1158231.53,217.9],[-594808.18,-1158216.41,218.02],[-594801.25,-1158201.23,218.14]]}},{"type":"Feature","id":"64002050000006564","properties":{"id":"64002050000006564","dmvs_type":"0100000021","track_ref":"","popis_objektu":"","year_surveyed":"9999","position_accuracy_class":"9","height_accuracy_class":"9","source_file":"VS_CZ064_MOMC_551252_20260731_DI.jvf.zip"},"geometry":{"type":"LineString","coordinates":[[-594461.58,-1157794.63,220.4],[-594431.72,-1157781.28,221.02],[-594404.47,-1157770.01,220.64],[-594374.58,-1157760.31,221.02],[-594347.2,-1157753.24,220.78],[-594316.76,-1157747.49,221.02],[-594288.91,-1157744.01,220.95],[-594258.06,-1157742.13,221.02],[-594231.18,-1157741.94,221.11],[-594197.27,-1157743.77,221.02],[-594170.19,-1157747.08,221.33],[-594139.45,-1157753.01,221.02],[-594115.69,-1157758.76,221.31],[-594086.41,-1157767.91,221.02],[-594058.05,-1157778.88,221.26],[-594030.44,-1157789.79,221.25],[-594020.27,-1157793.5,221.25]]}},{"type":"Feature","id":"64002050000006589","properties":{"id":"64002050000006589","dmvs_type":"0100000021","track_ref":"","popis_objektu":"","year_surveyed":"9999","position_accuracy_class":"9","height_accuracy_class":"9","source_file":"VS_CZ064_MOMC_551252_20260731_DI.jvf.zip"},"geometry":{"type":"LineString","coordinates":[[-594664.01,-1158095.54,213.01],[-594660.73,-1158071.53,213.44],[-594656.79,-1158048.84,217.22],[-594652.19,-1158027.44,214.63],[-594646.98,-1158007.21,217.22],[-594640.55,-1157986.93,217.22],[-594634.98,-1157972.53,216.1],[-594627.14,-1157955.76,217.22],[-594616.9,-1157938.21,217.22],[-594608.77,-1157926.57,217.29],[-594595.1,-1157909.32,217.22],[-594582.68,-1157895.29,218.31],[-594562.1,-1157874.29,219.09],[-594531.76,-1157846.02,219.91],[-594516.18,-1157832.32,220.18],[-594496.73,-1157816.66,220.27]]}},{"type":"Feature","id":"64002050000006643","properties":{"id":"64002050000006643","dmvs_type":"0100000021","track_ref":"","popis_objektu":"","year_surveyed":"1987","position_accuracy_class":"9","height_accuracy_class":"9","source_file":"VS_CZ064_MOMC_551252_20260731_DI.jvf.zip"},"geometry":{"type":"LineString","coordinates":[[-594865.12,-1158420.51,216.57],[-594859.81,-1158408.97,216.58],[-594853.2,-1158398.38,216.6]]}},{"type":"Feature","id":"64002050000006695","properties":{"id":"64002050000006695","dmvs_type":"0100000021","track_ref":"","popis_objektu":"","year_surveyed":"1985","position_accuracy_class":"9","height_accuracy_class":"9","source_file":"VS_CZ064_MOMC_551252_20260731_DI.jvf.zip"},"geometry":{"type":"LineString","coordinates":[[-594697.03,-1158040.19,219.53],[-594689.91,-1158025.21,219.63],[-594685.4,-1158015.71,219.73]]}},{"type":"Feature","id":"64002050000006701","properties":{"id":"64002050000006701","dmvs_type":"0100000021","track_ref":"","popis_objektu":"","year_surveyed":"9999","position_accuracy_class":"9","height_accuracy_class":"9","source_file":"VS_CZ064_MOMC_551252_20260731_DI.jvf.zip"},"geometry":{"type":"LineString","coordinates":[[-594839.43,-1158377.7,216.99],[-594832.52,-1158366.92,216.7],[-594825.47,-1158355.1,216.79],[-594818.38,-1158341.37,216.99],[-594812.22,-1158327.33,216.99],[-594807.69,-1158315.18,217.0],[-594803.62,-1158302.74,216.99],[-594800.63,-1158292.55,217.26],[-594797.92,-1158281.38,217.09],[-594794.42,-1158264.77,217.15]]}},{"type":"Feature","id":"64002050000006707","properties":{"id":"64002050000006707","dmvs_type":"0100000021","track_ref":"","popis_objektu":"","year_surveyed":"1980","position_accuracy_class":"9","height_accuracy_class":"9","source_file":"VS_CZ064_MOMC_551252_20260731_DI.jvf.zip"},"geometry":{"type":"LineString","coordinates":[[-595251.51,-1159201.17,214.58],[-595241.74,-1159193.19,214.57],[-595233.08,-1159184.01,214.56]]}},{"type":"Feature","id":"64002050000006721","properties":{"id":"64002050000006721","dmvs_type":"0100000021","track_ref":"","popis_objektu":"","year_surveyed":"9999","position_accuracy_class":"9","height_accuracy_class":"9","source_file":"VS_CZ064_MOMC_551252_20260731_DI.jvf.zip"},"geometry":{"type":"LineString","coordinates":[[-595246.21,-1159228.81,214.51],[-595234.78,-1159222.58,214.36]]}},{"type":"Feature","id":"64002050000006739","properties":{"id":"64002050000006739","dmvs_type":"0100000021","track_ref":"","popis_objektu":"","year_surveyed":"9999","position_accuracy_class":"9","height_accuracy_class":"9","source_file":"VS_CZ064_MOMC_551252_20260731_DI.jvf.zip"},"geometry":{"type":"LineString","coordinates":[[-595233.08,-1159184.01,214.56],[-595225.73,-1159175.67,214.51],[-595221.46,-1159170.7,214.45]]}},{"type":"Feature","id":"64002050000006859","properties":{"id":"64002050000006859","dmvs_type":"0100000021","track_ref":"","popis_objektu":"","year_surveyed":"9999","position_accuracy_class":"9","height_accuracy_class":"9","source_file":"VS_CZ064_MOMC_551252_20260731_DI.jvf.zip"},"geometry":{"type":"LineString","coordinates":[[-594812.57,-1158371.24,216.07],[-594811.06,-1158367.76,216.14],[-594808.59,-1158362.11,216.13]]}},{"type":"Feature","id":"64002050000006890","properties":{"id":"64002050000006890","dmvs_type":"0100000021","track_ref":"","popis_objektu":"","year_surveyed":"2004","position_accuracy_class":"9","height_accuracy_class":"9","source_file":"VS_CZ064_MOMC_551252_20260731_DI.jvf.zip"},"geometry":{"type":"LineString","coordinates":[[-595504.19,-1159362.99,214.04],[-595485.96,-1159353.08,214.15],[-595471.3,-1159345.19,214.15],[-595467.69,-1159343.15,214.27]]}},{"type":"Feature","id":"64002050000006917","properties":{"id":"64002050000006917","dmvs_type":"0100000021","track_ref":"","popis_objektu":"","year_surveyed":"2014","position_accuracy_class":"9","height_accuracy_class":"9","source_file":"VS_CZ064_MOMC_551252_20260731_DI.jvf.zip"},"geometry":{"type":"LineString","coordinates":[[-594663.06,-1157973.37,219.83],[-594657.07,-1157963.88,220.71],[-594645.29,-1157946.05,220.71],[-594630.71,-1157925.99,220.07],[-594616.97,-1157909.1,220.11],[-594595.37,-1157885.26,220.16],[-594578.71,-1157868.58,220.71],[-594561.77,-1157853.54,220.27],[-594541.18,-1157836.96,220.71],[-594521.66,-1157822.73,220.31],[-594502.37,-1157810.0,220.34],[-594482.32,-1157798.3,220.71],[-594462.65,-1157787.91,220.45],[-594434.26,-1157774.83,220.71],[-594406.62,-1157764.0,220.65],[-594376.4,-1157754.38,220.71],[-594349.91,-1157747.84,220.84],[-594320.55,-1157742.33,220.71],[-594289.54,-1157738.52,221.0],[-594258.18,-1157736.56,220.71],[-594228.36,-1157736.51,221.17],[-594198.19,-1157738.44,220.71],[-594169.9,-1157741.85,221.31],[-594141.72,-1157746.85,220.71],[-594114.58,-1157753.46,221.33],[-594085.12,-1157762.91,220.71],[-594056.15,-1157774.45,221.27],[-594009.32,-1157792.72,221.33],[-593995.66,-1157798.16,221.63]]}},{"type":"Feature","id":"64002050000006931","properties":{"id":"64002050000006931","dmvs_type":"0100000021","track_ref":"","popis_objektu":"","year_surveyed":"9999","position_accuracy_class":"9","height_accuracy_class":"9","source_file":"VS_CZ064_MOMC_551252_20260731_DI.jvf.zip"},"geometry":{"type":"LineString","coordinates":[[-595180.15,-1159005.09,215.06],[-595164.08,-1158978.39,215.11],[-595153.62,-1158956.92,216.07],[-595147.69,-1158944.76,216.07],[-595137.91,-1158924.86,215.25],[-595125.91,-1158898.58,215.33],[-595088.7,-1158817.51,216.07],[-595067.81,-1158771.61,215.84],[-595034.21,-1158698.07,216.01],[-594999.61,-1158622.89,216.07],[-594981.82,-1158584.19,216.07],[-594945.53,-1158504.84,216.48],[-594904.15,-1158414.63,216.79],[-594862.67,-1158324.07,217.26],[-594837.16,-1158268.56,217.6]]}},{"type":"Feature","id":"64002050000006943","properties":{"id":"64002050000006943","dmvs_type":"0100000021","track_ref":"","popis_objektu":"","year_surveyed":"1985","position_accuracy_class":"9","height_accuracy_class":"9","source_file":"VS_CZ064_MOMC_551252_20260731_DI.jvf.zip"},"geometry":{"type":"LineString","coordinates":[[-594671.75,-1158121.9,212.93],[-594670.58,-1158111.44,212.96],[-594670.61,-1158094.83,212.99]]}},{"type":"Feature","id":"64002050000006995","properties":{"id":"64002050000006995","dmvs_type":"0100000021","track_ref":"","popis_objektu":"","year_surveyed":"9999","position_accuracy_class":"9","height_accuracy_class":"9","source_file":"VS_CZ064_MOMC_551252_20260731_DI.jvf.zip"},"geometry":{"type":"LineString","coordinates":[[-594465.02,-1157735.76,215.33],[-594440.08,-1157725.1,215.65],[-594416.69,-1157716.55,215.91],[-594381.76,-1157706.03,216.19],[-594356.66,-1157700.01,216.67],[-594334.29,-1157695.98,216.67],[-594313.44,-1157693.31,216.71],[-594290.2,-1157691.37,216.67],[-594270.1,-1157690.75,217.04],[-594244.71,-1157691.87,216.67],[-594220.29,-1157694.72,217.45],[-594203.67,-1157697.79,216.67],[-594184.18,-1157702.39,216.67],[-594166.99,-1157707.63,217.83],[-594143.98,-1157715.38,217.92]]}},{"type":"Feature","id":"64002050000007053","properties":{"id":"64002050000007053","dmvs_type":"0100000021","track_ref":"","popis_objektu":"","year_surveyed":"9999","position_accuracy_class":"9","height_accuracy_class":"9","source_file":"VS_CZ064_MOMC_551252_20260731_DI.jvf.zip"},"geometry":{"type":"LineString","coordinates":[[-595180.76,-1159046.8,215.04],[-595165.67,-1159027.12,215.11],[-595151.52,-1159007.33,215.16],[-595139.44,-1158988.32,215.24],[-595122.4,-1158957.76,215.31],[-595121.73,-1158956.56,215.32],[-595109.22,-1158930.58,215.39],[-595041.91,-1158783.59,215.81],[-595007.65,-1158708.68,215.97],[-594957.9,-1158600.09,216.2],[-594922.35,-1158522.51,216.36],[-594879.93,-1158429.88,216.62],[-594862.19,-1158391.24,216.72],[-594843.32,-1158348.67,217.05],[-594833.28,-1158323.39,217.21],[-594826.28,-1158304.49,217.41],[-594825.68,-1158303.09,217.45],[-594820.38,-1158288.67,217.45]]}},{"type":"Feature","id":"64002050000007086","properties":{"id":"64002050000007086","dmvs_type":"0100000021","track_ref":"","popis_objektu":"","year_surveyed":"2005","position_accuracy_class":"9","height_accuracy_class":"9","source_file":"VS_CZ064_MOMC_551252_20260731_DI.jvf.zip"},"geometry":{"type":"LineString","coordinates":[[-594682.08,-1158039.6,219.96],[-594676.72,-1158019.41,219.97],[-594667.48,-1158000.79,219.98]]}},{"type":"Feature","id":"64002050000007113","properties":{"id":"64002050000007113","dmvs_type":"0100000021","track_ref":"","popis_objektu":"","year_surveyed":"9999","position_accuracy_class":"9","height_accuracy_class":"9","source_file":"VS_CZ064_MOMC_551252_20260731_DI.jvf.zip"},"geometry":{"type":"LineString","coordinates":[[-595192.82,-1159185.88,214.37],[-595162.69,-1159159.56,214.25],[-595145.04,-1159145.22,214.2],[-595133.57,-1159135.01,214.67],[-595124.88,-1159126.03,214.11],[-595113.98,-1159113.44,214.67],[-595103.72,-1159099.52,213.49],[-595091.62,-1159079.55,214.67],[-595083.09,-1159063.2,214.67],[-595076.38,-1159049.65,213.49],[-595036.13,-1158961.66,213.79],[-594996.08,-1158874.59,214.4],[-594943.74,-1158760.23,214.75],[-594884.2,-1158630.18,215.22],[-594849.28,-1158553.92,215.61],[-594820.55,-1158491.22,215.85],[-594812.01,-1158471.98,214.67],[-594806.78,-1158457.56,215.93],[-594802.22,-1158440.3,214.67],[-594798.18,-1158417.81,215.95]]}},{"type":"Feature","id":"64002050000007161","properties":{"id":"64002050000007161","dmvs_type":"0100000021","track_ref":"","popis_objektu":"","year_surveyed":"1982","position_accuracy_class":"9","height_accuracy_class":"9","source_file":"VS_CZ064_MOMC_551252_20260731_DI.jvf.zip"},"geometry":{"type":"LineString","coordinates":[[-595271.05,-1159173.26,215.01],[-595263.88,-1159162.88,215.04],[-595254.17,-1159151.9,215.07]]}},{"type":"Feature","id":"64002050000007174","properties":{"id":"64002050000007174","dmvs_type":"0100000021","track_ref":"","popis_objektu":"","year_surveyed":"9999","position_accuracy_class":"9","height_accuracy_class":"9","source_file":"VS_CZ064_MOMC_551252_20260731_DI.jvf.zip"},"geometry":{"type":"LineString","coordinates":[[-594775.27,-1158607.46,215.44],[-594770.67,-1158596.9,215.49]]}},{"type":"Feature","id":"64002050000007179","properties":{"id":"64002050000007179","dmvs_type":"0100000021","track_ref":"","popis_objektu":"","year_surveyed":"9999","position_accuracy_class":"9","height_accuracy_class":"9","source_file":"VS_CZ064_MOMC_551252_20260731_DI.jvf.zip"},"geometry":{"type":"LineString","coordinates":[[-594712.8,-1158402.0,217.5],[-594712.27,-1158400.42,217.45],[-594708.45,-1158387.96,218.35],[-594706.1,-1158376.56,217.83],[-594704.09,-1158358.43,218.35],[-594703.25,-1158341.91,218.15],[-594702.76,-1158284.47,218.51],[-594702.78,-1158273.46,218.58],[-594702.9,-1158260.49,218.66],[-594703.07,-1158242.52,218.78],[-594703.19,-1158234.7,218.84],[-594703.3,-1158227.69,218.74],[-594703.41,-1158223.13,218.81]]}},{"type":"Feature","id":"64002050000007304","properties":{"id":"64002050000007304","dmvs_type":"0100000021","track_ref":"","popis_objektu":"","year_surveyed":"2004","position_accuracy_class":"9","height_accuracy_class":"9","source_file":"VS_CZ064_MOMC_551252_20260731_DI.jvf.zip"},"geometry":{"type":"LineString","coordinates":[[-595505.05,-1159361.47,213.98],[-595485.96,-1159353.08,214.12],[-595471.3,-1159345.19,214.12],[-595467.69,-1159343.15,214.27]]}},{"type":"Feature","id":"64002050000007319","properties":{"id":"64002050000007319","dmvs_type":"0100000021","track_ref":"","popis_objektu":"","year_surveyed":"9999","position_accuracy_class":"9","height_accuracy_class":"9","source_file":"VS_CZ064_MOMC_551252_20260731_DI.jvf.zip"},"geometry":{"type":"LineString","coordinates":[[-594701.41,-1158177.36,219.11],[-594701.77,-1158172.71,219.22]]}},{"type":"Feature","id":"64002050000007388","properties":{"id":"64002050000007388","dmvs_type":"0100000021","track_ref":"555","popis_objektu":"kolej č. 555","year_surveyed":"0","position_accuracy_class":"9","height_accuracy_class":"9","source_file":"VS_CZ064_MOMC_551252_20260731_DI.jvf.zip"},"geometry":{"type":"LineString","coordinates":[[-594974.8,-1159159.7,0.0],[-594967.07,-1159149.91,0.0],[-594962.56,-1159144.03,0.0],[-594954.85,-1159134.38,0.0],[-594946.75,-1159125.06,0.0],[-594942.41,-1159120.27,0.0],[-594937.59,-1159114.53,0.0],[-594933.66,-1159109.73,0.0],[-594930.86,-1159106.14,0.0],[-594927.67,-1159101.77,0.0],[-594924.78,-1159097.5,0.0],[-594920.8,-1159091.29,0.0],[-594915.39,-1159082.35,0.0],[-594908.66,-1159068.31,0.0],[-594908.66,-1159068.31,0.0],[-594897.13,-1159049.69,0.0],[-594897.13,-1159049.69,0.0],[-594882.38,-1159021.79,0.0]]}},{"type":"Feature","id":"64002050000007395","properties":{"id":"64002050000007395","dmvs_type":"0100000021","track_ref":"507","popis_objektu":"kolej č. 507","year_surveyed":"0","position_accuracy_class":"9","height_accuracy_class":"9","source_file":"VS_CZ064_MOMC_551252_20260731_DI.jvf.zip"},"geometry":{"type":"LineString","coordinates":[[-594797.65,-1158824.34,0.0],[-594804.39,-1158847.45,0.0],[-594813.6,-1158871.42,0.0],[-594846.98,-1158943.51,0.0],[-594882.38,-1159021.79,0.0]]}},{"type":"Feature","id":"64002050000007397","properties":{"id":"64002050000007397","dmvs_type":"0100000021","track_ref":"535","popis_objektu":"kolej č. 535","year_surveyed":"0","position_accuracy_class":"9","height_accuracy_class":"9","source_file":"VS_CZ064_MOMC_551252_20260731_DI.jvf.zip"},"geometry":{"type":"LineString","coordinates":[[-594817.48,-1159012.52,0.0],[-594792.48,-1158986.97,0.0],[-594755.0,-1158939.07,0.0],[-594706.66,-1158876.04,0.0]]}},{"type":"Feature","id":"64002050000007399","properties":{"id":"64002050000007399","dmvs_type":"0100000021","track_ref":"533","popis_objektu":"kolej č. 533","year_surveyed":"0","position_accuracy_class":"9","height_accuracy_class":"9","source_file":"VS_CZ064_MOMC_551252_20260731_DI.jvf.zip"},"geometry":{"type":"LineString","coordinates":[[-594818.8,-1159007.36,0.0],[-594795.41,-1158976.01,0.0],[-594775.74,-1158944.24,0.0],[-594751.92,-1158905.59,0.0],[-594697.71,-1158817.81,0.0],[-594683.66,-1158797.44,0.0],[-594663.93,-1158772.57,0.0],[-594653.42,-1158758.2,0.0],[-594644.76,-1158744.24,0.0],[-594630.53,-1158716.71,0.0],[-594621.55,-1158696.25,0.0]]}},{"type":"Feature","id":"64002050000007401","properties":{"id":"64002050000007401","dmvs_type":"0100000021","track_ref":"525","popis_objektu":"kolej č. 525","year_surveyed":"0","position_accuracy_class":"9","height_accuracy_class":"9","source_file":"VS_CZ064_MOMC_551252_20260731_DI.jvf.zip"},"geometry":{"type":"LineString","coordinates":[[-594778.73,-1158883.35,0.0],[-594754.58,-1158833.23,0.0],[-594738.36,-1158798.07,0.0]]}},{"type":"Feature","id":"64002050000007402","properties":{"id":"64002050000007402","dmvs_type":"0100000021","track_ref":"524","popis_objektu":"kolej č. 524","year_surveyed":"0","position_accuracy_class":"9","height_accuracy_class":"9","source_file":"VS_CZ064_MOMC_551252_20260731_DI.jvf.zip"},"geometry":{"type":"LineString","coordinates":[[-594786.39,-1158900.14,0.0],[-594778.73,-1158883.35,0.0],[-594778.73,-1158883.35,0.0],[-594774.04,-1158868.12,0.0],[-594754.93,-1158822.59,0.0],[-594743.36,-1158797.77,0.0],[-594706.75,-1158718.7,0.0]]}},{"type":"Feature","id":"64002050000007404","properties":{"id":"64002050000007404","dmvs_type":"0100000021","track_ref":"522","popis_objektu":"kolej č. 522","year_surveyed":"0","position_accuracy_class":"9","height_accuracy_class":"9","source_file":"VS_CZ064_MOMC_551252_20260731_DI.jvf.zip"},"geometry":{"type":"LineString","coordinates":[[-594778.31,-1158843.61,0.0],[-594765.88,-1158809.8,0.0],[-594752.18,-1158779.54,0.0]]}},{"type":"Feature","id":"64002050000007407","properties":{"id":"64002050000007407","dmvs_type":"0100000021","track_ref":"502","popis_objektu":"kolej č. 502","year_surveyed":"0","position_accuracy_class":"9","height_accuracy_class":"9","source_file":"VS_CZ064_MOMC_551252_20260731_DI.jvf.zip"},"geometry":{"type":"LineString","coordinates":[[-594964.56,-1159121.91,0.0],[-594961.19,-1159116.46,0.0],[-594958.2,-1159111.66,0.0],[-594955.38,-1159107.18,0.0],[-594953.54,-1159104.21,0.0],[-594951.14,-1159100.45,0.0],[-594951.14,-1159100.45,0.0],[-594950.66,-1159099.31,0.0],[-594949.47,-1159097.33,0.0],[-594947.25,-1159093.54,0.0],[-594944.83,-1159089.35,0.0],[-594942.58,-1159085.47,0.0],[-594941.53,-1159083.63,0.0],[-594937.68,-1159076.89,0.0],[-594935.45,-1159072.89,0.0],[-594932.92,-1159068.26,0.0],[-594928.44,-1159059.56,0.0],[-594926.43,-1159055.47,0.0],[-594924.96,-1159052.37,0.0],[-594923.26,-1159048.74,0.0],[-594922.99,-1159048.15,0.0],[-594922.75,-1159047.63,0.0],[-594921.23,-1159044.23,0.0],[-594854.22,-1158895.27,0.0],[-594727.67,-1158619.43,0.0],[-594727.67,-1158619.43,0.0],[-594707.94,-1158575.93,0.0]]}},{"type":"Feature","id":"64002050000007413","properties":{"id":"64002050000007413","dmvs_type":"0100000021","track_ref":"513","popis_objektu":"kolej č. 513","year_surveyed":"0","position_accuracy_class":"9","height_accuracy_class":"9","source_file":"VS_CZ064_MOMC_551252_20260731_DI.jvf.zip"},"geometry":{"type":"LineString","coordinates":[[-594702.2,-1158687.61,0.0],[-594676.89,-1158629.35,0.0],[-594667.62,-1158608.33,0.0],[-594664.68,-1158600.73,0.0],[-594659.43,-1158585.25,0.0],[-594656.45,-1158572.9,0.0],[-594653.57,-1158558.84,0.0],[-594651.49,-1158543.37,0.0],[-594650.31,-1158527.56,0.0],[-594648.38,-1158482.98,0.0],[-594648.38,-1158482.98,0.0],[-594647.28,-1158457.53,0.0]]}},{"type":"Feature","id":"64002050000007416","properties":{"id":"64002050000007416","dmvs_type":"0100000021","track_ref":"516","popis_objektu":"kolej č. 516","year_surveyed":"0","position_accuracy_class":"9","height_accuracy_class":"9","source_file":"VS_CZ064_MOMC_551252_20260731_DI.jvf.zip"},"geometry":{"type":"LineString","coordinates":[[-594684.83,-1158695.62,0.0],[-594659.68,-1158638.84,0.0],[-594649.85,-1158613.42,0.0],[-594642.77,-1158590.07,0.0],[-594640.02,-1158577.71,0.0],[-594637.28,-1158553.21,0.0],[-594637.75,-1158526.07,0.0],[-594639.25,-1158510.33,0.0],[-594639.25,-1158510.33,0.0],[-594641.55,-1158480.36,0.0],[-594641.55,-1158480.36,0.0],[-594643.45,-1158454.56,0.0]]}},{"type":"Feature","id":"64002050000007418","properties":{"id":"64002050000007418","dmvs_type":"0100000021","track_ref":"518","popis_objektu":"kolej č. 518","year_surveyed":"0","position_accuracy_class":"9","height_accuracy_class":"9","source_file":"VS_CZ064_MOMC_551252_20260731_DI.jvf.zip"},"geometry":{"type":"LineString","coordinates":[[-594674.09,-1158699.74,0.0],[-594649.17,-1158643.65,0.0],[-594639.34,-1158620.52,0.0],[-594632.71,-1158593.73,0.0],[-594629.74,-1158568.09,0.0],[-594628.82,-1158554.35,0.0],[-594632.32,-1158523.39,0.0],[-594632.32,-1158523.39,0.0],[-594634.34,-1158500.49,0.0],[-594634.34,-1158500.49,0.0],[-594643.45,-1158454.56,0.0],[-594643.45,-1158454.56,0.0],[-594645.65,-1158429.35,0.0]]}},{"type":"Feature","id":"64002050000007421","properties":{"id":"64002050000007421","dmvs_type":"0100000021","track_ref":"532","popis_objektu":"kolej č. 532","year_surveyed":"0","position_accuracy_class":"9","height_accuracy_class":"9","source_file":"VS_CZ064_MOMC_551252_20260731_DI.jvf.zip"},"geometry":{"type":"LineString","coordinates":[[-594775.43,-1158882.8,0.0],[-594766.96,-1158871.65,0.0],[-594756.49,-1158859.68,0.0],[-594742.83,-1158846.14,0.0],[-594742.83,-1158846.14,0.0],[-594721.81,-1158825.51,0.0],[-594707.93,-1158808.37,0.0],[-594707.93,-1158808.37,0.0],[-594697.46,-1158791.23,0.0],[-594690.06,-1158777.26,0.0],[-594650.1,-1158685.18,0.0],[-594644.68,-1158668.62,0.0],[-594632.12,-1158620.81,0.0],[-594632.12,-1158620.81,0.0],[-594626.4,-1158597.04,0.0],[-594624.33,-1158576.34,0.0],[-594624.58,-1158552.8,0.0],[-594628.01,-1158528.73,0.0],[-594634.34,-1158500.49,0.0]]}},{"type":"Feature","id":"64002050000007428","properties":{"id":"64002050000007428","dmvs_type":"0100000021","track_ref":"540","popis_objektu":"kolej č. 540","year_surveyed":"0","position_accuracy_class":"9","height_accuracy_class":"9","source_file":"VS_CZ064_MOMC_551252_20260731_DI.jvf.zip"},"geometry":{"type":"LineString","coordinates":[[-594689.95,-1158493.64,0.0],[-594675.08,-1158414.04,0.0],[-594672.09,-1158387.57,0.0],[-594672.56,-1158368.15,0.0],[-594675.37,-1158333.15,0.0],[-594677.95,-1158292.42,0.0],[-594678.15,-1158281.28,0.0],[-594677.44,-1158270.18,0.0],[-594676.33,-1158259.87,0.0],[-594675.19,-1158249.55,0.0],[-594673.55,-1158232.13,0.0]]}},{"type":"Feature","id":"64002050000007431","properties":{"id":"64002050000007431","dmvs_type":"0100000021","track_ref":"552","popis_objektu":"kolej č. 552","year_surveyed":"0","position_accuracy_class":"9","height_accuracy_class":"9","source_file":"VS_CZ064_MOMC_551252_20260731_DI.jvf.zip"},"geometry":{"type":"LineString","coordinates":[[-594941.89,-1159127.45,0.0],[-594944.19,-1159129.76,0.0],[-594949.11,-1159134.67,0.0],[-594952.3,-1159137.78,0.0],[-594955.54,-1159140.95,0.0],[-594959.84,-1159145.15,0.0],[-594964.9,-1159150.05,0.0],[-594970.19,-1159155.21,0.0],[-594974.8,-1159159.7,0.0],[-594974.8,-1159159.7,0.0],[-594979.13,-1159163.93,0.0],[-594983.72,-1159168.43,0.0],[-594987.63,-1159172.2,0.0],[-594991.41,-1159175.75,0.0],[-594996.32,-1159180.11,0.0],[-595002.29,-1159185.11,0.0],[-595007.51,-1159189.19,0.0],[-595010.72,-1159191.59,0.0],[-595016.58,-1159195.7,0.0],[-595020.06,-1159197.99,0.0],[-595020.72,-1159198.41,0.0],[-595021.27,-1159198.76,0.0],[-595023.06,-1159199.89,0.0],[-595027.46,-1159202.52,0.0],[-595034.33,-1159206.33,0.0],[-595040.81,-1159209.63,0.0],[-595046.78,-1159212.44,0.0],[-595052.21,-1159214.76,0.0],[-595058.84,-1159217.35,0.0],[-595065.7,-1159219.75,0.0],[-595073.21,-1159222.07,0.0],[-595080.81,-1159224.04,0.0],[-595086.62,-1159225.31,0.0],[-595093.59,-1159226.52,0.0],[-595098.88,-1159227.21,0.0],[-595105.56,-1159227.85,0.0],[-595111.94,-1159228.21,0.0],[-595117.8,-1159228.44,0.0],[-595122.71,-1159228.57,0.0]]}},{"type":"Feature","id":"64002050000007433","properties":{"id":"64002050000007433","dmvs_type":"0100000021","track_ref":"554","popis_objektu":"kolej č. 554","year_surveyed":"0","position_accuracy_class":"9","height_accuracy_class":"9","source_file":"VS_CZ064_MOMC_551252_20260731_DI.jvf.zip"},"geometry":{"type":"LineString","coordinates":[[-595028.65,-1159193.81,0.0],[-595017.75,-1159187.45,0.0],[-595010.36,-1159183.14,0.0],[-595004.82,-1159179.74,0.0],[-595001.63,-1159177.56,0.0],[-594998.79,-1159175.45,0.0],[-594994.65,-1159172.22,0.0],[-594990.5,-1159168.63,0.0],[-594986.3,-1159164.69,0.0],[-594981.19,-1159159.26,0.0],[-594975.53,-1159152.46,0.0],[-594971.34,-1159146.67,0.0],[-594967.63,-1159140.8,0.0],[-594951.42,-1159113.55,0.0],[-594946.51,-1159105.67,0.0],[-594941.27,-1159098.01,0.0],[-594926.62,-1159077.53,0.0],[-594917.12,-1159063.16,0.0],[-594908.74,-1159047.86,0.0],[-594902.09,-1159033.22,0.0],[-594898.47,-1159023.77,0.0],[-594895.75,-1159015.75,0.0],[-594889.96,-1158997.63,0.0],[-594882.88,-1158975.35,0.0]]}},{"type":"Feature","id":"64002050000007438","properties":{"id":"64002050000007438","dmvs_type":"0100000021","track_ref":"519","popis_objektu":"kolej č. 519","year_surveyed":"0","position_accuracy_class":"9","height_accuracy_class":"9","source_file":"VS_CZ064_MOMC_551252_20260731_DI.jvf.zip"},"geometry":{"type":"LineString","coordinates":[[-594808.21,-1158904.61,0.0],[-594835.86,-1158969.95,0.0]]}},{"type":"Feature","id":"64002050000007439","properties":{"id":"64002050000007439","dmvs_type":"0100000021","track_ref":"520","popis_objektu":"kolej č. 520","year_surveyed":"0","position_accuracy_class":"9","height_accuracy_class":"9","source_file":"VS_CZ064_MOMC_551252_20260731_DI.jvf.zip"},"geometry":{"type":"LineString","coordinates":[[-594791.47,-1158900.18,0.0],[-594798.34,-1158914.51,0.0],[-594803.49,-1158925.68,0.0],[-594807.99,-1158934.96,0.0],[-594812.49,-1158943.12,0.0],[-594818.01,-1158952.03,0.0],[-594824.31,-1158960.81,0.0],[-594829.33,-1158967.09,0.0],[-594833.08,-1158971.54,0.0]]}},{"type":"Feature","id":"64002050000007440","properties":{"id":"64002050000007440","dmvs_type":"0100000021","track_ref":"490","popis_objektu":"kolej č. 490","year_surveyed":"0","position_accuracy_class":"9","height_accuracy_class":"9","source_file":"VS_CZ064_MOMC_551252_20260731_DI.jvf.zip"},"geometry":{"type":"LineString","coordinates":[[-594820.06,-1158807.87,0.0],[-594814.79,-1158789.73,0.0],[-594807.84,-1158768.32,0.0],[-594807.84,-1158768.32,0.0],[-594801.02,-1158745.57,0.0],[-594796.93,-1158732.01,0.0],[-594794.07,-1158723.76,0.0],[-594773.09,-1158677.08,0.0],[-594739.16,-1158603.93,0.0]]}},{"type":"Feature","id":"64002050000007501","properties":{"id":"64002050000007501","dmvs_type":"0100000021","track_ref":"","popis_objektu":"","year_surveyed":"2022","position_accuracy_class":"5","height_accuracy_class":"9","source_file":"VS_CZ064_MOMC_551252_20260731_DI.jvf.zip"},"geometry":{"type":"LineString","coordinates":[[-595014.19,-1158030.99,0.0],[-594993.42,-1157962.53,0.0]]}},{"type":"Feature","id":"64002050000001660","properties":{"id":"64002050000001660","dmvs_type":"0100000021","track_ref":"","popis_objektu":"","year_surveyed":"1986","position_accuracy_class":"9","height_accuracy_class":"9","source_file":"VS_CZ064_MOMC_551252_20260731_DI.jvf.zip"},"geometry":{"type":"LineString","coordinates":[[-594786.93,-1158197.21,218.28],[-594782.91,-1158184.12,218.39],[-594778.34,-1158171.3,218.5]]}},{"type":"Feature","id":"64002050000002521","properties":{"id":"64002050000002521","dmvs_type":"0100000021","track_ref":"","popis_objektu":"","year_surveyed":"1980","position_accuracy_class":"9","height_accuracy_class":"9","source_file":"VS_CZ064_MOMC_551252_20260731_DI.jvf.zip"},"geometry":{"type":"LineString","coordinates":[[-594808.59,-1158362.11,216.13],[-594803.63,-1158350.41,216.18],[-594798.72,-1158338.8,216.24]]}},{"type":"Feature","id":"64002050000002657","properties":{"id":"64002050000002657","dmvs_type":"0100000021","track_ref":"","popis_objektu":"","year_surveyed":"1983","position_accuracy_class":"9","height_accuracy_class":"9","source_file":"VS_CZ064_MOMC_551252_20260731_DI.jvf.zip"},"geometry":{"type":"LineString","coordinates":[[-595200.94,-1159229.74,214.3],[-595194.93,-1159229.63,214.31],[-595185.31,-1159229.5,214.3],[-595179.3,-1159229.39,214.3]]}},{"type":"Feature","id":"64002050000002863","properties":{"id":"64002050000002863","dmvs_type":"0100000021","track_ref":"","popis_objektu":"","year_surveyed":"1987","position_accuracy_class":"9","height_accuracy_class":"9","source_file":"VS_CZ064_MOMC_551252_20260731_DI.jvf.zip"},"geometry":{"type":"LineString","coordinates":[[-594853.2,-1158398.38,216.6],[-594846.21,-1158387.88,216.6],[-594839.43,-1158377.7,216.6]]}},{"type":"Feature","id":"64002050000002559","properties":{"id":"64002050000002559","dmvs_type":"0100000021","track_ref":"","popis_objektu":"","year_surveyed":"1986","position_accuracy_class":"9","height_accuracy_class":"9","source_file":"VS_CZ064_MOMC_551252_20260731_DI.jvf.zip"},"geometry":{"type":"LineString","coordinates":[[-594778.34,-1158171.3,218.5],[-594771.35,-1158150.75,218.68]]}},{"type":"Feature","id":"64002050000007207","properties":{"id":"64002050000007207","dmvs_type":"0100000021","track_ref":"","popis_objektu":"","year_surveyed":"1997","position_accuracy_class":"9","height_accuracy_class":"9","source_file":"VS_CZ064_MOMC_551252_20260731_DI.jvf.zip"},"geometry":{"type":"LineString","coordinates":[[-594758.11,-1158234.37,218.01],[-594755.14,-1158222.05,218.01],[-594750.59,-1158210.37,218.01]]}}]}
